消費品項,class
【adidas 愛迪達】連帽外套 男,衣/上身類
ADIDAS男連帽上衣,衣/上身類
BUFFALO男短袖,衣/上身類
GERRY男外套,衣/上身類
HURLEY男連帽上衣,衣/上身類
KAWS 印花休閒上衣,衣/上身類
NAUTICA男上衣,衣/上身類
QUEENSHOP S 女裝 長袖 側抽皺鏤空綁帶造型上衣,衣/上身類
QUEENSHOP S 女裝 長袖 單肩鏤空綁帶坑條上衣,衣/上身類
QUEENSHOP S 女裝 長袖 鏤空造型寬版針織排釦上衣,衣/上身類
UT印花T恤,衣/上身類
V領麻花織紋拋袖毛衣,衣/上身類
W AIRism U領T恤,衣/上身類
W AIRism垂墜風T恤,衣/上身類
棉質EXW極暖圓領T恤,衣/上身類
嫘縈條紋開領上衣,衣/上身類
工裝短板布勞森外套,衣/上身類
卡通刷絨衛衣,衣/上身類
印花休閒上衣,衣/上身類
石墨烯美波bra上衣,衣/上身類
男友共穿系列! 街頭風SPTK帽TEE,衣/上身類
男款黑色胸前刺繡Logo撞色拼接衣袖寬鬆棒球夾克外套,衣/上身類
柔軟針織刷毛中高領T恤,衣/上身類
柔軟針織刷毛圓領T恤,衣/上身類
透氣吸濕柔軟滑順祕魯棉冰棉T恤,衣/上身類
短袖T恤,衣/上身類
長袖襯衫,衣/上身類
針織毛衣,衣/上身類
連帽外套,衣/上身類
羽絨外套,衣/上身類
防風外套,衣/上身類
牛仔外套,衣/上身類
皮革外套,衣/上身類
運動上衣,衣/上身類
高領毛衣,衣/上身類
Polo衫,衣/上身類
寬鬆長袖上衣,衣/上身類
運動機能T恤,衣/上身類
壓力運動衣,衣/上身類
防曬外套,衣/上身類
薄款針織開襟衫,衣/上身類
背心式羽絨服,衣/上身類
輕薄防水夾克,衣/上身類
內裡刷毛外套,衣/上身類
牛仔襯衫,衣/上身類
羊絨高領衫,衣/上身類
短版上衣,衣/上身類
透氣運動上衣,衣/上身類
保暖發熱衣,衣/上身類
長袖T恤,衣/上身類
針織外套,衣/上身類
連帽衛衣,衣/上身類
拉鍊外套,衣/上身類
棉質襯衫,衣/上身類
絨毛上衣,衣/上身類
法蘭絨襯衫,衣/上身類
針織開襟衫,衣/上身類
皮革夾克,衣/上身類
防風夾克,衣/上身類
寬鬆毛衣,衣/上身類
輕薄羽絨外套,衣/上身類
連帽長袖外套,衣/上身類
冬季加厚毛衣,衣/上身類
防水防風外套,衣/上身類
雙面穿外套,衣/上身類
軍裝夾克,衣/上身類
立領外套,衣/上身類
休閒夾克,衣/上身類
棉麻襯衫,衣/上身類
燈芯絨襯衫,衣/上身類
毛呢外套,衣/上身類
防曬長袖外套,衣/上身類
絨面夾克,衣/上身類
休閒長袖上衣,衣/上身類
厚絨連帽衣,衣/上身類
針織高領衫,衣/上身類
格子襯衫,衣/上身類
直筒襯衫,衣/上身類
輕便防曬衣,衣/上身類
復古花襯衫,衣/上身類
單排扣毛衣,衣/上身類
長袖運動T恤,衣/上身類
慢跑外套,衣/上身類
輕量羽絨服,衣/上身類
中性款襯衫,衣/上身類
戶外運動夾克,衣/上身類
功能性抓絨衣,衣/上身類
登山外套,衣/上身類
針織連帽衫,衣/上身類
寬鬆休閒外套,衣/上身類
工作服長袖上衣,衣/上身類
騎行防風衣,衣/上身類
修身襯衫,衣/上身類
薄款外套,衣/上身類
涼感透氣運動T恤 男女款,衣/上身類
春秋防風外套,衣/上身類
修身塑身衣,衣/上身類
【LANNI 藍尼】★連帽千鳥格紋毛呢外套,衣/上身類
【ONEY 歐妮】現貨 韓版撞色邊線雙面毛呢風衣外套,衣/上身類
【TOWN’WEAR 棠葳】簡約混色毛呢連帽外套,衣/上身類
【Shiny 藍格子】素色連帽無釦長袖毛呢外套,衣/上身類
【LEVIS 官方旗艦】男款  TYPEIII 丹寧牛仔外套 背部塗鴉  黑色牛仔外套,衣/上身類
【MYVEGA 麥雪爾】MA棉質雙排刻字釦綁帶柔軟風衣外套,衣/上身類
KAWS 休閒長褲,衣/下身類
PUMA男刷毛長褲,衣/下身類
中腰免洗棉褲,衣/下身類
休閒長褲,衣/下身類
冰涼針織簍空包臀裙,衣/下身類
風神紳仕棉褲,衣/下身類
甜辣學院毛呢百褶褲裙,衣/下身類
舒芙蕾-涼感蠶絲貼合褲,衣/下身類
棉質運動褲,衣/下身類
正式西裝褲,衣/下身類
高腰牛仔褲,衣/下身類
七分運動褲,衣/下身類
九分縮口褲,衣/下身類
直筒牛仔褲,衣/下身類
寬鬆運動褲,衣/下身類
防水登山褲,衣/下身類
透氣跑步褲,衣/下身類
騎行緊身褲,衣/下身類
棉質睡褲,衣/下身類
羊毛保暖長褲,衣/下身類
高腰短褲,衣/下身類
西裝裙褲,衣/下身類
彈性縮口褲,衣/下身類
修身小腳褲,衣/下身類
格紋休閒褲,衣/下身類
【初色】赫本風純色簡約鉤花蕾絲鏤空大襬圍中長裙半身裙,衣/下身類
【Amore】日韓氣質垂順A字中長裙,衣/下身類
【初色】休閒素色寬鬆大口袋鬆緊腰裝飾排釦高腰顯瘦中長裙半身裙,衣/下身類
【PUMA官方旗艦】流行系列T7中長裙 女性,衣/下身類
【初色】柔滑法式高腰A字半身裙長裙,衣/下身類
【KeyWear 奇威名品】圖騰細百褶半身長裙,衣/下身類
【Roots】Roots女裝-都會探索系列 環保材質彈性長裙,衣/下身類
【JILLI-KO】後腰鬆緊丹寧顯瘦中長裙垂墜A字 牛仔裙,衣/下身類
【初色】素色寬鬆顯瘦鬆緊高腰大口袋半身A字裙中長裙,衣/下身類
【Amore】初秋百搭輕柔舒適長裙,衣/下身類
【SISTERS】復古刷色顯瘦修身A字牛仔裙 長裙,衣/下身類
【巴黎精品】半身裙長裙,衣/下身類
【SISTERS】很顯瘦的素色後開衩鬆緊腰牛仔長裙,衣/下身類
【OB 嚴選】小腰精棉質落地牛仔長裙,衣/下身類
【Amore】韓版高腰層次感網紗裙,衣/下身類
【SISTERS】很顯瘦百搭的大口袋丹寧寬褲 褲裙 牛仔褲,衣/下身類
【AnZa】格紋毛呢保暖九分寬褲闊腿褲,衣/下身類
【Shiny 藍格子】素色腰鬆緊不規則假兩件褲裙,衣/下身類
【Lydia】現貨 日系學院風側拉鏈高腰百褶裙短褲,衣/下身類
【SISTERS】輕丹寧貓咪口袋牛仔寬褲裙,衣/下身類
【Amore】 韓版親膚多色冰絲短褲,衣/下身類
【AREXSPORT】假兩件 登山壓力褲 假兩件運動褲 女壓力褲 大碼壓力褲 緊身褲 長褲,衣/下身類
【OB 嚴選】涼感彈力鬆緊腰長褲,衣/下身類
【KeyWear 奇威名品】時尚格紋不對襯運動風褲裙,衣/下身類
【ONEY 歐妮】涼爽氣質仙女闊腿褲裙,衣/下身類
【LANNI 藍尼】工裝感休閒舒適褲裙,衣/下身類
【ONEY 歐妮】舒適休閒工裝感褲裙,衣/下身類
【ASister 小姊姊】牛仔裙/長裙☆加大尺碼超顯瘦日系抽繩牛仔開叉A字長裙,衣/下身類
【ASister 小姊姊】牛仔裙☆加大尺碼顯瘦高腰收腹A字牛仔裙/長裙,衣/下身類
【D.studio】韓版高腰側開叉牛仔A字裙,衣/下身類
【Shiny 藍格子】高腰顯瘦包臀開叉擺牛仔中長A字裙,衣/下身類
【5th STREET】女裝刷色牛仔短裙,衣/下身類
【Master Max】後鬆緊腰頭水洗感休閒牛仔長裙,衣/下身類
【Amore】經典氣質修身牛仔開衩長裙,衣/下身類
【初色】復古高腰顯瘦休閒百搭透氣水洗牛仔裙A字裙中長裙半身裙,衣/下身類
【初色】小香風粗花毛呢針織混亮絲高腰顯瘦A字裙短裙中長裙半身裙,衣/下身類
【ADISI】女吸濕速乾修身運動短裙,衣/下身類
【BLUE WAY】女裝 後立體口袋 短裙 裙子,衣/下身類
【Iris Girls 艾莉詩】甜美滿分百褶短裙,衣/下身類
【Le Polka】浪花印花Ａ字短裙-女,衣/下身類
【CHACO】 韓系漸變色亮片星星仙女網紗半身長裙,衣/下身類
【CHACO】優雅立體花朵刺繡網紗半身長裙,衣/下身類
【gozo】壓褶鬆緊造型紗裙,衣/下身類
【IENA】浪漫珠光網紗裙,衣/下身類
【iROO】飄逸網紗長裙,衣/下身類
【初色】現貨 網紗氣質顯瘦高腰百褶A字半身裙,衣/下身類
【buyer 白鵝】夢幻 拼色紗腰鬆緊長裙紗裙,衣/下身類
【CHACO】女高腰優雅立體蝴蝶刺繡網紗半身長裙,衣/下身類
【Chudan 初丹】假兩件拼接長紗裙,衣/下身類
BUFFALO平口褲,衣/內著類
科克蘭平口褲,衣/內著類
風神紳仕免洗平口褲,衣/內著類
QUEENSHOP S 女裝 撞色綁帶設計細肩背心,衣/內著類
W AIRism棉質BRATOP平口背心,衣/內著類
柔軟羅紋坦克背心,衣/內著類
棉質背心,衣/內著類
無袖運動背心,衣/內著類
內搭發熱衣,衣/內著類
內搭背心,衣/內著類
內襯安全褲,衣/內著類
挺胸美BRATOP細肩帶背心,衣/內著類
棉質內衣,衣/內著類
無鋼圈內衣,衣/內著類
運動型內衣,衣/內著類
蕾絲內衣,衣/內著類
壓力內衣,衣/內著類
無縫內褲,衣/內著類
三角內褲,衣/內著類
四角內褲,衣/內著類
低腰內褲,衣/內著類
高腰內褲,衣/內著類
男士平角內褲,衣/內著類
女士安全褲,衣/內著類
發熱內衣,衣/內著類
保暖內衣套裝,衣/內著類
內搭發熱背心,衣/內著類
男士內衣背心,衣/內著類
女士無痕內衣,衣/內著類
吸濕排汗內衣,衣/內著類
全棉內褲,衣/內著類
輕薄內衣,衣/內著類
男士秋衣秋褲,衣/內著類
女士內搭褲,衣/內著類
孕婦內衣褲,衣/內著類
護理內衣,衣/內著類
大碼內衣,衣/內著類
抗菌內衣褲,衣/內著類
冰絲內褲,衣/內著類
兒童內衣套裝,衣/內著類
內衣加厚襯墊,衣/內著類
蕾絲吊帶內衣,衣/內著類
親膚無痕內衣,衣/內著類
純棉背心,衣/內著類
無袖內搭衫,衣/內著類
內衣肩帶,衣/內著類
運動內搭褲,衣/內著類
內搭安全褲,衣/內著類
防曬內搭衣,衣/內著類
彈性內衣褲,衣/內著類
防靜電內衣,衣/內著類
PUMA男短襪,衣/內著類
日拋中筒免洗襪,衣/內著類
半統襪,衣/內著類
白色U領內衣,衣/內著類
休閒襪,衣/內著類
防走光矽膠胸貼,衣/內著類
兩穿式軟鋼圈成套內衣,衣/內著類
活力免洗船型襪,衣/內著類
清秀佳人-三角免洗褲,衣/內著類
精品免洗休閒襪,衣/內著類
襪子,衣/內著類
秋冬毛襪,衣/內著類
隱形襪,衣/內著類
壓力襪,衣/內著類
保暖內衣褲,衣/內著類
內衣,衣/內著類
內褲,衣/內著類
透氣運動內衣,衣/內著類
冰絲無痕內衣套裝,衣/內著類
【SISTERS】雙色拼接內磨毛假兩件短裙內搭褲,衣/內著類
【SISTERS】MIT抗寒保暖內磨毛短裙假兩件內搭褲,衣/內著類
【OB 嚴選】假兩件式交叉層次裙襬包臀短裙內搭褲,衣/內著類
保暖褲襪,衣/內著類
琨蒂絲美腿魅惑小網彈性褲襪,衣/內著類
時尚壓力褲襪 彈性塑腿襪,衣/內著類
【adidas 愛迪達】慢跑鞋 運動鞋,衣/其它
【UNDER ARMOUR】 UA 男女款 慢跑鞋 運動鞋,衣/其它
CROCODILE都會迷彩前開式雨衣,衣/其它
丁晴橡膠手套,衣/其它
成人PE輕巧雨衣,衣/其它
花花削肩美胸比基尼,衣/其它
帶胸墊睡衣 睡衣女夏季 短袖薄款 春夏天 純棉睡衣 女士睡衣,衣/其它
悠活緩壓室外拖鞋,衣/其它
萬聖變裝,衣/其它
運動休閒裝,衣/其它
新式運動鞋,衣/其它
睡衣女夏季 短袖短裤睡衣 带胸垫,衣/其它
顯瘦增高時尚跟鞋 低跟包鞋 微方頭平底休閒鞋 禮鞋,衣/其它
睡衣套裝,衣/其它
防曬手套,衣/其它
防水鞋套,衣/其它
皮革手套,衣/其它
腳底隱形鞋墊,衣/其它
棉質睡帽,衣/其它
運動護腕,衣/其它
女包 側背包 半月包,衣/其它
【NIKE 耐吉】輕量慢跑鞋 男女款運動鞋,衣/其它
【PUMA 彪馬】全地形越野跑鞋 登山鞋,衣/其它
GORE-TEX防水透氣外套 男款風雨衣,衣/其它
花色刺繡防曬遮陽帽 寬邊帽,衣/其它
成人一次性防護雨衣 輕便攜帶,衣/其它
高筒保暖雪靴,衣/其它
高彈性運動護膝 保護裝備,衣/其它
冬季加絨觸屏手套,衣/其它
兒童卡通圖案雨靴 防水鞋,衣/其它
夏日防曬袖套,衣/其它
休閒百搭小白鞋 透氣帆布鞋,衣/其它
居家棉質睡衣套裝 長袖長褲,衣/其它
多功能運動腰包 戶外跑步用,衣/其它
日系花邊睡帽 棉質柔軟舒適,衣/其它
經典款翻毛皮樂福鞋,衣/其它
花色泳衣女 神秘印花比基尼,衣/其它
針織圍巾,衣/其它
時尚百搭皮帶 真皮腰帶,衣/其它
耐用橡膠手套 廚房清潔專用,衣/其它
軟底室內拖鞋 防滑居家鞋,衣/其它
訓練用運動護腕 透氣吸汗,衣/其它
時尚潮流背包 多功能雙肩包,衣/其它
防滑鞋墊 透氣吸濕鞋墊,衣/其它
【土豆星球】牛頭牌台灣鞋／土豆系列商品：土豆二代,衣/其它
【土豆星球】牛頭牌台灣鞋／土豆系列商品：土豆廚師鞋,衣/其它
【NEW BALANCE】NB 運動鞋/復古鞋_男鞋/女鞋_574/237/373/480/500系列,衣/其它
【NEW BALANCE】NB 327/530 復古鞋/運動鞋_女鞋/男鞋,衣/其它
【NEW BALANCE】NB 運動鞋/復古鞋_女鞋,衣/其它
【adidas 愛迪達】BARREDA 休閒鞋 運動休閒鞋 男鞋/女鞋,衣/其它
【adidas 愛迪達】X_PLR PATH & RUN FALCON 跑鞋 慢跑鞋 運動鞋 男鞋/女鞋,衣/其它
【NEW BALANCE】NB 童鞋_男童/女童_574系列,衣/其它
【MIZUNO 美津濃】WAVE SKY 8 男女款慢跑鞋,衣/其它
【SKECHERS】男女款 避震緩衝輕量慢跑鞋 休閒運動鞋,衣/其它
【MIZUNO 美津濃】SKY BLASTER 4 羽球鞋,衣/其它
【NIKE 耐吉】慢跑鞋 男鞋 運動鞋 緩震 REVOLUTION 7 ,衣/其它
【adidas 愛迪達】T-TOE系列運動休閒鞋*精選6款,衣/其它
【NIKE 耐吉】Nike Air Force 1 LE GS 全白 小白鞋 AF1 女鞋 大童 休閒鞋,衣/其它
【adidas 愛迪達】ADIZERO BOSTON 12 跑鞋,衣/其它
【NIKE 耐吉】童鞋 運動鞋 休閒鞋 慢跑鞋 男 女 大童 中童 小童 黑白粉藍 魔鬼氈 ,衣/其它
【On昂跑 官方直營】路跑鞋 Cloudmonster ,衣/其它
【adidas 愛迪達】Samba OG 男女 運動休閒鞋 德訓鞋 復古 三葉草 膠底 穿搭 白 深藍,衣/其它
韓國直送FLOZU微增高牛皮樂福鞋,衣/其它
【NEW BALANCE】NB 運動鞋/復古鞋_男鞋/女鞋,衣/其它
【NIKE 耐吉】慢跑鞋 運動鞋_男女 JOURNEY RUN INTERACT ,衣/其它
【T2R】正韓-隱形增高真皮 網布 休閒鞋-多任選,衣/其它
【NIKE 耐吉】運動鞋 休閒鞋 慢跑鞋 NIKE ZOOM VOMERO 5 男鞋 女鞋 白 灰 黑 復古 ,衣/其它
【adidas 愛迪達】GAZELLE INDOOR 運動休閒鞋,衣/其它
【NEW BALANCE】237 女鞋 白亞麻色 麂皮 拼接 緩衝 情侶鞋 休閒鞋,衣/其它
【LE COQ SPORTIF 公雞】GIEN運動慢跑鞋 休閒鞋 男鞋 女鞋,衣/其它
【NIKE 耐吉】童鞋 運動鞋 休閒鞋 學步鞋 毛毛蟲鞋 男鞋 女鞋 嬰幼童 小童 ,衣/其它
【LE COQ SPORTIF 公雞】CANNES 抗菌防臭鞋墊 運動鞋 休閒鞋 男鞋/女鞋,衣/其它
【NEW BALANCE】NB 373系列復古鞋/運動鞋_男鞋/女鞋,衣/其它
【NIKE 耐吉】AIR FORCE 1 07 運動鞋 休閒鞋 男鞋 女鞋 白FORCE,衣/其它
【NIKE 耐吉】慢跑鞋 女鞋 運動鞋 緩震 W REVOLUTION 7,衣/其它
【adidas 愛迪達】VL COURT BOLD 休閒鞋 運動休閒鞋 女鞋,衣/其它
【NEW BALANCE】NB 童鞋 996 574 327 300運動鞋 小童鞋,衣/其它
【PROJEXT】防潑水皮革德訓鞋 復古休閒鞋 抗臭鞋 小白鞋 男女鞋,衣/其它
【NEW BALANCE】NB 574復古鞋_中性_奶杏色,衣/其它
【Keds】JUMP KICK DUO 運動時尚金眼釦皮革厚底休閒鞋-香檳色,衣/其它
【Timberland 官方旗艦】特談-男鞋 女鞋 低筒鞋/高筒鞋/休閒鞋,衣/其它
【adidas 愛迪達】SAMBA OG 運動休閒鞋 德訓鞋 滑板 復古 女鞋 - Originals JR0035,衣/其它
【NIKE 耐吉】黑魂 黑武士 休閒鞋 運動鞋 NIKE ZOOM VOMERO 5 男女,衣/其它
【NIKE 耐吉】運動鞋 休閒鞋 女鞋 男鞋 WMNS AIR FORCE 1 07 全黑 AF1,衣/其它
【adidas 愛迪達】TAEKWONDO MEI 運動休閒鞋 跆拳道鞋  女鞋 - Originals JS0297,衣/其它
【MLB】老爹鞋 學長鞋 Chunky Liner系列 洋基/紅襪隊,衣/其它
【NIKE 耐吉】TC 7900 仙女鞋 運動 女鞋 休閒鞋 增高 老爹鞋 奶油白,衣/其它
【SKECHERS】男女款 避震緩衝輕量運動鞋,衣/其它
【NEW BALANCE】NB 574系列復古鞋/運動鞋_男鞋/女鞋,衣/其它
【NIKE 耐吉】運動鞋 休閒鞋 GAMMA FORCE 女鞋 平替版AF1 厚底 增高 黑白藍 ,衣/其它
【Palladium】PAMPA HI ZIP ORGANIC拉鍊有機棉靴/休閒鞋-男鞋/女鞋,衣/其它
【NEW BALANCE】NB 327 運動鞋 復古鞋 休閒鞋 男鞋 女鞋,衣/其它
【salomon官方直營】X ULTRA 360 EDGE Goretex 低筒登山鞋 ,衣/其它
【adidas 愛迪達】慢跑鞋 運動鞋 緩震 GALAXY 6 W 男女,衣/其它
【UGG】女鞋/雪靴/涼鞋/運動鞋,衣/其它
【NIKE 耐吉】運動鞋 慢跑鞋 休閒鞋 女鞋 男鞋 NIKE V2K RUN Y2K 白灰藍銀 ,衣/其它
【NIKE 耐吉】休閒鞋 潮流 百搭 男女 中性 P-6000 ,衣/其它
【FILA】男/女 慢跑鞋 運動鞋 復古鞋 小白鞋,衣/其它
【MLB】老爹鞋 Curve Runner系列 道奇/洋基隊,衣/其它
【SKECHERS】男女款 避震緩衝輕量 休閒鞋 運動鞋,衣/其它
【NIKE 耐吉】】休閒鞋 運動鞋 NIKE DUNK LOW 女鞋 黑白黃藍米紫 熊貓 魚骨灰 ,衣/其它
【NIKE 耐吉】籃球鞋 Nike Sabrina 2 EP 女鞋 男鞋 緩震 實戰 低筒 白色 銀色,衣/其它
【NIKE 耐吉】運動鞋 女鞋 男鞋 休閒鞋 增高 老爹鞋 TC 7900 奶油白,衣/其它
【Ustini】我挺你健康鞋  蹦蹦接地鞋男女版 排靜電X免綁鞋帶X,衣/其它
【FILA】男/女 慢跑鞋 運動鞋 復古運動鞋,衣/其它
【Keds】品牌特選時尚皮革休閒鞋系列,衣/其它
【NIKE 耐吉】運動鞋 慢跑鞋 休閒鞋 V5 W NIKE ZOOM VOMERO 5 女鞋 男鞋 白灰黑藍咖 ,衣/其它
【Keds】品牌特選經典休閒鞋系列,衣/其它
【adidas 愛迪達】SAMBA OG 運動休閒鞋,衣/其它
【EPT】Ept Court 復古鞋 黑白焦糖底,衣/其它
【LA NEW】輕便神鞋/休閒/運動/慢跑鞋/MIT真皮雙帶拖鞋/可調側釦/親膚透氣,衣/其它
【adidas 愛迪達】ADIZERO ADIOS PRO 4 跑鞋,衣/其它
【MLB】厚底老爹鞋 增高鞋 Big Ball Chunky系列 道奇/洋基隊,衣/其它
【Ustini】我挺你健康鞋-豹豹極地男女版）排靜電X太極底慢跑,衣/其它
【UNDER ARMOUR】UA官方直營 Charged系列 慢跑鞋 運動鞋 男鞋 女鞋,衣/其它
【ecco】北歐精選舒適真皮男女休閒鞋/運動鞋,衣/其它
【TAS 極限運動】中筒韓版雪地靴,衣/其它
【adidas 愛迪達】運動鞋 慢跑鞋 休閒鞋 男鞋 女鞋 SAMBA OG,衣/其它
【NEW BALANCE】NB 復古休閒鞋_男鞋/女鞋,衣/其它
【LA NEW】GORE-TEX INVISIBLE FIT 隱形防水運動鞋/真皮質感男休閒鞋,衣/其它
【adidas 愛迪達】休閒鞋 運動鞋 經典 復古 SAMBA OG W 男女,衣/其它
【EPT】Ept Santos 復古鞋 麂皮灰焦糖底,衣/其它
【On昂跑 官方直營】休閒鞋 Cloud 6 ,衣/其它
【NIKE 耐吉】W Nike Air Force 1 Low 液態溶解黑勾,衣/其它
【MLB】MONOGRAM 老爹鞋 學長鞋 Chunky Liner系列 紐約洋基隊,衣/其它
【adidas 愛迪達】STADT 休閒鞋 運動休閒鞋 男鞋/女鞋,衣/其它
【adidas 愛迪達】DAILY 休閒鞋 運動休閒鞋 男鞋/女鞋,衣/其它
【AS 集團】復古新經典LOGO全真皮樂福厚底鞋,衣/其它
【adidas 愛迪達】D-PAD 休閒鞋 運動休閒鞋 男鞋/女鞋,衣/其它
【adidas 愛迪達】DURAMO 跑鞋 慢跑鞋 運動鞋 男鞋/女鞋,衣/其它
【adidas 愛迪達】GRAND COURT & BREAKNET 休閒鞋 運動休閒鞋 男鞋/女鞋,衣/其它
【adidas 愛迪達】SAMBA OG 休閒鞋 運動休閒鞋 德訓鞋 滑板 復古 男鞋/女鞋 - Originals B75806,衣/其它
【J&H collection】經典推薦外出老爹鞋 休閒鞋 運動鞋款組合,衣/其它
【salomon官方直營】XA PRO 3D V9 Goretex 健野鞋 ,衣/其它
【Keds】KICKBACK 舒適免綁帶皮革休閒小白鞋-白,衣/其它
【PUMA】Palermo Lth 德訓鞋 男鞋 女鞋 運動 復古 膠底 休閒鞋 ROSE著用款,衣/其它
【NIKE 耐吉】休閒鞋 運動鞋 NIKE P-6000 男女,衣/其它
【On昂跑 官方直營】路跑鞋 Cloudsurfer 2 ,衣/其它
【NIKE 耐吉】運動鞋 休閒鞋 AIR FORCE 1 07 男鞋 女鞋 黑白藍綠 熊貓 膠底 AF1 ,衣/其它
【NIKE 耐吉】運動鞋 休閒鞋 COURT VISION LEGACY 女鞋 男鞋 小白鞋 黑白灰粉 奶茶 熊貓 ,衣/其它
【K-SWISS】時尚運動鞋 小白鞋 Court Shield-男女,衣/其它
【SCANDINAVIAN FOREST 北歐小刺蝟】CUTIE515 / CUTIE516 / 608老爹鞋 / 挪威森林中筒靴,衣/其它
【NIKE 耐吉】運動鞋 休閒鞋 慢跑鞋 NIKE P-6000 DUNK 男鞋 女 灰銀黑白黃綠 復古 ,衣/其它
【CONVERSE品牌旗艦店】CTAS MOVE 女鞋 低筒 高筒 厚底 帆布鞋 休閒鞋,衣/其它
【adidas 愛迪達】STAN SMITH 休閒鞋 運動休閒鞋 小白鞋 男/女 - Originals,衣/其它
【adidas 愛迪達】NY 90 休閒鞋 運動休閒鞋 男鞋/女鞋,衣/其它
【NIKE 耐吉】Wmns Air Force 1 Mini Gold 休閒鞋 女 米白 小金勾 炫雅款,衣/其它
【ecco】丹麥真皮簡約男女休閒鞋/運動鞋,衣/其它
【On昂跑 官方直營】休閒鞋 Cloudtilt ,衣/其它
【NCAA】拖鞋 洞洞鞋 男鞋 女鞋 雲朵鞋 水鞋,衣/其它
【NEW BALANCE】NB 530 運動鞋 復古鞋 情侶款 IU同款 男鞋 女鞋,衣/其它
【adidas 愛迪達】VL COURT 休閒鞋 運動休閒鞋 男鞋/女鞋,衣/其它
【NIKE 耐吉】運動鞋 休閒鞋 慢跑鞋 COURT BOROUGH LOW RECRAFT 女鞋 大童鞋 ,衣/其它
【On昂跑 官方直營】路跑鞋 Cloudmonster 2 ,衣/其它
【CONVERSE】RUN STAR TRAINER OX 低筒 流星復古運動鞋 休閒鞋 男鞋 女鞋  多色,衣/其它
【MLB】老爹鞋 學長鞋Chunky Liner 休閒鞋 小白鞋,衣/其它
【adidas 愛迪達】SAMBA OG 休閒鞋 運動休閒鞋 德訓鞋 滑板 復古 童鞋- Originals IE3677,衣/其它
【UNDER ARMOUR】UA官方直營 慢跑鞋 運動鞋 Charged/ Phade 男鞋 女鞋,衣/其它
【NIKE 耐吉】運動鞋 休閒鞋 板鞋 COURT VISION 男鞋 女鞋 黑白藍 熊貓 小麥色 ,衣/其它
【adidas 愛迪達】SAMBA OG 經典鞋,衣/其它
【DIADORA】女鞋 男鞋 運動鞋 跑步鞋 輕量慢跑鞋 健走鞋,衣/其它
【NEW BALANCE】NB 童鞋 運動鞋 休閒鞋 慢跑鞋 魔鬼氈 574 996 373 中童 大童 多色,衣/其它
【adidas 愛迪達】RACER TR23 跑鞋 慢跑鞋 運動鞋 男鞋/女鞋,衣/其它
【HUNTER】英倫風情 大衣 Hunter 雨鞋界LV  雨衣 防風外套 女外套 男女皆可 收腰 長版 外套,衣/其它
羊毛大衣,衣/長衣類
鋪棉大衣,衣/長衣類
牛角扣大衣,衣/長衣類
長版針織毛衣,衣/長衣類
連帽長版衛衣,衣/長衣類
襯衫式長版外套,衣/長衣類
連身洋裝,衣/長衣類
雙排扣長版風衣,衣/長衣類
輕羽絨長版外套,衣/長衣類
長版羽絨服,衣/長衣類
長版羊毛大衣,衣/長衣類
寬鬆長版針織衫,衣/長衣類
襯衫式連身裙,衣/長衣類
連帽長版抓絨外套,衣/長衣類
長版防風防水夾克,衣/長衣類
毛絨長版外套,衣/長衣類
長版西裝外套,衣/長衣類
長款牛仔外套,衣/長衣類
長版法蘭絨外套,衣/長衣類
長版連帽斗篷,衣/長衣類
長版針織連衣裙,衣/長衣類
寬鬆長版連帽毛衣,衣/長衣類
及膝長版棉服,衣/長衣類
寬鬆長版襯衫裙,衣/長衣類
長版防曬外套,衣/長衣類
長版衝鋒衣,衣/長衣類
長版無袖連衣裙,衣/長衣類
長版雙面穿大衣,衣/長衣類
寬鬆長版工裝外套,衣/長衣類
長版羊絨外套,衣/長衣類
長版仿皮草大衣,衣/長衣類
長款襯衫式外套,衣/長衣類
長版運動風連帽外套,衣/長衣類
連帽長版羽絨馬甲,衣/長衣類
長版休閒運動裙,衣/長衣類
連身長裙,衣/長衣類
寬鬆長版防風衣,衣/長衣類
長版背心連衣裙,衣/長衣類
長版針織開衫,衣/長衣類
長版長袖襯衫裙,衣/長衣類
長版工裝夾克,衣/長衣類
長版休閒風衣外套,衣/長衣類
【Hilltop 山頂鳥】女款GORE-TEX防水透氣保暖科技棉羽絨長大衣,衣/長衣類
【初色】翻領素色百搭保暖寬鬆顯瘦落肩袖毛呢大衣外套-灰色,衣/長衣類
【SAMLIX山力士】JIS90%女防潑水保暖羽絨大衣外套,衣/長衣類
【ALLSAINTS】SIDNEY 羊毛混紡單排扣中長版羊毛大衣,衣/長衣類
【創翊韓都】正韓毛呢外套 雙排釦羊毛呢短版大衣,衣/長衣類
【MASTINA】一片式繭型毛呢大衣長袖外套,衣/長衣類
【綻放】簡約純色翻領單排扣修身顯瘦中長款休閒毛呢大衣外套,衣/長衣類
【KERAIA 克萊亞】迷人的午夜荷葉領長大衣,衣/長衣類
【米蘭精品】100%羊毛大衣毛呢外套,衣/長衣類
【巴黎精品】羊毛大衣毛呢外套,衣/長衣類
【La Morongo 樂木嚴選】春秋職場女氣質雙排扣收腰修身風衣外套連身裙 寶藍色,衣/長衣類
【米蘭精品】毛呢外套連帽大衣,衣/長衣類
【SST&C】灰色翻領腰帶毛呢大衣,衣/長衣類
【艾美時尚】中大尺碼女裝 小香風外套 大衣 名媛風編織菱格薄款中長休閒外套,衣/長衣類
【FOX FRIEND 狐友】GORE-TEX兩件式長版時尚風衣,衣/長衣類
【ALLSAINTS】MABEL 俐落舒適長版羊毛大衣,衣/長衣類
【gozo】QQ毛拼接菱格配色鋪棉大衣,衣/長衣類
【JORDON 橋登】輕量保暖羽絨連帽長大衣,衣/長衣類
【Arcteryx 始祖鳥官方直營】女 Beta 防水大衣,衣/長衣類
【Hilltop 山頂鳥】女款超撥水蓄熱羽絨連帽長大衣,衣/長衣類
【KeyWear 奇威名品】優雅氣質翻領長大衣,衣/長衣類
【betty’s 貝蒂思】毛呢牛角釦長版大衣,衣/長衣類
【巴黎精品】毛呢外套短款大衣,衣/長衣類
【艾美時尚】現貨 中大尺碼女裝 毛呢外套 日韓簡約赫本風長版毛呢大衣,衣/長衣類
【巴黎精品】真 100%羊毛大衣 毛呢外套,衣/長衣類
【Hilltop 山頂鳥】超潑水無縫石墨烯保暖蓄熱羽絨長大衣外套 女款 粉紫,衣/長衣類
【LANNI 藍尼】★出眾氣質時髦大衣 ,衣/長衣類
【betty’s 貝蒂思】雙盤釦長版大衣外套,衣/長衣類
【AVVJOY 艾薇卓爾】連帽中長款大衣,衣/長衣類
【初色】韓系百搭毛呢大衣休閒風衣外套,衣/長衣類
【Hilltop 山頂鳥】超潑水石墨烯保暖蓄熱羽絨可拆袖短大衣外套 可銜接GT外件 女款 銀灰,衣/長衣類
【LEVIS】女款 立領收腰短大衣 / 多口袋 人氣新品 001FW-0001,衣/長衣類
【初色】赫本風簡約純色毛呢翻領娃娃領排扣長袖直筒寬鬆長袖大衣外套女上衣,衣/長衣類
【巴黎精品】毛呢大衣羊毛外套,衣/長衣類
【EPISODE】氣質百搭皮釦設計小立領綁帶羊毛大衣外套,衣/長衣類
【巴黎精品】風衣外套休閒大衣,衣/長衣類
【初色】翻領千鳥格紋英倫風休閒西裝毛呢大衣外套-卡其色,衣/長衣類
【Hilltop 山頂鳥】超潑水石墨烯保暖蓄熱羽絨短大衣外套 可銜接GORE-TEX外件 女款 藍,衣/長衣類
【MsMore】毛呢大衣短款西裝領赫本風小個子毛呢外套百搭氣質長袖,衣/長衣類
【米蘭精品】風衣外套休閒大衣,衣/長衣類
【ONEY 歐妮】★格紋毛呢連帽千鳥大衣外套,衣/長衣類
【Hilltop 山頂鳥】羽絨短大衣 女款 藍,衣/長衣類
【KERAIA 克萊亞】雪域幻境毛料翻領鋪棉大衣,衣/長衣類
【WEISHTON】男士休閒西裝外套 韓版修身 獵裝 微正式 Blade 小西服,衣/長衣類
【艾美時尚】中大尺碼女裝 毛呢 外套 歐美時尚排釦顯瘦毛呢大衣,衣/長衣類
【艾美時尚】現貨 中大尺碼女裝 針織大衣 韓版中長款毛呢針織斗篷外套,衣/長衣類
【初色】小香風顯瘦圓領長袖口袋粗花呢短款大衣外套-棕藍色,衣/長衣類
【A3】英倫毛呢斗篷式外套大衣,衣/長衣類
【初色】日系口袋燈籠袖長袖大衣外套女外套-灰色,衣/長衣類
【HANA DOGE ハナ・ドーゲ】慵懶風溫柔感軟糯寬鬆百搭開襟毛衣長款大衣,衣/長衣類
【初色】純色雙面短款牛角扣大口袋襯衫領長袖羊毛呢子大衣外套女外套-棕色,衣/長衣類
【MYSHEROS 蜜雪兒】羊毛毛呢長版大衣 高雅格紋翻領排釦,衣/長衣類
【米蘭精品】毛呢外套短款大衣,衣/長衣類
【H2O】日本羊毛大衣料狐狸毛雙排釦短版大衣,衣/長衣類
【艾美時尚】冬新品 中大尺碼女裝 毛呢 外套 日韓設計大口袋顯瘦毛呢大衣,衣/長衣類
【EPISODE】優雅大翻領插肩綁帶羊毛大衣外套,衣/長衣類
【IGD 英格麗】速達-網路獨賣款-個性格紋大衣,衣/長衣類
【SST&C】米色連帽長版輕毛呢大衣,衣/長衣類
【Hilltop 山頂鳥】超潑水無縫石墨烯保暖蓄熱羽絨長大衣外套 女款 黑,衣/長衣類
【巴黎精品】100%羊毛大衣毛呢外套,衣/長衣類
【巴黎精品】毛呢外套長款大衣,衣/長衣類
【巴黎精品】風衣外套防風大衣,衣/長衣類
【Hilltop 山頂鳥】GORE-TEX施華洛世奇水鑽防水透氣防風短大衣外套 可銜接內件 女款 桃紅,衣/長衣類
【艾美時尚】中大尺碼女裝 外套 時尚千鳥格紋連帽外套大衣,衣/長衣類
【ASister 小姊姊】現貨在庫★秋冬毛呢外套☆*單排釦琥珀釦*西裝大衣/毛呢外套,衣/長衣類
【Columbia 哥倫比亞】鋁點 雪衣 機能 防水 三合一 厚外套 出國外套 帽可拆 大衣 哥倫比亞 大尺碼,衣/長衣類
【艾美時尚】新品 中大尺碼女裝 大衣 時髦小香風仿羊羔毛拼接寬鬆保暖外套,衣/長衣類
【初色】小香風寬鬆防風千鳥格紋單排釦長袖中長款毛呢大衣羽絨棉連帽外套女外套,衣/長衣類
【AKARA】**現貨*直接穿棉被出門抗溫差超長版羽絨棉大衣外套,衣/長衣類
【Hilltop 山頂鳥】羽絨短大衣 （可銜接GORE-TEX外件） 女款 墨灰,衣/長衣類
【初色】素色翻領長袖小香風保暖毛呢中長款大衣外套西裝外套,衣/長衣類
【SuperWands】頂規絨毛感斗篷大衣,衣/長衣類
【初色】寬鬆純色西裝領長袖中長款毛呢大衣女外套,衣/長衣類
【初色】氣質小香風圓領排扣毛呢大衣外套-白色,衣/長衣類
【MON’S】精品蓄暖二穿防風長版大衣外套,衣/長衣類
【D.studio】韓版牛角扣大衣,衣/長衣類
【初色】韓版都市風純色寬鬆假兩件雙排釦口袋西裝領連帽大衣外套女外套,衣/長衣類
【初色】小香風保暖純色格紋長袖棒球連帽毛呢大衣休閒外套女外套,衣/長衣類
【艾美時尚】中大尺碼女裝 毛呢 日韓修身顯瘦折袖毛呢大衣外套,衣/長衣類
【Chudan 初丹】立體剪裁墨綠色設計款大衣,衣/長衣類
【初色】小香風千鳥格紋拼接雙排扣連帽中長款顯瘦毛呢大衣休閒外套-黑色,衣/長衣類
【初色】小香風毛呢大衣外套女外套,衣/長衣類
【初色】通勤風簡約素色雙面毛呢娃娃領單排釦金釦短款大衣外套女外套,衣/長衣類
【初色】翻領百搭毛呢休閒大衣外套-駝色,衣/長衣類
【MUJI 無印良品】女撥水加工附帽大衣,衣/長衣類
【初色】百搭長袖西裝領翻領中長款毛呢大衣休閒外套,衣/長衣類
【Shiny 藍格子】簡約翻領毛呢長袖中長版大衣外套 ,衣/長衣類
【ILEY 伊蕾】輕奢優雅紫毛呢大口袋西裝大衣,衣/長衣類
【初色】休閒純色短款毛呢牛角扣連帽大衣外套女外套,衣/長衣類
【Amay Style 艾美時尚】中大尺碼女裝 大衣外套 日韓系時髦西裝領休閒短版風衣外套,衣/長衣類
【初色】休閒格紋翻領可拆式連帽帶口袋長袖短款大衣毛呢外套-棕色,衣/長衣類
【MYVEGA 麥雪爾】MA羊毛拉克蘭袖單釦短版大衣外套-卡其,衣/長衣類
【艾美時尚】中大尺碼女裝 毛呢 外套 歐美風雙排釦修身毛呢大衣,衣/長衣類
【MYVEGA 麥雪爾】MA羊毛蘇格蘭紋長版連帽大衣外套-橘紅,衣/長衣類
【AKARA】歐式不規則質感秋冬披風斗篷大衣外套,衣/長衣類
【艾美時尚】現貨 中大尺碼女裝 風衣外套 顯瘦 薄大衣 設計感修身收腰中長版風衣,衣/長衣類
【艾美時尚】中大尺碼女裝 外套 風衣 時尚修身顯瘦排扣大衣,衣/長衣類
【初色】寬鬆顯瘦西裝領雙排釦大口袋插肩袖長袖風衣中長款雙面毛呢大衣外套-灰咖色,衣/長衣類
【KeyWear 奇威名品】羊絨混紡法式中長大衣,衣/長衣類
【初色】寬鬆格紋圓領五分袖長袖單排釦斗篷式毛呢大衣中長款外套休閒外套-灰色,衣/長衣類
【艾美時尚】中大尺碼女裝 毛呢外套 修身顯瘦中長版毛呢大衣,衣/長衣類
【KeyWear 奇威名品】異材質拼接長大衣,衣/長衣類
【初色】純色雙口袋保暖連帽毛呢大衣外套女外套-駝色,衣/長衣類
【KeyWear 奇威名品】丹寧雙排釦長版大衣,衣/長衣類
【初色】現貨 格紋流蘇拼接雙排釦毛呢大衣外套-褐色,衣/長衣類
【ILEY 伊蕾】格紋毛呢QQ毛領大衣外套,衣/長衣類
【Iris Girls 艾莉詩】慢旅行牛角釦短大衣-夜藍色,衣/長衣類
【FIORE 花蕾】時尚西裝型休閒羊毛大衣,衣/長衣類
溫柔感時尚歐美風高質感綿羊毛中長版毛尼大衣外套,衣/長衣類
【初色】小香風韓系休閒純色百搭娃娃領長袖中長款風衣大衣外套女外套,衣/長衣類
【KeyWear 奇威名品】100%羊毛純手工長袖大衣,衣/長衣類
【艾美時尚】冬新品 中大尺碼女裝 毛呢 斗篷 千鳥格紋七分袖毛呢大衣外套,衣/長衣類
【初色】韓版人字紋毛呢中長款寬鬆西裝領雙排釦長袖大衣外套女外套,衣/長衣類
【初色】小翻領輕奢純色寬鬆短款單排釦雙口袋長袖毛呢大衣外套女外套-駝色,衣/長衣類
【MYVEGA 麥雪爾】羊毛格紋長版大衣-深藍,衣/長衣類
【MUJI 無印良品】MUJI Labo女高密度棉單排扣大衣,衣/長衣類
【MYVEGA 麥雪爾】立體剪裁金屬排釦毛呢大衣外套-柑,衣/長衣類
【艾美時尚】中大尺碼女裝 外套 經典格紋混織單扣毛呢大衣中大尺碼,衣/長衣類
【LANNI 藍尼】★百搭氣質襯衫領大衣外套,衣/長衣類
【Pure 衣櫃】優雅出眾顯瘦長版毛呢大衣,衣/長衣類
【初色】純色翻領排釦長袖寬鬆中長款風衣大衣毛呢外套女外套,衣/長衣類
【MYVEGA 麥雪爾】連帽千鳥格排釦大衣外套-卡其,衣/長衣類
【ST.MALO】繆思方鑽菱格石墨烯精品修身長大衣,衣/長衣類
【IENA】中長版修身大衣,衣/長衣類
【艾美時尚】現貨 中大尺碼女裝 毛呢外套 日韓設計 抗溫差 簡約雙排釦仿羊毛中長毛呢大衣,衣/長衣類
【初色】純色簡約連帽拉鍊長袖寬鬆保暖風衣加絨大衣外套女外套,衣/長衣類
【初色】小香風寬鬆純色單排釦立體剪裁口袋長袖蝙蝠袖毛呢連帽大衣外套女外套,衣/長衣類
【MYVEGA 麥雪爾】羊毛雙排釦連帽保暖冬季大衣外套-桃紅,衣/長衣類
【HONOR 山形屋】氣質翻領冬季大衣,衣/長衣類
【FIORE 花蕾】時尚義大利羊毛大衣,衣/長衣類
【初色】寬鬆保暖純色復古單排盤扣立領長袖棉麻風羽絨棉中長款大衣外套女外套,衣/長衣類
【初色】韓版赫本風純色中長款直筒寬鬆顯瘦翻領長袖保暖毛呢大衣外套女外套,衣/長衣類
【初色】撞色拼接假兩件毛呢寬鬆抽繩連帽拉鍊西裝領雙排釦長袖大衣外套,衣/長衣類
【EPISODE】優雅大翻領插肩綁帶羊毛大衣外套,衣/長衣類
【ONEY 歐妮】★連帽拼接高級毛呢大衣外套,衣/長衣類
【艾美時尚】現貨 中大尺碼女裝 毛呢大衣 氣質款翻領雙排扣毛呢外套,衣/長衣類
【KeyWear 奇威名品】星球刺繡羊毛長大衣,衣/長衣類
【SCOTTISH HOUSE】扎實手感羊毛料大衣,衣/長衣類
【Hilltop 山頂鳥】女款超潑水保暖蓄熱羽絨長大衣,衣/長衣類
【初色】簡約純色翻領單排扣修身顯瘦中長款休閒毛呢大衣外套,衣/長衣類
【巴黎精品】真 100%羊毛大衣毛呢外套,衣/長衣類
【Hilltop 山頂鳥】超潑水石墨烯蓄熱羽絨長版大衣外套 女款 灰藍,衣/長衣類
【FIORE 花蕾】時尚經典華麗大衣,衣/長衣類
【IENA】修身類毛領雙排釦大衣 ,衣/長衣類
【Hilltop 山頂鳥】羽絨長大衣 女款 深紫,衣/長衣類
斷碼福利FUSELLA暖貂絨感羊毛大衣,衣/長衣類
【iROO】格紋翻領大衣,衣/長衣類
【初色】冬季保暖禦寒長版毛呢大衣外套,衣/長衣類
【MYVEGA 麥雪爾】MA挺版雙排釦綁帶風衣外套,衣/長衣類
【KeyWear 奇威名品】簡約百搭羊毛長大衣,衣/長衣類
【Roots】Roots女裝-率性生活系列 羊毛長版大衣,衣/長衣類
御絹坊 英國鄧肯100%羊毛雙面呢大衣,衣/長衣類
【MYVEGA 麥雪爾】MA羊毛粗線跳針領邊短版大衣外套-米,衣/長衣類
【初色】赫本風束腰大翻領中長版西裝毛呢大衣外套,衣/長衣類
【UUIN】卡其泰迪翻領大衣外套,衣/長衣類
【ASister 小姊姊】現貨在庫★秋冬毛呢外套☆*長版牛角釦*日系學院風毛呢大衣/外套,衣/長衣類
【MsMore】韓版氣質小個子呢子大衣短款修身長袖毛呢外套,衣/長衣類
【Diffa】雙排釦設計翻領羊毛大衣-女,衣/長衣類
【初色】秋冬保暖經典純色中長款翻領毛呢大衣外套-,衣/長衣類
【Hilltop 山頂鳥】GORE-TEX施華洛世奇水鑽防水透氣防風短大衣外套 可銜接內件 女款 灰白,衣/長衣類
【創翊韓都】正韓毛呢外套 高領雙排釦羊毛呢大衣,衣/長衣類
【艾美時尚】中大尺碼女裝 毛呢 外套 韓系千鳥格紋連帽休閒針織毛呢大衣,衣/長衣類
【Hilltop 山頂鳥】GORE-TEX單件式防潑水施華洛世奇水鑽透氣防風防水可拆帽短版大衣 女款 深夜灰,衣/長衣類
【Roots】Roots女裝- ALMA 長版大衣,衣/長衣類
【MYVEGA 麥雪爾】MA修身彈性長版風衣外套,衣/長衣類
【MYVEGA 麥雪爾】純羊毛排釦大衣外套-灰,衣/長衣類
【FIORE 花蕾】時尚雙色羊毛大衣,衣/長衣類
【ASister 小姊姊】現貨在庫★秋冬毛呢外套☆長版中大尺碼翻領黑雙排釦*優雅外套/大衣,衣/長衣類
【巴黎精品】羊毛大衣皮草外套,衣/長衣類
斷碼福利LBL鉑金100%羊絨大衣,衣/長衣類
【初色】寬鬆顯瘦單排扣大口袋拼接連帽毛呢保暖大衣外套女外套,衣/長衣類
【MUJI 無印良品】MUJI Labo女羊毛混長大衣,衣/長衣類
【初色】赫本風韓版純色雙排扣西裝領毛呢大衣外套女外套,衣/長衣類
【Iris Girls 艾莉詩】冬日手札中長版大衣-灰色,衣/長衣類
【IRIS 艾莉詩】高級感毛料混紡大衣,衣/長衣類
【agnes b.】To b. 女裝 無領落肩毛絨大衣,衣/長衣類
【Pure 衣櫃】優雅女神範修身厚軟毛呢大衣,衣/長衣類
【VERTEX】英國正統經典Cashmere大衣,衣/長衣類
【米蘭精品】現貨 零碼出清 不退換 毛呢外套短款大衣,衣/長衣類
【KERAIA 克萊亞】星耀黑西裝領羊毛長大衣,衣/長衣類
【初色】英倫復古風格紋開衩寬鬆毛呢翻領雙排釦長袖大衣外套女外套-深灰格,衣/長衣類
【iROO】蕾絲領片毛呢大衣,衣/長衣類
【MYSHEROS 蜜雪兒】羊毛大衣 排釦 修身 大口袋 長版,衣/長衣類
【KeyWear 奇威名品】經典羊毛保暖長大衣,衣/長衣類
【ST.MALO】德國科技精算比例防水長大衣,衣/長衣類
【KERAIA 克萊亞】秋日詩語長版雙排釦羊毛大衣,衣/長衣類
【KeyWear 奇威名品】高人氣極暖質感皮草毛領/羊毛長大衣,衣/長衣類
【Iris Girls 艾莉詩】率性牛角釦連帽長大衣,衣/長衣類
【初色】純色寬鬆翻領單排扣娃娃領長袖直筒中長款毛呢大衣口袋小香風外套女外套,衣/長衣類
【IRIS 艾莉詩】落袖毛呢大衣外套-白色,衣/長衣類
【艾美時尚】中大尺碼女裝 毛呢 外套 日韓顯瘦加棉加厚長版毛呢大衣,衣/長衣類
【RH】加厚仿水貂絨毛大衣外套,衣/長衣類
【SST&C】淺卡其翻領附綁帶羊毛大衣,衣/長衣類
【艾美時尚】中大尺碼女裝 毛呢 外套 人字紋寬鬆顯瘦折袖毛呢大衣,衣/長衣類
【KERAIA 克萊亞】墨月長風長版雙排釦羊毛大衣,衣/長衣類
【KeyWear 奇威名品】羊絨混紡修身手工大衣,衣/長衣類
【MYVEGA 麥雪爾】MA羊毛翻領寬鬆保暖冬季大衣長版外套,衣/長衣類
【JORDON 橋登】GORE-TEX 都會時尚潮人 防水機能長大衣,衣/長衣類
【SST&C】深藍大翻領長版毛呢大衣,衣/長衣類
【KERAIA 克萊亞】夢幻柔粉狐狸貼袋羊毛大衣外套,衣/長衣類
【MsMore】中長款羊毛呢外套韓版修身絨呢雙面長袖保暖大衣,衣/長衣類
【ONEY 歐妮】★長版歐美氣質毛呢外套,衣/長衣類
【JESSICA】氣質簡約牛角釦設計羊毛呢大衣外套,衣/長衣類
【巴黎精品】零碼出清 不退換 100%羊毛大衣毛呢外套,衣/長衣類
【MO-BO】後裝飾袢帶雙排釦大衣,衣/長衣類
【KeyWear 奇威名品】簡約翻領高級羊毛大衣,衣/長衣類
【初色】韓系中長款綁帶毛呢大衣外套女外套,衣/長衣類
【MUJI 無印良品】女羽絨大衣,衣/長衣類
【iROO】配色連帽領毛料大衣,衣/長衣類
【Diffa】雙層連帽設計羊毛大衣-女,衣/長衣類
【KERAIA 克萊亞】浪漫粉鑽星光斗篷羊毛呢大衣,衣/長衣類
【SST&C 精選限定】女裝 秋冬/長版大衣/風衣-,衣/長衣類
【初色】翻領單扣長袖修身中長款西裝外套毛呢大衣休閒外套,衣/長衣類
【DearBaby】現貨-實搭保暖雙面羊毛呢大衣,衣/長衣類
【Hilltop 山頂鳥】科技棉短大衣,衣/長衣類
【Diffa】喀什米爾羊毛觸感翻領長大衣-女,衣/長衣類
【IRIS 艾莉詩】精品珍珠排釦大衣,衣/長衣類
【KeyWear 奇威名品】格紋雙排釦羊毛長大衣,衣/長衣類
【初色】韓系翻領排釦長袖中長版防風外套毛呢大衣女上衣,衣/長衣類
【gozo】不對稱口袋造型長版大衣外套,衣/長衣類
【LANNI 藍尼】★氣質時髦韓系 風衣 大衣 ,衣/長衣類
【巴黎精品】現貨 零碼出清 不退換 真 100%羊毛大衣毛呢外套,衣/長衣類
Studio Luxe典藏手作羊毛翻領大衣,衣/長衣類
【Alishia】氣質款翻領中長版女毛呢大衣外套,衣/長衣類
【LANNI 藍尼】★精緻工藝毛呢大衣外套,衣/長衣類
【KERAIA 克萊亞】星韻深藍經典羊毛料率性長大衣,衣/長衣類
LBL絕世頂規100%喀什米爾羊絨大衣,衣/長衣類
【米蘭精品】現貨 零碼出清 不退換 100%羊毛大衣 連帽毛呢外套,衣/長衣類
【iROO】加長版西裝式大衣,衣/長衣類
【IENA】50%羊毛中長版連帽大衣,衣/長衣類
【KERAIA 克萊亞】冰糖桔醬針織連帽粉彩羊毛大衣,衣/長衣類
台鐵區間車票,行/台鐵
台鐵自強號車票,行/台鐵
台鐵月台票,行/台鐵
台鐵便當,行/台鐵
台鐵觀光列車,行/台鐵
台鐵復興號車票,行/台鐵
台鐵鐵道紀念品購買,行/台鐵
台鐵站內自動售票機購票,行/台鐵
台鐵車廂內零食購買,行/台鐵
台鐵行李托運服務,行/台鐵
台鐵車廂升等,行/台鐵
台鐵團體票,行/台鐵
台鐵訂票手續費,行/台鐵
台鐵電子票券充值,行/台鐵
台鐵電子票卡購買,行/台鐵
台鐵通勤族定期票,行/台鐵
台鐵郵輪式列車票,行/台鐵
台鐵車站手推車租借,行/台鐵
台鐵自行車攜帶票,行/台鐵
台鐵車站儲物櫃租借,行/台鐵
台鐵候車室飲料購買,行/台鐵
台鐵平日早鳥票,行/台鐵
台鐵兒童優惠票,行/台鐵
台鐵車站接駁車,行/台鐵
台鐵車內點心購買,行/台鐵
台鐵旅遊套票,行/台鐵
台鐵團體旅遊票,行/台鐵
台鐵公司福利票,行/台鐵
台鐵學生票,行/台鐵
台鐵車站周邊旅遊導覽,行/台鐵
台鐵列車內便當預訂,行/台鐵
台鐵票務更改手續費,行/台鐵
台鐵臥鋪車廂票,行/台鐵
台鐵國際遊客通行卡,行/台鐵
台鐵車廂內咖啡購買,行/台鐵
台鐵會員積分兌換票,行/台鐵
台鐵家庭套票,行/台鐵
台鐵觀光列車特色便當,行/台鐵
台鐵長者優惠票,行/台鐵
台鐵站內自動售票機充值,行/台鐵
台鐵列車內Wi-Fi使用費,行/台鐵
台鐵特殊行程包車票,行/台鐵
台鐵站內便當預購服務,行/台鐵
台鐵自助售票機充值,行/台鐵
台鐵平日促銷票,行/台鐵
台鐵貓空觀光列車票,行/台鐵
台鐵手工月台票,行/台鐵
台鐵特快車優惠票,行/台鐵
台鐵節日加班車票,行/台鐵
台鐵行李保險服務,行/台鐵
台鐵綠島號船車聯票,行/台鐵
台鐵列車內冷飲購買,行/台鐵
行台鐵佔位符1,行/台鐵
行台鐵佔位符2,行/台鐵
行台鐵佔位符3,行/台鐵
行台鐵佔位符4,行/台鐵
行台鐵佔位符5,行/台鐵
行台鐵佔位符6,行/台鐵
行台鐵佔位符7,行/台鐵
行台鐵佔位符8,行/台鐵
行台鐵佔位符9,行/台鐵
行台鐵佔位符10,行/台鐵
行台鐵佔位符11,行/台鐵
行台鐵佔位符12,行/台鐵
行台鐵佔位符13,行/台鐵
行台鐵佔位符14,行/台鐵
行台鐵佔位符15,行/台鐵
行台鐵佔位符16,行/台鐵
行台鐵佔位符17,行/台鐵
行台鐵佔位符18,行/台鐵
行台鐵佔位符19,行/台鐵
行台鐵佔位符20,行/台鐵
行台鐵佔位符21,行/台鐵
行台鐵佔位符22,行/台鐵
行台鐵佔位符23,行/台鐵
行台鐵佔位符24,行/台鐵
行台鐵佔位符25,行/台鐵
行台鐵佔位符26,行/台鐵
行台鐵佔位符27,行/台鐵
行台鐵佔位符28,行/台鐵
行台鐵佔位符29,行/台鐵
行台鐵佔位符30,行/台鐵
行台鐵佔位符31,行/台鐵
行台鐵佔位符32,行/台鐵
行台鐵佔位符33,行/台鐵
行台鐵佔位符34,行/台鐵
行台鐵佔位符35,行/台鐵
行台鐵佔位符36,行/台鐵
行台鐵佔位符37,行/台鐵
行台鐵佔位符38,行/台鐵
行台鐵佔位符39,行/台鐵
行台鐵佔位符40,行/台鐵
行台鐵佔位符41,行/台鐵
行台鐵佔位符42,行/台鐵
行台鐵佔位符43,行/台鐵
行台鐵佔位符44,行/台鐵
行台鐵佔位符45,行/台鐵
行台鐵佔位符46,行/台鐵
行台鐵佔位符47,行/台鐵
行台鐵佔位符48,行/台鐵
行台鐵佔位符49,行/台鐵
行台鐵佔位符50,行/台鐵
自行車輪胎更換,行/自行車
自行車打氣站費用,行/自行車
自行車燈具購買,行/自行車
自行車車架維修,行/自行車
自行車變速器更換,行/自行車
自行車車座升級,行/自行車
自行車剎車線維修,行/自行車
自行車行李架購買,行/自行車
自行車水壺架購買,行/自行車
自行車夜間反光條,行/自行車
自行車運動眼鏡購買,行/自行車
自行車專業手套,行/自行車
自行車防水車罩,行/自行車
自行車折疊鎖購買,行/自行車
自行車車鈴購買,行/自行車
自行車擋泥板安裝,行/自行車
自行車鏈條潤滑劑,行/自行車
自行車車燈更換,行/自行車
自行車水壺座安裝,行/自行車
自行車修理工具組,行/自行車
自行車專用頭盔,行/自行車
自行車運動手套,行/自行車
自行車專用踏板,行/自行車
自行車輪胎氣嘴,行/自行車
自行車手機支架購買,行/自行車
自行車碼表,行/自行車
自行車變速器調整服務,行/自行車
自行車腳踏板更換,行/自行車
自行車鏈條清潔工具,行/自行車
自行車專用車架安裝,行/自行車
自行車兒童座椅購買,行/自行車
自行車防曬座墊,行/自行車
自行車專用鎖,行/自行車
自行車騎行眼鏡,行/自行車
自行車風鏡,行/自行車
自行車反光條購買,行/自行車
自行車避震系統升級,行/自行車
自行車車座海綿墊,行/自行車
自行車專業維修工具,行/自行車
自行車打氣筒購買,行/自行車
自行車摺疊工具包,行/自行車
自行車專用車廂,行/自行車
自行車車輪軸承購買,行/自行車
自行車避震器升級,行/自行車
自行車碟煞更換,行/自行車
自行車鏈條潤滑劑購買,行/自行車
自行車車燈安裝服務,行/自行車
自行車變速系統調整,行/自行車
自行車車座套購買,行/自行車
自行車水壺架固定器,行/自行車
自行車兒童座椅維修,行/自行車
自行車防水車包購買,行/自行車
自行車手把維護,行/自行車
自行車輪胎防滑胎購買,行/自行車
自行車車鈴更換,行/自行車
自行車專用工具組,行/自行車
自行車防盜設備安裝,行/自行車
自行車專用騎行襪,行/自行車
自行車手電筒,行/自行車
自行車停車架安裝,行/自行車
行自行車佔位符1,行/自行車
行自行車佔位符2,行/自行車
行自行車佔位符3,行/自行車
行自行車佔位符4,行/自行車
行自行車佔位符5,行/自行車
行自行車佔位符6,行/自行車
行自行車佔位符7,行/自行車
行自行車佔位符8,行/自行車
行自行車佔位符9,行/自行車
行自行車佔位符10,行/自行車
行自行車佔位符11,行/自行車
行自行車佔位符12,行/自行車
行自行車佔位符13,行/自行車
行自行車佔位符14,行/自行車
行自行車佔位符15,行/自行車
行自行車佔位符16,行/自行車
行自行車佔位符17,行/自行車
行自行車佔位符18,行/自行車
行自行車佔位符19,行/自行車
行自行車佔位符20,行/自行車
行自行車佔位符21,行/自行車
行自行車佔位符22,行/自行車
行自行車佔位符23,行/自行車
行自行車佔位符24,行/自行車
行自行車佔位符25,行/自行車
行自行車佔位符26,行/自行車
行自行車佔位符27,行/自行車
行自行車佔位符28,行/自行車
行自行車佔位符29,行/自行車
行自行車佔位符30,行/自行車
行自行車佔位符31,行/自行車
行自行車佔位符32,行/自行車
行自行車佔位符33,行/自行車
行自行車佔位符34,行/自行車
行自行車佔位符35,行/自行車
行自行車佔位符36,行/自行車
行自行車佔位符37,行/自行車
行自行車佔位符38,行/自行車
行自行車佔位符39,行/自行車
行自行車佔位符40,行/自行車
行自行車佔位符41,行/自行車
行自行車佔位符42,行/自行車
行自行車佔位符43,行/自行車
行自行車佔位符44,行/自行車
行自行車佔位符45,行/自行車
行自行車佔位符46,行/自行車
行自行車佔位符47,行/自行車
行自行車佔位符48,行/自行車
行自行車佔位符49,行/自行車
行自行車佔位符50,行/自行車
汽車加油,行/汽車
汽車機油更換,行/汽車
汽車停車費,行/汽車
高速公路過路費,行/汽車
汽車保養,行/汽車
汽車美容,行/汽車
汽車雨刷更換,行/汽車
汽車輪胎平衡調整,行/汽車
高速公路計次票購買,行/汽車
汽車冷氣濾網更換,行/汽車
汽車GPS導航系統購買,行/汽車
汽車行車記錄器購買,行/汽車
汽車電瓶更換,行/汽車
汽車年檢費用,行/汽車
汽車租賃,行/汽車
汽車機油添加劑,行/汽車
汽車刮水器更換,行/汽車
車內空氣清新劑購買,行/汽車
汽車輪胎充氣服務,行/汽車
電動車充電服務,行/汽車
車輛拖吊服務,行/汽車
高速公路服務區停車費,行/汽車
汽車年檢排放測試費,行/汽車
車內除濕袋購買,行/汽車
汽車電子狗購買,行/汽車
汽車鑰匙電池更換,行/汽車
汽車內飾清潔服務,行/汽車
汽車冷氣維修,行/汽車
汽車暖風系統檢修,行/汽車
汽車打蠟美容,行/汽車
汽車輪圈更換,行/汽車
車窗隔熱紙貼膜,行/汽車
車內導航系統更新,行/汽車
自助洗車機使用費,行/汽車
車用手機支架購買,行/汽車
汽車擋風玻璃修復,行/汽車
汽車避震器更換,行/汽車
汽車剎車盤維修,行/汽車
車內地毯清洗服務,行/汽車
汽車遙控器購買,行/汽車
車內急救箱購買,行/汽車
汽車應急電源購買,行/汽車
汽車香氛片,行/汽車
汽車頂架安裝,行/汽車
車輛臨時泊車費,行/汽車
汽車車內香氛擴散器,行/汽車
汽車電動窗維修費,行/汽車
車內USB充電裝置購買,行/汽車
汽車空調系統清洗,行/汽車
汽車音響設備升級,行/汽車
汽車後備箱儲物箱購買,行/汽車
汽車車頂行李架安裝,行/汽車
汽車車窗防爆膜貼膜,行/汽車
汽車擋風玻璃修補費,行/汽車
汽車內飾除味服務,行/汽車
汽車胎壓監測設備購買,行/汽車
車用吸塵器購買,行/汽車
汽車電瓶充電服務,行/汽車
汽車內飾氛圍燈安裝,行/汽車
汽車行李箱內墊購買,行/汽車
車內手機無線充電設備,行/汽車
汽車駕駛座靠墊購買,行/汽車
行汽車佔位符1,行/汽車
行汽車佔位符2,行/汽車
行汽車佔位符3,行/汽車
行汽車佔位符4,行/汽車
行汽車佔位符5,行/汽車
行汽車佔位符6,行/汽車
行汽車佔位符7,行/汽車
行汽車佔位符8,行/汽車
行汽車佔位符9,行/汽車
行汽車佔位符10,行/汽車
行汽車佔位符11,行/汽車
行汽車佔位符12,行/汽車
行汽車佔位符13,行/汽車
行汽車佔位符14,行/汽車
行汽車佔位符15,行/汽車
行汽車佔位符16,行/汽車
行汽車佔位符17,行/汽車
行汽車佔位符18,行/汽車
行汽車佔位符19,行/汽車
行汽車佔位符20,行/汽車
行汽車佔位符21,行/汽車
行汽車佔位符22,行/汽車
行汽車佔位符23,行/汽車
行汽車佔位符24,行/汽車
行汽車佔位符25,行/汽車
行汽車佔位符26,行/汽車
行汽車佔位符27,行/汽車
行汽車佔位符28,行/汽車
行汽車佔位符29,行/汽車
行汽車佔位符30,行/汽車
行汽車佔位符31,行/汽車
行汽車佔位符32,行/汽車
行汽車佔位符33,行/汽車
行汽車佔位符34,行/汽車
行汽車佔位符35,行/汽車
行汽車佔位符36,行/汽車
行汽車佔位符37,行/汽車
行汽車佔位符38,行/汽車
行汽車佔位符39,行/汽車
行汽車佔位符40,行/汽車
行汽車佔位符41,行/汽車
行汽車佔位符42,行/汽車
行汽車佔位符43,行/汽車
行汽車佔位符44,行/汽車
行汽車佔位符45,行/汽車
行汽車佔位符46,行/汽車
行汽車佔位符47,行/汽車
行汽車佔位符48,行/汽車
行汽車佔位符49,行/汽車
行汽車佔位符50,行/汽車
遊覽車包車服務,行/其它
計程車車資,行/其它
客運車票,行/其它
旅遊巴士票,行/其它
停車場月租費,行/其它
95+無鉛,行/其它
95Plus無鉛,行/其它
95無鉛,行/其它
95無鉛汽油,行/其它
９５無鉛汽油,行/其它
98無鉛汽油,行/其它
Parking fee,行/其它
九二無鉛汽油,行/其它
九八無鉛,行/其它
九八無鉛汽油,行/其它
九五無鉛汽油,行/其它
停車場收入,行/其它
停車場費用,行/其它
停車費,行/其它
停車費用,行/其它
業外收入.停車場-新光三越-停車場收入,行/其它
旅遊巴士導覽行程,行/其它
城市觀光小火車票,行/其它
豪華郵輪船票,行/其它
客運提早訂票折扣,行/其它
客運站內行李寄放費,行/其它
城市共享電動滑板車租賃,行/其它
路邊停車場掃碼繳費,行/其它
碼頭輪渡船票,行/其它
夜間計程車加成費,行/其它
長途大巴豪華座票,行/其它
觀光遊覽車租賃費,行/其它
碼頭渡輪票,行/其它
城市觀光巴士票,行/其它
長途大巴車票,行/其它
旅遊巴士行程,行/其它
共享電動滑板車費用,行/其它
停車場月票,行/其它
移動電源租借,行/其它
租車服務,行/其它
短程電動車租借費,行/其它
城市輕軌車票,行/其它
路邊停車場計時費,行/其它
電動代步車租賃費,行/其它
停車場超時罰款,行/其它
碼頭貨物托運服務,行/其它
騎行共享單車費用,行/其它
共享汽車短租費,行/其它
計程車預約服務費,行/其它
旅遊接駁專車費用,行/其它
觀光火車票,行/其它
旅遊租車保險費用,行/其它
觀光纜車票,行/其它
高山滑雪纜車票,行/其它
市區小型巴士票,行/其它
旅遊景點接駁車票,行/其它
跨境大巴車票,行/其它
夜間接送服務費,行/其它
計程車拼車服務,行/其它
客運站內自動售票機購票,行/其它
旅遊巴士私人包車,行/其它
路邊停車計時收費,行/其它
共享電動腳踏車租借費,行/其它
旅遊景點接駁巴士票,行/其它
高速客運包月票,行/其它
城市交通一卡通充值,行/其它
長途大巴超重行李費,行/其它
碼頭輪渡車票,行/其它
豪華遊艇包船服務,行/其它
客運車內飲料購買,行/其它
計程車預約費,行/其它
觀光遊覽船票,行/其它
旅遊巴士車票折扣券,行/其它
旅遊巴士導遊服務費,行/其它
旅遊大巴臨時購票費,行/其它
夜間巴士票,行/其它
國內機票,行/飛機
國際機票,行/飛機
機場接駁巴士票,行/飛機
託運行李費用,行/飛機
飛機機上餐飲購買,行/飛機
飛機頭等艙升等費用,行/飛機
飛機商務艙貴賓室使用,行/飛機
機場快速通關服務,行/飛機
機場行李打包服務,行/飛機
國際航班登機行李超重費,行/飛機
飛機機上WiFi使用費,行/飛機
飛機機上免稅品購買,行/飛機
機場餐飲消費,行/飛機
飛機行李加購額度,行/飛機
機場交通接駁,行/飛機
飛機登機牌補發手續費,行/飛機
機場貴賓室消費,行/飛機
飛機機上電影付費,行/飛機
飛機行李超重費用,行/飛機
機場接駁車服務,行/飛機
飛機機上餐點升級,行/飛機
飛機機上購物,行/飛機
機場免費Wi-Fi升級服務,行/飛機
飛機寵物托運服務,行/飛機
機場航廈停車費,行/飛機
飛機票改期手續費,行/飛機
飛機票退票費用,行/飛機
飛機機上按摩椅使用費,行/飛機
機場行李推車租賃,行/飛機
機場巴士接送服務,行/飛機
飛機會員積分兌換手續費,行/飛機
機場VIP停車場使用費,行/飛機
飛機臨時票,行/飛機
飛機機上耳機購買,行/飛機
飛機機上閱讀燈租借,行/飛機
飛機機上書籍購買,行/飛機
飛機頭等艙休息室使用,行/飛機
飛機延誤保險購買,行/飛機
飛機票務代理服務費,行/飛機
機場行李箱打包膜,行/飛機
飛機機上急救藥品購買,行/飛機
飛機快速登機通道費用,行/飛機
機場行李打包塑膜服務,行/飛機
飛機行李額度加購,行/飛機
飛機機上即時翻譯服務,行/飛機
機場休息室淋浴服務,行/飛機
飛機票升等手續費,行/飛機
飛機行李箱標籤購買,行/飛機
機場接駁車票,行/飛機
飛機機上充電設備租借,行/飛機
飛機寵物籠租借服務,行/飛機
機場中轉酒店住宿,行/飛機
飛機頭等艙行李優先服務,行/飛機
行飛機佔位符1,行/飛機
行飛機佔位符2,行/飛機
行飛機佔位符3,行/飛機
行飛機佔位符4,行/飛機
行飛機佔位符5,行/飛機
行飛機佔位符6,行/飛機
行飛機佔位符7,行/飛機
行飛機佔位符8,行/飛機
行飛機佔位符9,行/飛機
行飛機佔位符10,行/飛機
行飛機佔位符11,行/飛機
行飛機佔位符12,行/飛機
行飛機佔位符13,行/飛機
行飛機佔位符14,行/飛機
行飛機佔位符15,行/飛機
行飛機佔位符16,行/飛機
行飛機佔位符17,行/飛機
行飛機佔位符18,行/飛機
行飛機佔位符19,行/飛機
行飛機佔位符20,行/飛機
行飛機佔位符21,行/飛機
行飛機佔位符22,行/飛機
行飛機佔位符23,行/飛機
行飛機佔位符24,行/飛機
行飛機佔位符25,行/飛機
行飛機佔位符26,行/飛機
行飛機佔位符27,行/飛機
行飛機佔位符28,行/飛機
行飛機佔位符29,行/飛機
行飛機佔位符30,行/飛機
行飛機佔位符31,行/飛機
行飛機佔位符32,行/飛機
行飛機佔位符33,行/飛機
行飛機佔位符34,行/飛機
行飛機佔位符35,行/飛機
行飛機佔位符36,行/飛機
行飛機佔位符37,行/飛機
行飛機佔位符38,行/飛機
行飛機佔位符39,行/飛機
行飛機佔位符40,行/飛機
行飛機佔位符41,行/飛機
行飛機佔位符42,行/飛機
行飛機佔位符43,行/飛機
行飛機佔位符44,行/飛機
行飛機佔位符45,行/飛機
行飛機佔位符46,行/飛機
行飛機佔位符47,行/飛機
行飛機佔位符48,行/飛機
行飛機佔位符49,行/飛機
行飛機佔位符50,行/飛機
高鐵車票,行/高鐵
高鐵月票,行/高鐵
高鐵早鳥票,行/高鐵
高鐵自由座車票,行/高鐵
高鐵行李託運費,行/高鐵
高鐵定期票,行/高鐵
高鐵商務車廂票,行/高鐵
高鐵學生優惠票,行/高鐵
高鐵長者優惠票,行/高鐵
高鐵信用卡紅利兌換票,行/高鐵
高鐵聯票,行/高鐵
高鐵年票,行/高鐵
高鐵特定時段優惠票,行/高鐵
高鐵週票,行/高鐵
高鐵站內便當購買,行/高鐵
高鐵定期通勤票,行/高鐵
高鐵假日自由行套票,行/高鐵
高鐵旅行套票,行/高鐵
高鐵學生票,行/高鐵
高鐵公司團體票,行/高鐵
高鐵車站寄物服務,行/高鐵
高鐵商務車廂升等,行/高鐵
高鐵接駁巴士票,行/高鐵
高鐵網路購票手續費,行/高鐵
高鐵電子票卡充值,行/高鐵
高鐵殘障人士優惠票,行/高鐵
高鐵月台拍攝許可,行/高鐵
高鐵早鳥優惠票,行/高鐵
高鐵親子票,行/高鐵
高鐵員工票,行/高鐵
高鐵夜間列車票,行/高鐵
高鐵列車內購物,行/高鐵
高鐵國際遊客卡,行/高鐵
高鐵長距離票,行/高鐵
高鐵週末票,行/高鐵
高鐵觀光團體票,行/高鐵
高鐵公司年票,行/高鐵
高鐵短程通勤票,行/高鐵
高鐵行李寄存費,行/高鐵
高鐵臨時票,行/高鐵
高鐵自助售票機購票,行/高鐵
高鐵站內行李寄存服務,行/高鐵
高鐵兒童車廂票,行/高鐵
高鐵VIP會員年卡,行/高鐵
高鐵聯名信用卡兌換票,行/高鐵
高鐵行李車廂預訂,行/高鐵
高鐵自由座升級為指定座位,行/高鐵
高鐵殘障座位預約,行/高鐵
高鐵行李超大件費用,行/高鐵
高鐵特殊行程拍攝許可,行/高鐵
高鐵員工親屬優惠票,行/高鐵
高鐵無線網路使用費,行/高鐵
高鐵專屬包車服務,行/高鐵
高鐵週年慶優惠票,行/高鐵
行高鐵佔位符1,行/高鐵
行高鐵佔位符2,行/高鐵
行高鐵佔位符3,行/高鐵
行高鐵佔位符4,行/高鐵
行高鐵佔位符5,行/高鐵
行高鐵佔位符6,行/高鐵
行高鐵佔位符7,行/高鐵
行高鐵佔位符8,行/高鐵
行高鐵佔位符9,行/高鐵
行高鐵佔位符10,行/高鐵
行高鐵佔位符11,行/高鐵
行高鐵佔位符12,行/高鐵
行高鐵佔位符13,行/高鐵
行高鐵佔位符14,行/高鐵
行高鐵佔位符15,行/高鐵
行高鐵佔位符16,行/高鐵
行高鐵佔位符17,行/高鐵
行高鐵佔位符18,行/高鐵
行高鐵佔位符19,行/高鐵
行高鐵佔位符20,行/高鐵
行高鐵佔位符21,行/高鐵
行高鐵佔位符22,行/高鐵
行高鐵佔位符23,行/高鐵
行高鐵佔位符24,行/高鐵
行高鐵佔位符25,行/高鐵
行高鐵佔位符26,行/高鐵
行高鐵佔位符27,行/高鐵
行高鐵佔位符28,行/高鐵
行高鐵佔位符29,行/高鐵
行高鐵佔位符30,行/高鐵
行高鐵佔位符31,行/高鐵
行高鐵佔位符32,行/高鐵
行高鐵佔位符33,行/高鐵
行高鐵佔位符34,行/高鐵
行高鐵佔位符35,行/高鐵
行高鐵佔位符36,行/高鐵
行高鐵佔位符37,行/高鐵
行高鐵佔位符38,行/高鐵
行高鐵佔位符39,行/高鐵
行高鐵佔位符40,行/高鐵
行高鐵佔位符41,行/高鐵
行高鐵佔位符42,行/高鐵
行高鐵佔位符43,行/高鐵
行高鐵佔位符44,行/高鐵
行高鐵佔位符45,行/高鐵
行高鐵佔位符46,行/高鐵
行高鐵佔位符47,行/高鐵
行高鐵佔位符48,行/高鐵
行高鐵佔位符49,行/高鐵
行高鐵佔位符50,行/高鐵
機車加油,行/機車
機車機油更換,行/機車
機車停車費,行/機車
機車安全帽購買,行/機車
機車行車保險費,行/機車
機車煞車片更換,行/機車
機車大燈燈泡購買,行/機車
機車鏈條保養,行/機車
機車輪胎更換,行/機車
機車車廂維修,行/機車
機車腳踏墊購買,行/機車
機車洗車服務,行/機車
機車租賃,行/機車
機車後視鏡更換,行/機車
機車鍊條上油,行/機車
機車座墊防水套,行/機車
機車電池維修,行/機車
機車剎車把手更換,行/機車
機車行李箱安裝,行/機車
機車風鏡清潔,行/機車
機車後座靠背購買,行/機車
機車行車記錄器,行/機車
機車輪胎補胎服務,行/機車
機車排氣管修理,行/機車
機車防盜鎖,行/機車
機車皮帶更換,行/機車
機車安全反光貼,行/機車
機車煞車油更換,行/機車
機車車罩購買,行/機車
機車腳踏板維修,行/機車
機車車廂墊,行/機車
機車防滑握把,行/機車
機車車架噴漆,行/機車
機車輪圈清潔劑,行/機車
機車座墊軟墊,行/機車
機車後座安全帶,行/機車
機車加速器修理,行/機車
機車胎壓計購買,行/機車
機車腳架更換,行/機車
機車音響系統,行/機車
機車擋泥板修復,行/機車
機車手機支架購買,行/機車
機車腳踏墊更換,行/機車
機車行李網購買,行/機車
機車排氣管升級,行/機車
機車鑰匙扣購買,行/機車
機車安全帽清洗服務,行/機車
機車車輪軸承更換,行/機車
機車車頭燈調整,行/機車
機車車架噴漆服務,行/機車
機車避震器維修,行/機車
機車行李箱更換,行/機車
機車剎車片維護,行/機車
機車風鏡安裝,行/機車
機車座墊升級,行/機車
機車防滑把手購買,行/機車
機車鍊條清潔工具,行/機車
機車輪胎加壓服務,行/機車
機車電瓶救援服務,行/機車
行機車佔位符1,行/機車
行機車佔位符2,行/機車
行機車佔位符3,行/機車
行機車佔位符4,行/機車
行機車佔位符5,行/機車
行機車佔位符6,行/機車
行機車佔位符7,行/機車
行機車佔位符8,行/機車
行機車佔位符9,行/機車
行機車佔位符10,行/機車
行機車佔位符11,行/機車
行機車佔位符12,行/機車
行機車佔位符13,行/機車
行機車佔位符14,行/機車
行機車佔位符15,行/機車
行機車佔位符16,行/機車
行機車佔位符17,行/機車
行機車佔位符18,行/機車
行機車佔位符19,行/機車
行機車佔位符20,行/機車
行機車佔位符21,行/機車
行機車佔位符22,行/機車
行機車佔位符23,行/機車
行機車佔位符24,行/機車
行機車佔位符25,行/機車
行機車佔位符26,行/機車
行機車佔位符27,行/機車
行機車佔位符28,行/機車
行機車佔位符29,行/機車
行機車佔位符30,行/機車
行機車佔位符31,行/機車
行機車佔位符32,行/機車
行機車佔位符33,行/機車
行機車佔位符34,行/機車
行機車佔位符35,行/機車
行機車佔位符36,行/機車
行機車佔位符37,行/機車
行機車佔位符38,行/機車
行機車佔位符39,行/機車
行機車佔位符40,行/機車
行機車佔位符41,行/機車
行機車佔位符42,行/機車
行機車佔位符43,行/機車
行機車佔位符44,行/機車
行機車佔位符45,行/機車
行機車佔位符46,行/機車
行機車佔位符47,行/機車
行機車佔位符48,行/機車
行機車佔位符49,行/機車
行機車佔位符50,行/機車
水費,住/水
自來水費,住/水
水塔清洗服務,住/水
淨水器濾芯更換,住/水
飲水機租賃費,住/水
水管漏水維修,住/水
抽水馬達維修,住/水
家用過濾水壺,住/水
辦公室飲水機,住/水
礦泉水桶裝配送,住/水
家用儲水設備,住/水
井水抽水設備維修,住/水
淋浴過濾器,住/水
飲水機加熱器維修,住/水
浴室水壓增強設備,住/水
水龍頭節水裝置,住/水
廚房濾水網,住/水
冷熱飲水機,住/水
飲水機紫外線消毒燈,住/水
直飲水過濾系統,住/水
水質測試服務,住/水
污水處理設備維護,住/水
水管疏通服務,住/水
水管噴頭更換,住/水
自動補水系統,住/水
除氯淋浴過濾器,住/水
移動式水箱購買,住/水
社區水塔清潔服務,住/水
飲水機濾芯更換,住/水
水管堵塞疏通服務,住/水
家用淨水器購買,住/水
廚房水龍頭更換,住/水
衛浴花灑安裝,住/水
庭院灌溉系統維護,住/水
飲水機租賃費用,住/水
水質檢測服務,住/水
水管防凍保護套購買,住/水
飲水機消毒服務,住/水
家庭儲水桶購買,住/水
雨水收集系統安裝,住/水
地下水井維修,住/水
洗衣機進水管更換,住/水
冷熱水管道安裝,住/水
廚房水槽濾網購買,住/水
澆花噴頭購買,住/水
水族箱換水服務,住/水
洗手台下水管清理,住/水
社區飲用水系統保養,住/水
別墅泳池注水服務,住/水
公共區域水管維護,住/水
建築用水供應服務,住/水
水管防漏測試服務,住/水
浴缸進出水口更換,住/水
住水佔位符1,住/水
住水佔位符2,住/水
住水佔位符3,住/水
住水佔位符4,住/水
住水佔位符5,住/水
住水佔位符6,住/水
住水佔位符7,住/水
住水佔位符8,住/水
住水佔位符9,住/水
住水佔位符10,住/水
住水佔位符11,住/水
住水佔位符12,住/水
住水佔位符13,住/水
住水佔位符14,住/水
住水佔位符15,住/水
住水佔位符16,住/水
住水佔位符17,住/水
住水佔位符18,住/水
住水佔位符19,住/水
住水佔位符20,住/水
住水佔位符21,住/水
住水佔位符22,住/水
住水佔位符23,住/水
住水佔位符24,住/水
住水佔位符25,住/水
住水佔位符26,住/水
住水佔位符27,住/水
住水佔位符28,住/水
住水佔位符29,住/水
住水佔位符30,住/水
住水佔位符31,住/水
住水佔位符32,住/水
住水佔位符33,住/水
住水佔位符34,住/水
住水佔位符35,住/水
住水佔位符36,住/水
住水佔位符37,住/水
住水佔位符38,住/水
住水佔位符39,住/水
住水佔位符40,住/水
住水佔位符41,住/水
住水佔位符42,住/水
住水佔位符43,住/水
住水佔位符44,住/水
住水佔位符45,住/水
住水佔位符46,住/水
住水佔位符47,住/水
住水佔位符48,住/水
住水佔位符49,住/水
住水佔位符50,住/水
天然氣,住/瓦斯
天然氣費,住/瓦斯
瓦斯費,住/瓦斯
瓦斯桶裝配送,住/瓦斯
瓦斯管線安裝,住/瓦斯
天然氣設備升級,住/瓦斯
廚房燃氣爐更換,住/瓦斯
家用瓦斯安全閥,住/瓦斯
商業用瓦斯系統安裝,住/瓦斯
戶外烤肉瓦斯罐,住/瓦斯
液化石油氣補充,住/瓦斯
瓦斯管道清潔,住/瓦斯
天然氣流量計安裝,住/瓦斯
瓦斯防漏檢測服務,住/瓦斯
家庭瓦斯灶台清潔,住/瓦斯
瓦斯安全鎖安裝,住/瓦斯
鋼瓶瓦斯替換,住/瓦斯
室內燃氣警報器,住/瓦斯
高樓層天然氣管線增壓,住/瓦斯
烤箱燃氣管道檢修,住/瓦斯
瓦斯灶具耐熱墊,住/瓦斯
家庭用瓦斯節能裝置,住/瓦斯
瓦斯表租賃,住/瓦斯
瓦斯噴槍購買,住/瓦斯
液化氣鋼瓶換購服務,住/瓦斯
廚房燃氣管線更換,住/瓦斯
瓦斯安全閥購買,住/瓦斯
瓦斯管道漏氣檢測,住/瓦斯
瓦斯灶台清潔服務,住/瓦斯
液化氣罐配送服務,住/瓦斯
商用大廚房瓦斯設備安裝,住/瓦斯
燒烤用小型瓦斯罐購買,住/瓦斯
瓦斯氣表安裝服務,住/瓦斯
屋頂瓦斯管線保溫處理,住/瓦斯
瓦斯鍋爐檢測服務,住/瓦斯
天然氣戶外管線檢查,住/瓦斯
瓦斯爐噴嘴清潔,住/瓦斯
液化氣殘液處理服務,住/瓦斯
瓦斯管道更換工程,住/瓦斯
廚房燃氣警報器安裝,住/瓦斯
天然氣洩漏應急處理服務,住/瓦斯
住瓦斯佔位符1,住/瓦斯
住瓦斯佔位符2,住/瓦斯
住瓦斯佔位符3,住/瓦斯
住瓦斯佔位符4,住/瓦斯
住瓦斯佔位符5,住/瓦斯
住瓦斯佔位符6,住/瓦斯
住瓦斯佔位符7,住/瓦斯
住瓦斯佔位符8,住/瓦斯
住瓦斯佔位符9,住/瓦斯
住瓦斯佔位符10,住/瓦斯
住瓦斯佔位符11,住/瓦斯
住瓦斯佔位符12,住/瓦斯
住瓦斯佔位符13,住/瓦斯
住瓦斯佔位符14,住/瓦斯
住瓦斯佔位符15,住/瓦斯
住瓦斯佔位符16,住/瓦斯
住瓦斯佔位符17,住/瓦斯
住瓦斯佔位符18,住/瓦斯
住瓦斯佔位符19,住/瓦斯
住瓦斯佔位符20,住/瓦斯
住瓦斯佔位符21,住/瓦斯
住瓦斯佔位符22,住/瓦斯
住瓦斯佔位符23,住/瓦斯
住瓦斯佔位符24,住/瓦斯
住瓦斯佔位符25,住/瓦斯
住瓦斯佔位符26,住/瓦斯
住瓦斯佔位符27,住/瓦斯
住瓦斯佔位符28,住/瓦斯
住瓦斯佔位符29,住/瓦斯
住瓦斯佔位符30,住/瓦斯
住瓦斯佔位符31,住/瓦斯
住瓦斯佔位符32,住/瓦斯
住瓦斯佔位符33,住/瓦斯
住瓦斯佔位符34,住/瓦斯
住瓦斯佔位符35,住/瓦斯
住瓦斯佔位符36,住/瓦斯
住瓦斯佔位符37,住/瓦斯
住瓦斯佔位符38,住/瓦斯
住瓦斯佔位符39,住/瓦斯
住瓦斯佔位符40,住/瓦斯
住瓦斯佔位符41,住/瓦斯
住瓦斯佔位符42,住/瓦斯
住瓦斯佔位符43,住/瓦斯
住瓦斯佔位符44,住/瓦斯
住瓦斯佔位符45,住/瓦斯
住瓦斯佔位符46,住/瓦斯
住瓦斯佔位符47,住/瓦斯
住瓦斯佔位符48,住/瓦斯
住瓦斯佔位符49,住/瓦斯
住瓦斯佔位符50,住/瓦斯
家家用高級衣架彩色,住/其它
MUJI無印良品迷你洗衣板,住/其它
白蘭洗衣球白茶,住/其它
白蘭洗衣球玫瑰,住/其它
白蘭強效潔淨超濃,住/其它
 白熊洗碗精,住/其它
【NIVEA 妮維雅】止汗爽身乳膏,住/其它
五星飯店指定植萃洗沐組,住/其它
極簡日拋免洗毛浴巾旅行組,住/其它
DARLIE好來全亮白竹炭旅行組,住/其它
DARLIE好來全亮白清新薄荷牙膏,住/其它
綠茶保濕胺基酸潔面乳,住/其它
綠玫瑰涼感濕紙巾,住/其它
抽取式衛生紙,住/其它
沐浴香氛產品,住/其它
抑菌衛生棉,住/其它
貓福珊迪毛毯,住/其它
麻將抱枕,住/其它
SENSODYNE舒酸定進階護理強化琺瑯質牙膏,住/其它
大地沐浴乳,住/其它
大捲筒衛生紙,住/其它
五月花蓬厚柔頂級連續抽取式花紋衛生紙,住/其它
巴黎萊雅 髮芯修護強化洗前精華,住/其它
巴黎萊雅玻尿酸水光豐盈洗髮露,住/其它
木紋門簾桿,住/其它
不鏽鋼炒鍋,住/其它
生活良好紙拖把,住/其它
好奇純水濕巾加厚型,住/其它
自白肌保濕潔顏,住/其它
我的心機極輕柔細緻洗臉巾,住/其它
男潤膚霜,住/其它
花仙子驅塵氏抗菌濕拖巾,住/其它
花語香膏薰衣草,住/其它
刷樂雙效纖柔牙刷,住/其它
刷樂纖柔牙刷,住/其它
妮維雅止汗乳膏,住/其它
妮維雅止汗爽身乳液 清新舒涼,住/其它
妮維雅止汗爽身噴霧 極限動力-極光炫藍男,住/其它
妮維雅美白潤膚乳液,住/其它
妮維雅無敵水感凝露,住/其它
空氣循環扇,住/其它
春風抽取式廚房紙巾,住/其它
柔芙抽取衛生紙,住/其它
美姬輕柔按摩洗髮梳,住/其它
香水洗沐二合一,住/其它
倍潔雅柔軟舒適抽取式衛生紙,住/其它
海倫仙度絲去屑洗髮乳,住/其它
海倫仙度絲潔淨保濕去屑洗髮乳,住/其它
特福鍋具三件組,住/其它
馬桶棕刷附無痕掛勾,住/其它
高露潔360牙刷,住/其它
國內電信服務費用,住/其它
專科超微米潔顏泥,住/其它
康乃馨潔膚濕巾,住/其它
得意抽取式衛生紙,住/其它
掛門板式J型霧黑4勾掛架,住/其它
淨沐浴露活力運動,住/其它
菲力家族超強度清潔袋單捲,住/其它
蛋白質護髮霜,住/其它
喜多洋甘菊濕巾,住/其它
御衣坊橘子洗碗精,住/其它
植物性潤髮乳,住/其它
減壓靠墊抬腿放腳神器床上趴睡枕,住/其它
舒酸定專業抗敏護齦牙膏,住/其它
舒潔Viva摺疊家用紙巾,住/其它
舒潔棉柔厚韌抽取衛生紙,住/其它
超級無敵大-Mushroom日風蘑菇懶骨頭沙發,住/其它
潔膚濕巾,住/其它
黑人抗敏感牙膏,住/其它
愛康透芯涼感棉,住/其它
碧菲絲特抗暗沉碳酸泡洗顏,住/其它
魅萱 完美修護護髮精油 ,住/其它
綠茶洗髮精,住/其它
嬌生pH5.5蜂蜜舒緩沐浴乳,住/其它
橄欖洗髮精,住/其它
潘婷煥活護髮素,住/其它
靠得住柔棉超薄護翼日用衛生棉,住/其它
靠得住柔棉超薄護翼衛生棉夜用,住/其它
靠得住茶樹舒涼棉日用,住/其它
靠得住溫柔宣言草本抑菌,住/其它
蕾妮亞極吸好眠晚安褲褲型夜用衛生棉100%天然棉,住/其它
優生酒精濕巾,住/其它
環保抽取式衛生紙,住/其它
韓國isLeaf香氛順盈護髮油,住/其它
礦石香氛水芙蓉,住/其它
家用衛生紙,住/其它
柔順護髮素,住/其它
地板清潔劑,住/其它
空氣清淨機濾網,住/其它
衣櫃防潮劑,住/其它
馬桶清潔劑,住/其它
清潔刷具購買,住/其它
環保垃圾袋,住/其它
智慧門鎖安裝,住/其它
除塵濕巾,住/其它
床單套件更換,住/其它
睡眠記憶枕頭,住/其它
室內芳香劑,住/其它
地毯清潔服務,住/其它
浴巾毛巾組購買,住/其它
防水床罩,住/其它
智能家居控制器,住/其它
保險箱安裝,住/其它
【MUJI 無印良品】軟質聚乙烯收納盒,住/其它
SuSu舒舒小蘇菜瓜布,住/其它
日本製-三層收納盒-霧透,住/其它
不鏽鋼掛式砧板刀架,住/其它
不鏽鋼置物毛巾架,住/其它
不鏽鋼廚用雙層置物架,住/其它
不鏽鋼牆角架,住/其它
不鏽鋼雙層牆角架,住/其它
美舒律蒸氣眼罩組,住/其它
耐洗不沾油菜瓜布,住/其它
防滑家用塑料衣架 多色選擇,住/其它
帶鉤鋼絲籃C型,住/其它
OP花香環保袋,住/其它
可疊加透明收納展示架,住/其它
肌研光透潤瞬效補水面膜,住/其它
我的心機小蒼蘭柔順乾洗髮噴霧,住/其它
時尚收納盤,住/其它
乾洗消臭清潔慕斯,住/其它
提提研超級纖維面膜,住/其它
鱷魚無蟑殺蟑餌劑,住/其它
【Lenor 蘭諾】衣物芳香豆/香香豆/抗菌豆 補充包,住/其它
【P&G】衣物芳香豆,住/其它
【SNUGGLE】多效護衣芳香豆/香香豆,住/其它
【白蘭】精油芳香豆洗衣球,住/其它
【doko多口】速凝阿姨2.0豆腐貓砂,住/其它
【DORO豆乳貓】豆腐貓砂,住/其它
【doter 寵愛物語】輕植系貓砂,住/其它
【ECO艾可】豆腐貓砂,住/其它
【pidan】豆腐貓砂 原味款 豆腐砂,住/其它
【pidan】混合貓砂 三合一活性碳版 豆腐砂加礦砂,住/其它
【RoLife簡約生活】天然環保豆腐貓砂/益生菌混合款豆腐砂,住/其它
【小喵同學】豆腐貓砂,住/其它
【毛孩時代】90%纖維絲蘭豆腐砂,住/其它
【汪喵星球】汪喵-益生菌消臭豆腐砂,住/其它
【豆腐先生】豆腐貓砂,住/其它
 超電王10w燈泡 白,住/電
【NORTHERN 北方】11葉片式恆溫電暖爐,住/電
【SAMPO 聲寶】二合一手持式蒸氣掛燙機/電熨斗/蒸汽燙衣/熨斗,住/電
飛利浦黑晶爐,住/電
家用電線更新,住/電
照明燈具更換,住/電
智慧電表安裝,住/電
電壓穩壓器購買,住/電
室內燈光改裝,住/電
太陽能發電安裝,住/電
風力發電設備維護,住/電
電器過載保護設備,住/電
配電箱維修,住/電
LED 燈泡購買,住/電
空調電力調整,住/電
家庭電力升級,住/電
電費自動扣款手續費,住/電
廚房電源規劃,住/電
戶外照明燈安裝,住/電
照明設備安裝費,住/電
電壓轉換器購買,住/電
電線走火修復工程,住/電
家用電費,住/電
電表安裝服務,住/電
室內燈具更換,住/電
緊急停電應急燈購買,住/電
LED節能燈具購買,住/電
居家電線重新佈線,住/電
廚房電器插座安裝,住/電
空調電力系統安裝,住/電
太陽能光電板維修,住/電
電力公司上門檢修服務,住/電
電線短路排查服務,住/電
社區公共照明電費分攤,住/電
室外庭院燈光設計,住/電
智能家居電力系統安裝,住/電
電力計量設備校正,住/電
變壓器購買,住/電
車庫電動門電力維護,住/電
老舊電線汰換工程,住/電
【Apple 蘋果】原廠Lightning 對 USB連接線,住/電
Apple AirPods 2 無線藍芽耳機,住/電
E-books X75一公轉二母耳機麥克風音源轉接線,住/電
人體工學無線靜音滑鼠,住/電
經典耳罩式耳機麥克風,住/電
Logitech Pebble 2 Combo 無線藍牙鍵盤滑鼠組,住/電
降噪藍牙耳罩式耳機,住/電
無線滑鼠,住/電
【ADATA 威剛】P33 33W USB-C/A 雙孔 PD快速充電器,住/電
【CATIS】破壁機 料理機 豆漿機 全自動榨汁機,住/電
【Electrolux 伊萊克斯】歐洲經典系列電動磨豆機,住/電
【FELLOW】OPUS 錐刀磨豆機,住/電
【HERAN 禾聯】不鏽鋼電動磨豆機/研磨咖啡堅果乾式食材,住/電
【HERAN 禾聯】微電腦自動研磨咖啡機,住/電
【JOYOUNG 九陽】高速破壁冷熱全營養調理機,住/電
【Oceanrich】便攜電動磨豆機,住/電
【Philips 飛利浦】 全自動美式研磨咖啡機,住/電
【Philips 飛利浦】破壁營養冷熱豆漿調理機,住/電
【Princess荷蘭公主】不鏽鋼咖啡磨豆機,住/電
【SONGEN 松井】多功能蔬果輔食冷熱破壁調理機/豆漿機/果汁機,住/電
【迪朗奇】多功能磨豆機,住/電
【品皇】小飛馬磨豆機,住/電
【義大利Balzano】電動磨豆機,住/電
【KINYO】電池式電蚊拍 ,住/電
【KINYO】USB靜音充電風扇 ,住/電
【KINYO】USB折疊式桌掛三用扇 ,住/電
【KINYO】復古無段式桌扇-經典白 ,住/電
【KINYO】復古無段式桌扇-寧靜藍 ,住/電
【KINYO】多功能電烤盤 ,住/電
【KINYO】電烤盤 ,住/電
【KINYO】萬用不挑鍋電陶爐 ,住/電
【KINYO】造型LED小夜燈 ,住/電
【KINYO】多功能陶瓷美食鍋 ,住/電
【KINYO】黑晶電子體重計 ,住/電
【KINYO】電子計時器數字鐘 ,住/電
【KINYO】2.4GHz無線鍵鼠組 ,住/電
【KINYO】大風量負離子吹風機 ,住/電
【KINYO】充電式二合一滅蚊器 ,住/電
超電王環保碳鋅3號電池 ,住/電
超電王環保碳鋅4號電池 ,住/電
Panasonic 國際牌錳乾3號電池 ,住/電
Panasonic 國際牌錳乾4號電池 ,住/電
【KINYO】手持小巧蒸氣掛燙機 ,住/電
【KINYO】磁懸浮吸入式捕蚊燈 ,住/電
【KINYO】輕量負離子摺疊吹風機 ,住/電
【KINYO】電擊式捕蚊燈 ,住/電
【KINYO】超輕量美型吹風機 ,住/電
【KINYO】晶片讀卡機-白色 ,住/電
【KINYO】晶片讀卡機-黑色 ,住/電
【KINYO】多合一晶片讀卡機 ,住/電
威剛USB 3.2隨身碟64G,住/電
威剛USB 3.2隨身碟32G,住/電
太星多國轉換旅行用插座 ,住/電
通用型電風扇安全網罩 電扇網套,住/電
Panasonic 國際牌大電流鹼性電池,住/電
超電王 超亮1W夜光手電筒 ,住/電
超電王 超亮12W 3段功能 LED手電筒 ,住/電
超電王 超亮12W LED手電筒 ,住/電
3轉2轉接插頭,住/電
電風扇母牙 風扇葉片螺帽 風扇固定頭,住/電
大同 10W LED節能球泡 ,住/電
米諾諾北歐風電風扇防塵罩 ,住/電
Panasonic 國際牌碳鋅4號電池 ,住/電
CinLica 大音量 電子計時器,住/電
憤怒蛙迷你手電筒充電式電蚊拍 ,住/電
知育插座安全扣,住/電
太星 2開關2插座3孔 分接式插座,住/電
成電牌3變2 轉接插頭,住/電
威電 6開關6插座2孔 9尺 電源線組 延長線,住/電
電話聽筒線,住/電
大同 20W LED節能燈泡 ,住/電
村田muRata 專業型鈕扣鋰電池 ,住/電
Panasonic 國際牌鈕扣型鹼性電池  ,住/電
maxell 鈕扣型鋰電池,住/電
Panasonic 國際牌鋰電池鈕扣電池  ,住/電
Panasonic 國際牌碳鋅3號電池 ,住/電
Panasonic 國際牌碳鋅2號電池 ,住/電
Panasonic 國際牌碳鋅1號電池 ,住/電
maxell 鈕扣型鋰電池 ,住/電
maxell 鹼性鈕扣型電池,住/電
電精靈 D型三面插 插頭,住/電
威電 3開關3插座2孔 9尺 電源線組 延長線,住/電
威電 1開關6插座3孔 6尺 電源線組 延長線,住/電
保護傘 7開關6插座3孔 9尺 延長線 ,住/電
保護傘 4開關4插座2孔 15尺 延長線,住/電
威電 1開關4插座2孔 6尺 電源線組 延長線,住/電
空間芬香油,其它
抗菌噴霧,其它
ObgE茶樹控油去黑頭清潔棒,其它
【Apple Pencil 1/2代 金屬筆尖+耐磨筆尖】,其它
25K方格加厚定頁筆記,其它
3M 強力防水膠帶,其它
A4色彩列印ibon,其它
A4黑白列印ibon,其它
透氣鼠飆墊護腕鼠墊台灣製造,其它
ALLIE持采UV高效防曬乳EX,其它
APP列印服務全錄黑白A4,其它
Calvin Klein CK 男生皮夾 ,其它
CHIC台灣製霧面髮箍,其它
持久閃耀晶透唇釉,其它
FUJIFILM 富士 Instax Mini 拍立得底片 空白底片 白邊底片,其它
優質中性筆 黑,其它
魔法激凍體用噴霧-海洋,其它
菱格0.5自動中性筆,其它
heme 特調腮紅,其它
heme晶亮臥蠶筆,其它
iPhone 14 系列   DAPPER⁺ 超透霧面防摔殼,其它
KOYUKO Campus活頁紙,其它
輕薄亮眼雙眼皮貼,其它
Microsoft 365 個人版一年盒裝,其它
Miffy明信片草莓白,其它
PCR購物袋,其它
PLUS修正帶,其它
POP MART,其它
SDI按壓式修正帶,其它
SolidSuit for iPhone 15 Pro,其它
TOEIC Listening and Reading Test                            ,其它
Uber One 訂閱費,其它
霧面塑膠直傘,其它
力松烤肉刷,其它
三折黑膠防曬自動傘,其它
小白兔暖暖包,其它
去味大師鞋消臭,其它
可手撕隱形膠帶,其它
可重複使用提袋,其它
史邁爾衛生套,其它
四維OPP單卷包膠帶,其它
外送費,其它
平口提袋,其它
本色2.0筆芯 圓頭,其它
甘蔗吸管,其它
白色紙膠含膠台,其它
艾杜紗 絕不失手眼線膠筆,其它
匠人系迷你無瑕粉底刷,其它
名泰免洗紙杯,其它
尖嘴鉗 鎳合金 ,其它
耳感記憶日本語能力測驗n4文法附有聲CD,其它
免洗筷,其它
男自動開收傘,其它
兒童BB夾,其它
屈臣氏袖珍面紙,其它
泡泡瑪特||名品配件,其它
玩偶吊飾,其它
金門一條根,其它
金屬彩色BB夾,其它
易拭型橡皮擦,其它
保鮮盒,其它
恆久完美無瑕持妝粉底,其它
歪頭奶瓶,其它
紅包袋,其它
原生木漿影印紙,其它
夏威夷噴瓶,其它
烤肉竹籤,其它
莉婕絲逸歡造型定型噴霧,其它
造型蠟燭-大臉花,其它
倫敦登喜路精裁濃縮香菸,其它
商用訓練椅 舉重椅 多功能訓練椅 健身,其它
國民溜溜筆,其它
基本O束,其它
曼秀雷敦Acnes痘痘貼,其它
曼秀雷敦抗菌痘痘貼,其它
曼秀雷敦薄荷修護潤唇膏,其它
清潔費,其它
視舒坦康復力人工淚液點眼液,其它
麥迪森沖洗用食鹽水,其它
凱婷 零瑕肌密柔霧粉底液,其它
單層瓦楞紙箱,其它
晶碩彩色月拋樂森林系列,其它
無極限定妝噴霧,其它
無極限持妝輕蜜粉,其它
無極限控油妝前乳,其它
無極限霧光蜜粉餅組,其它
筆記型電腦,其它
絲花化妝棉,其它
舒適牌防滑輕便刀,其它
舒潔迪士尼紙手帕,其它
舒潔雪潤舒鼻紙手帕,其它
舒潔濕式面紙,其它
組超彈O束全黑,其它
精裝橡皮筋大黑,其它
超細纖維擦拭布,其它
雄獅簽字筆 紅 ,其它
黑大橡皮筋,其它
黑小橡皮筋,其它
黑金剛明火點火槍,其它
塑膠袋,其它
零粉感超持久粉底,其它
零售兩杯飲料袋,其它
碧菲絲特即淨卸妝棉,其它
鋁框迷你鏡,其它
精品珠寶,其它
熱熔膠,其它
數位迷彩步槍彈袋,其它
樂品框式立鏡,其它
環保手提袋,其它
購物袋,其它
雙層瓦楞紙箱,其它
寶特瓶,其它
魔幻糖果月拋,其它
蘭韻紙纖化妝棉,其它
手提便當袋,其它
輕巧摺疊雨傘,其它
【珮夫人】鼻爽貼升級版,其它
【媽媽友mamayo】MIT台灣製大豆無毒兒童蠟筆,其它
小太陽愛文芒果金,食/水果類
牛心蕃茄,食/水果類
台灣上等蕉,食/水果類
台灣香蕉重量分享包,食/水果類
百香青木瓜,食/水果類
每日C100%葡萄綜合果汁瓶,食/水果類
沁涼西瓜,食/水果類
波蜜低卡蔬果汁,食/水果類
長野麝香葡萄禮盒,食/水果類
珍珠芭樂,食/水果類
紅玉綠葡萄 ,食/水果類
紅蘋大吉嶺蘋果,食/水果類
美國無籽綠葡萄,食/水果類
香蕉產銷履歷,食/水果類
紐西蘭加拉蘋果,食/水果類
紐西蘭奇異果,食/水果類
產銷履歷香蕉,食/水果類
盒裝榴槤冷藏,食/水果類
進口冷凍金枕頭榴槤,食/水果類
植物的優草莓,食/水果類
植物的優葡萄,食/水果類
園之味100%柳橙汁,食/水果類
聖德科斯奇異果蘋果綜合果汁,食/水果類
聖德科斯桑椹莓果綜合果汁,食/水果類
綜合水果繽紛杯,食/水果類
臺灣大西瓜,食/水果類
摩斯蘋果汁,食/水果類
有機黃金蕉,食/水果類
愛文芒果,食/水果類
無籽綠葡萄,食/水果類
進口紅櫻桃,食/水果類
紅心木瓜,食/水果類
金鑽鳳梨,食/水果類
土芒果青鮮果乾,食/水果類
園之味柳橙,食/水果類
波蜜１００％一日芒果蔬果汁,食/水果類
香吉士芭樂果汁飲料,食/水果類
【妮萃美】超級蔬菜&超級水果膠囊,食/水果類
【家家生醫】七日孅-蜜桃紅茶,食/水果類
【家家生醫】七日孅-港式奶茶,食/水果類
【WANG 蔬果】智利進口大顆甜桃,食/水果類
【老農手摘】嘉義義竹天然野生桑葚果,食/水果類
馬來西亞D197頂級老欉貓山王榴槤,食/水果類
【WANG 蔬果】美國肚臍丁,食/水果類
【WANG 蔬果】秘魯秋脆綠無籽綠葡萄,食/水果類
【皮果家】台灣產柿農自製柿餅,食/水果類
【甜露露】秘魯秋脆綠無籽葡萄,食/水果類
【屏東檸檬】有籽檸檬 ,食/水果類
美國無籽砂糖橘,食/水果類
【初品果】台南北門嚴選哈蜜瓜禮盒,食/水果類
【FruitGo馥果】紐西蘭樂淇蘋果,食/水果類
【金賞】泰國正宗特濃金枕頭榴槤,食/水果類
【水果達人】特選23A茂谷柑,食/水果類
【黑貓嚴選】五甲木 泰國原生種榴槤,食/水果類
【初品果】台東知本大目釋迦禮盒,食/水果類
【黑貓嚴選】芳境合作社★燈照頂級36MM 玉荷包禮盒,食/水果類
【水果達人】大顆特選30A茂谷柑,食/水果類
【產地直送】屏東林邊黑珍珠蓮霧,食/水果類
【吉屋商行】雲林無花果,食/水果類
【RealShop】大果 南投信義鄉青梅 ,食/水果類
【RealShop】日本佐賀無籽蜜柑,食/水果類
【愛蜜果】溫室玉女牛奶小蕃茄,食/水果類
【每日宅鮮】秘魯秋脆綠無籽葡萄CaDiMe,食/水果類
【幸美生技】花青雙黑莓果特惠組黑醋栗,食/水果類
【幸福酪梨】台灣冷凍酪梨塊,食/水果類
【WANG 蔬果】紐西蘭Zespri黃金奇異果家庭號,食/水果類
【小農直配】燕巢牛奶珍珠芭樂,食/水果類
【RealShop】韓國空運原裝香印麝香葡萄 ,食/水果類
【黑貓嚴選】芳境合作社★兩盒特惠組★頂級36MM 玉荷包禮盒,食/水果類
【WANG 蔬果】台灣南投信義鄉大顆青梅,食/水果類
【水果達人】紐西蘭樂淇櫻桃小蘋果,食/水果類
【WANG 蔬果】紐西蘭皇家級GALA蘋果,食/水果類
【幸美生技】台灣冷凍酪梨塊,食/水果類
【WANG 蔬果】紐西蘭Zespri黃金奇異果,食/水果類
【WANG 蔬果】越南干堯榴槤,食/水果類
【家購網嚴選】屏東枋寮白玉蓮霧 ,食/水果類
【每日宅鮮】任選$799免運 台灣燕巢芭樂,食/水果類
【愛蜜果】台東鳳梨釋迦,食/水果類
【光合果物】苗栗大湖香水草莓,食/水果類
【FruitGo馥果】美國砂糖橘,食/水果類
【農頭家】高雄內門百香果單顆,食/水果類
【甜露露】紐西蘭佳沛黃金奇異果,食/水果類
【果之家】冬季限定空運智利櫻桃,食/水果類
【RealShop】美國砂糖橘,食/水果類
【每日宅鮮】智利白甜桃,食/水果類
【RealShop】美國富士蜜蘋果3A等級,食/水果類
紐西蘭 樂淇蘋果,食/水果類
【水果達人】綜合水果雙拼組,食/水果類
【盛花園蔬果】彰化特選白肉火龍果,食/水果類
【愛蜜果】大顆-澳洲空運櫻桃原裝禮盒,食/水果類
【農民直配-外銷等級】高雄燕巢特大顆芭樂,食/水果類
【RealShop】美國富士蘋果+青森蘋果汁or希望之露,食/水果類
【黑貓嚴選】芳境合作社玉荷包禮盒,食/水果類
【水果直送】黑珍珠蓮霧,食/水果類
【永齡選物】黃金百香果提盒,食/水果類
【農頭家】高雄牛奶蜜棗禮盒,食/水果類
【台東好釋】台東太麻里 產銷履歷鳳梨釋迦,食/水果類
【皮果家】高雄大樹新鮮桑葚果乾桑椹果乾,食/水果類
馬來西亞D197正宗貓山王榴槤,食/水果類
【光合果物】產地直送 大湖香水草莓,食/水果類
【家購網嚴選】屏東黑珍珠蓮霧 ,食/水果類
【仙菓園】日本熊本草莓 ,食/水果類
【農頭家】高雄六龜日陞木瓜,食/水果類
【舒果SoFresh】#28s日本青森紅顏姬蘋果,食/水果類
【太麻里38E乳香釋迦】台東特級太麻里大目釋迦,食/水果類
【初品果】枋山阿憲愛文芒果含箱重,食/水果類
【優鮮配】季節限定日本空運夢幻草莓,食/水果類
【WANG 蔬果】日本青森紅蜜蘋果,食/水果類
【RealShop】臺灣A級黑珍珠蓮霧,食/水果類
【每日宅鮮】Kiwi berry 奇異果寶寶-紐西蘭迷你奇異果,食/水果類
【愛蜜果】台灣紅肉火龍果,食/水果類
【舒果SoFresh】日本金星蘋果,食/水果類
【RealShop】美國華盛頓宇宙脆蘋果,食/水果類
【愛蜜果】梨山產 高山雪梨/水梨 ,食/水果類
【水果達人】鮮甜多汁無籽肚臍丁,食/水果類
【水果達人】台灣一級巨峰葡萄禮盒,食/水果類
【初品果】台南梅嶺新鮮手採梅子,食/水果類
【甜露露】加州9.5R櫻桃,食/水果類
【RealShop 真食材本舖】日本鹿兒島春姬金柑 ,食/水果類
【農民直配】台灣嚴選帝王芭樂,食/水果類
【FruitGo 馥果】紐西蘭Rockit樂淇蘋果,食/水果類
【享吃鮮果】美濃鮮採橙蜜香小蕃茄,食/水果類
【RealShop 真食材本舖】日本和歌山田村中金蜜柑,食/水果類
【鮮果日誌】蓮霧界的LV 黑糖芭比,食/水果類
【WANG 蔬果】屏東林邊貴妃白玉蓮霧,食/水果類
【WANG 蔬果】空運進口新鮮藍莓,食/水果類
【每日宅鮮】日本青森蜜富士蘋果,食/水果類
【舒果SoFresh】日本金星蘋果,食/水果類
【RealShop】秋脆無籽葡萄 ,食/水果類
【黑貓嚴選】芳境合作社★頂級36MM 玉荷包禮盒,食/水果類
【金澤旬鮮屋】泰國冷凍山竹,食/水果類
【RealShop】越南金枕頭榴槤,食/水果類
【甜露露】加州9R櫻桃,食/水果類
【果樹寶石】六龜荖濃溪畔黑糖芭比蓮霧大果,食/水果類
【Gold Thon】馬來西亞老樹貓山王榴槤果肉,食/水果類
【甜露露】美國宇宙脆蘋果,食/水果類
【我在枋山種芒果】光合菌蜜雪芒果禮盒,食/水果類
【愛蜜果】新社枇杷,食/水果類
【RealShop】美國肚臍丁,食/水果類
【RealShop】紐西蘭迷你奇異果寶寶,食/水果類
【果氏果園】日本品種鮮採黃金莓,食/水果類
【FruitGo馥果】日本青森縣蜜富士蘋果,食/水果類
【WANG 蔬果】紐西蘭Zespri大顆黃金奇異果,食/水果類
【初品果】拉拉山水蜜桃禮盒,食/水果類
【享吃鮮果】台灣鮮採水蜜桃,食/水果類
【e果園】高雄六龜LV級黑糖芭比蓮霧禮盒,食/水果類
【RealShop】美國華盛頓宇宙脆蘋果 ,食/水果類
【RealShop】紐西蘭Zespri特大顆黃金奇異果,食/水果類
泰國直送帶殼山竹,食/水果類
【每日宅鮮】台灣香蕉,食/水果類
【農頭家】高雄NG牛奶蜜棗,食/水果類
【初品果】產地直送愛文芒果,食/水果類
【埔里一心】不加一滴水鮮榨百香果原汁,食/水果類
【WANG 蔬果】智利進口甜桃,食/水果類
【FruitGo 馥果】紐西蘭樂淇蘋果,食/水果類
【WANG 蔬果】紐西蘭Zespri特大顆黃金奇異果,食/水果類
【我在枋山種芒果】愛文芒果禮盒,食/水果類
【果之家】台南七股超甜爆汁網紋紅肉哈密瓜,食/水果類
【RealShop】台灣貴妃玉荷包,食/水果類
【甜露露】加州櫻桃,食/水果類
【光合果物】苗栗大湖香水草莓 ,食/水果類
【樂淇蘋果ROCKIT】樂淇蘋果,食/水果類
【甜露露】日本青森蘋果綜合組多款任選 蜜糖金剛/蜜富士,食/水果類
【RealShop】Zespri紐西蘭黃金奇異果,食/水果類
【農頭家】高雄牛奶蜜棗,食/水果類
【RealShop】日本空運熊本/福岡/長崎/佐賀產地隨機草莓,食/水果類
【愛蜜果】日本青森蜜富士蘋果,食/水果類
【每日宅鮮】臺灣牛奶蜜棗禮盒,食/水果類
【黑貓嚴選】黑糖芭比蓮霧禮盒,食/水果類
【RealShop】韓國麝香葡萄+日本熊本草莓,食/水果類
【愛蜜果】日本青森蘋果,食/水果類
【水果達人】特選25A茂谷柑,食/水果類
【每日宅鮮】黑珍珠蓮霧,食/水果類
【黑貓嚴選】芳境合作社★兩盒特惠組玉荷包禮盒,食/水果類
【RealShop】韓國空運原裝香印麝香葡萄,食/水果類
【每日宅鮮】義大利kiwi綠奇異果,食/水果類
【幸美生技】原裝進口鮮凍草莓,食/水果類
【祕魯進口】冷凍酪梨,食/水果類
大比目魚切片,食/水產類
大火山奶香火山龍蝦舞干貝,食/水產類
台灣鯛,食/水產類
必點的炸魚皮,食/水產類
老火酸菜魚,食/水產類
尬鍋海鮮拼盤,食/水產類
沙漏魚皮,食/水產類
花枝天婦羅,食/水產類
冷藏鮭魚輪切挪威,食/水產類
松露起士蝦球,食/水產類
英式炸魚,食/水產類
挪威鮮鯖魚切片無鹽,食/水產類
海味干貝,食/水產類
海鮮捲,食/水產類
特選鮭魚厚切,食/水產類
盒裝去殼牡蠣,食/水產類
智利銀鮭輪切,食/水產類
黃金魚板,食/水產類
溜溜酸菜魚,食/水產類
養殖文蛤,食/水產類
養殖石斑魚活體,食/水產類
養殖石斑魚條凍,食/水產類
養殖吳郭魚冷凍魚片,食/水產類
養殖冷凍白蝦,食/水產類
鳳尾蝦仁,食/水產類
薄鹽鯖魚,食/水產類
鮭魚三味,食/水產類
鮭魚日切,食/水產類
鮮嫩魚下巴,食/水產類
雙月乾蚵,食/水產類
鯖魚柴魚花,食/水產類
鯛魚腹片,食/水產類
羅勒鮭魚肚,食/水產類
鰹魚柴魚花,食/水產類
海帶鮮魚味噌湯,食/水產類
海鮮干貝湯,食/水產類
魚丸湯,食/水產類
【海洋之心】台灣無刺鯖魚柳,食/水產類
【優鮮配】日本原裝鮭魚卵,食/水產類
【海之醇】中段無肚洞雪鯛切片,食/水產類
國宴主廚潘盟仁監製日式一口鮑魚組,食/水產類
【茄萣區農會】無刺虱目魚肚,食/水產類
【鮮食堂】嚴選去刺金目鱸魚排,食/水產類
台灣在地鮮嫩去刺鱸魚排組,食/水產類
【池鮮生】台南鮮嫩無刺虱目魚肚,食/水產類
【澎湖區漁會】正宗澎湖土魠魚輪切片,食/水產類
阿拉斯加野生霸王皇帝魚菲力,食/水產類
【優鮮配】日本原裝明太子,食/水產類
【海揚鮮物】鮮切冠軍級格陵蘭大比目魚切片,食/水產類
【一手鮮貨】格陵蘭無肚洞扁鱈切片,食/水產類
【東港農會】料理用櫻花蝦,食/水產類
【急鮮配-東港農會】料理用櫻花蝦,食/水產類
【台灣好漁】行家才懂的美味-七星鱸魚下巴,食/水產類
【三頓飯】北海道笹谷商店秋鮭魚卵杯裝,食/水產類
職人手工去刺午仔清肉魚片,食/水產類
【梓官區漁會】蚵仔寮一口吃烏魚子,食/水產類
台灣海養去剌鱸魚排厚片組,食/水產類
台南手剝野生火燒蝦仁,食/水產類
【海揚鮮物】智利鮭魚菲力,食/水產類
【深海】正東港乾櫻花蝦,食/水產類
台灣東港野生現流去刺鮪魚腹肉排,食/水產類
【最頂規大尺寸】台南老饕XXL去刺虱目魚肚增量版,食/水產類
【築地一番鮮】日本原裝明太子,食/水產類
日本北海道古法製作花魚一夜干組,食/水產類
【鮮綠生活】極鮮去刺虱目魚里肌魚柳條,食/水產類
【小川漁屋】安康魚骰子,食/水產類
梧棲漁港船捕季節鮮凍白北魚,食/水產類
【美威鮭魚】精選鮭魚菲力,食/水產類
極品野生安康魚,食/水產類
【海之醇】優質無肚土魠魚片,食/水產類
【美威鮭魚】精選厚切下巴排-薄鹽口味,食/水產類
台灣海養去剌鱸魚排厚片,食/水產類
當季野生船釣白帶魚厚切,食/水產類
【Zhuyin】台南去刺鮮美虱目魚肚,食/水產類
【海之醇】去骨去刺鱸魚清肉,食/水產類
【海之醇】大規格野生前段白帶魚,食/水產類
【老張鮮物】澎湖直送野生鮮活小卷 ,食/水產類
【海之醇】智利鮭魚輪切,食/水產類
【愛上新鮮】 無鹽鯖魚,食/水產類
【澎湖區漁會】生鮮小管,食/水產類
【Cococina】無刺鮭魚菲力,食/水產類
【天時福】雙產銷美味純虱目魚丸雙口味組,食/水產類
【海之醇】嚴選土魠魚厚切,食/水產類
【鮮綠生活】去刺鮮美虱目魚皮,食/水產類
【優鮮配】北歐帶卵柳葉魚,食/水產類
【大食怪】北極格陵蘭Q彈熟甜蝦,食/水產類
【天時福】雙產銷外銷級金目鱸魚菲力片切,食/水產類
野生捕撈鮮凍大白鯧,食/水產類
【上野物產】阿拉斯加野生紅鮭 ,食/水產類
【大成】根島生態海蝦仁大成食品,食/水產類
【鮮綠生活】台灣金目鱸魚片增量版 ,食/水產類
【一手鮮貨】泰國免剝殼泰蝦仁,食/水產類
【好嬸水產】智利進口-獨特櫸木冷燻工法煙燻鮭魚,食/水產類
【海之醇】去刺去鱗鮭魚菲力,食/水產類
曾記 頂級野生烏魚子一口吃 澎湃,食/水產類
【海鮮主義】中秋必烤極致鮮甜魷魚一夜干,食/水產類
【大成】根島生態海蝦仁,食/水產類
【鮮綠生活】船凍基隆當季野生現撈小卷,食/水產類
【優鮮配】嚴選中段厚切鮭魚,食/水產類
【漢來飯店】五星主廚監製 霸王咕溜蝦滑,食/水產類
【三頓飯】無刺巴沙魚排,食/水產類
【海濤客】台灣野生一口烏魚子精緻送禮禮盒/家庭包 ,食/水產類
【優鮮配】無肚洞小鮭魚,食/水產類
【鮮綠生活】野生船凍透抽 ,食/水產類
【第一名頂級金鑽烏魚子】烏魚子禮盒,食/水產類
【陳家烏魚子】野生一口烏魚子厚切,食/水產類
【鮮綠生活】智利頂級原料煙燻鮭魚切片,食/水產類
【鮮綠生活】特厚智利鮭魚切片,食/水產類
上億嚴選野生捕撈深海去刺皇帝魚,食/水產類
【鮮綠生活】超厚智利鮭魚切片 ,食/水產類
【優鮮配】宜蘭特選巨無霸XXL爆卵母香魚,食/水產類
【一手鮮貨】臺灣野生秋刀魚,食/水產類
挪威野生超大鯖魚片,食/水產類
【元家】鮮嫩格陵蘭大比目魚切片,食/水產類
【悅生活】鮮市集 高Omeaga3油脂菲力鮭魚肚條,食/水產類
【究好味】挪威薄鹽兩片切鯖魚,食/水產類
【好神】台灣鮮凍去刺白帶魚捲,食/水產類
【優鮮配】刺身用原裝生食級甜蝦,食/水產類
【鮮綠生活】現流手工去刺白帶魚清肉,食/水產類
野生巨無霸透抽組,食/水產類
【美威鮭魚】輕鬆料理系列,食/水產類
【優鮮配】厚切無肚洞輪切土魠魚,食/水產類
【永豐餘生技】澎湖現撈野生肉鯽魚,食/水產類
【海之醇】台灣物產午仔魚一夜干,食/水產類
【鮮綠生活】台灣金目鱸魚片 ,食/水產類
【鮮綠生活】頂級智利鮭魚菲力,食/水產類
【鮮綠生活】北海道花魚一夜干,食/水產類
【永豐餘生技】海水生態虱目魚肚,食/水產類
【海鮮主義】台灣產鮮甜去刺虱目魚肚,食/水產類
【優鮮配】智利鮭魚整尾切片真空組,食/水產類
【海之醇】嚴選SGS無刺巴沙魚排,食/水產類
【元家】御用極品 藍鑽蝦仁,食/水產類
【元家】格陵蘭冷凍厚切大比目魚,食/水產類
季節限定野生現流鮮凍赤筆魚,食/水產類
【優鮮配】頂級北極甜蝦,食/水產類
【美威鮭魚】挪威鮮嫩全魚切片,食/水產類
【蘇班長安心石斑】龍膽清肉切片,食/水產類
【一手鮮貨】台灣午仔魚,食/水產類
【鮮綠生活】嚴選特厚挪威薄鹽鯖魚片,食/水產類
【鮮綠生活】海鮮福箱,食/水產類
【三頓飯】挪威肥嫩厚切3XL鮭魚,食/水產類
超大厚切格陵蘭大比目魚,食/水產類
【永安新港社區】龍虎石斑鮮魚切塊,食/水產類
【三頓飯】澎湖船活凍生小卷,食/水產類
【華得水產】野生厚切特大白帶魚,食/水產類
【鮮綠生活】台南去刺虱目魚肚增量版,食/水產類
【烏野家】台灣一口烏魚子隨手包,食/水產類
【海之醇】冰島無肚洞扁鱈,食/水產類
【海之醇】大規格土魠魚厚切,食/水產類
【築地一番鮮】對剖熟凍帝王蟹肉腳,食/水產類
【優鮮配】特大活凍新鮮整尾石斑魚,食/水產類
【天和鮮物】龍虎斑魚下巴,食/水產類
【鮮綠生活】台灣金目鱸魚片,食/水產類
【海之醇】中段無肚白帶魚,食/水產類
當季鮮凍捕撈白帶魚厚切,食/水產類
【海之醇】干貝蝦滑,食/水產類
【好神】MIT鮮嫩鯛魚片,食/水產類
【永苑行】台灣野生厚切一口烏魚子,食/水產類
【三頓飯】野放活凍超大艾迪白蝦 ,食/水產類
【蘇班長安心石斑】龍虎石斑鮮魚條凍,食/水產類
【美味邸家】南方澳現撈兩片切鯖魚,食/水產類
【享吃海鮮】南方澳鮮撈無鹽鯖魚  ,食/水產類
【好嬸水產】北歐直送-鮮嫩大比目魚/扁鱈,食/水產類
【華得水產】熟凍爆蛋紅蟳,食/水產類
【海之醇】大規格午仔魚一夜干,食/水產類
【永苑行】買二送二 台灣野生一口烏魚子禮袋,食/水產類
【萊貝耶LABEYRIE】法國經典煙燻鮭魚切片,食/水產類
【海鮮主義】日本北海道去皮章魚腳,食/水產類
【北海漁鋪】彭佳嶼現流急凍赤宗,食/水產類
【急鮮配-優鮮配】厚切無肚洞格陵蘭大比目魚,食/水產類
【鮮綠生活】無漂白南方澳生凍吻仔魚,食/水產類
【元家】格陵蘭嚴選冷凍厚切大比目魚,食/水產類
【佶品豐味】格陵蘭扁鱈魚大比目魚超厚切無肚洞,食/水產類
【大成】根島生態蝦,食/水產類
【鮮綠生活】挪威薄鹽鯖魚M,食/水產類
【團圓烏魚子】頂級金鑽野生烏魚子,食/水產類
【Umai鎢滿】台灣野生一口烏魚子,食/水產類
【元家】北海道 黃金SA乾干貝禮盒,食/水產類
【三頓飯】台灣特大鮮嫩金目鱸魚片,食/水產類
【漢克嚴選】鮮甜割背大白蝦仁,食/水產類
【優鮮配】特大無CO外銷生食鯛魚清肉片,食/水產類
【王家的魚店】口湖精選上等烏魚子一口吃,食/水產類
【佶品豐味】厚切野生一口烏魚子,食/水產類
深海石狗公去刺魚片組,食/水產類
【優鮮配】厚片超大油質豐厚挪威薄鹽鯖魚,食/水產類
【泓源水產】智利急凍鮮嫩剖半鮭魚頭,食/水產類
【一手鮮貨】日本原裝生食級生蠔,食/水產類
【三頓飯】鮮凍特大厚切白帶魚,食/水產類
季之鮮五星級無毒生態急凍無膨發生鮮蝦仁,食/水產類
【優鮮配】宜蘭大尺寸爆卵香魚,食/水產類
【優鮮配】嚴選優質無肚洞土魠魚,食/水產類
【三頓飯】台南老饕XXL去刺虱目魚肚增量版,食/水產類
【一手鮮貨】東港黃金鯧魚,食/水產類
【團圓烏魚子】頂級金鑽烏魚子禮盒,食/水產類
【揚信】澎湃送禮-第一名王信丁頂級金鑽烏魚子,食/水產類
【低溫宅配-黑豬泰國蝦】大蝦公,食/水產類
【美威鮭魚】精選鮭魚菲力系列任選二件組,食/水產類
【元家】日本北海道 生食級干貝 4S等級,食/水產類
【鮮綠生活】嚴選特大生凍白蝦后,食/水產類
【RealShop】岩見鮑魚,食/水產類
【鮮綠生活】爆卵熟凍大紅蟳,食/水產類
【鮮綠生活】嚴選野放活凍超大白蝦,食/水產類
【優鮮配】超級巨無霸頂級鄂霍次克海生鱈場蟹腳,食/水產類
【一手鮮貨】日本生食級2S干貝,食/水產類
【優鮮配】海味之冠帶殼大連鮑魚,食/水產類
【玥沐嚴選】紅蟳 3〜4兩爆蛋活體冷凍 紅蟳,食/水產類
【華得水產】東港松板大目鮪魚腹肉,食/水產類
【三頓飯】特選生食級海膽,食/水產類
【優鮮配】蔚藍海-加勒比海8盎司龍蝦身,食/水產類
【好嬸水產】日本東北產-料亭專用生食級生蠔,食/水產類
【鮮綠生活】炙燒台灣一口吃烏魚子,食/水產類
【鮮綠生活】超大尺寸超厚正挪威薄鹽鯖魚,食/水產類
【優鮮配】嚴選口湖頭等獎野生烏魚子,食/水產類
【鮮綠生活】台南去刺虱目魚肚增量版 ,食/水產類
【鮮綠生活】嚴選霸王大草蝦 ,食/水產類
【億錸 養生蛤】嚴選活體大蛤蜊/文蛤,食/水產類
嚴選鮮凍野生白口魚,食/水產類
【鮮綠生活】鱈場蟹腳  ,食/水產類
【優鮮配】重量級鮮魚,食/水產類
【優鮮配】嚴選智利熟凍對剖帝王蟹肉腳,食/水產類
【好嬸水產】南美產-鮮甜軟Q船凍白蝦,食/水產類
【元家】日本北海道頂級3S生食級干貝,食/水產類
【築地一番鮮】厚片超大油質豐厚挪威薄鹽鯖魚,食/水產類
【優鮮配】船凍鮮甜QQ爆卵有蛋小卷,食/水產類
【鮮綠生活】帶尾無毒蝦仁,食/水產類
大火山火山極致蒜香壽喜牛,食/肉類/牛
小時厚牛排,食/肉類/牛
牛肉串,食/肉類/牛
牛肉咖哩,食/肉類/牛
牛肉捲,食/肉類/牛
豆皮牛肉串,食/肉類/牛
冷藏澳洲穀飼牛梅花火鍋肉片,食/肉類/牛
味王調理包紅燒牛,食/肉類/牛
法蘭克牛排,食/肉類/牛
威靈頓牛排,食/肉類/牛
美牛胸腹火鍋片,食/肉類/牛
美國五花牛,食/肉類/牛
美國板腱牛肉,食/肉類/牛
美國雪花牛肉,食/肉類/牛
美國翼板牛舌雙拼套餐,食/肉類/牛
剝皮辣椒牛肉串,食/肉類/牛
烤盤-美國牛五花,食/肉類/牛
紐西蘭菲力,食/肉類/牛
頂級無骨牛小排,食/肉類/牛
焙煎咖哩豆腐牛,食/肉類/牛
愛呷肉-雪花牛肉,食/肉類/牛
澳牛嫩腿心火片,食/肉類/牛
澳洲牛五花火片,食/肉類/牛
澳洲牛嫩腿心炒肉絲,食/肉類/牛
澳洲板腱牛排,食/肉類/牛
澳洲霜降牛,食/肉類/牛
熟成牛板腱套餐,食/肉類/牛
雙四盎司牛,食/肉類/牛
雙層牛肉,食/肉類/牛
翼板牛排 ,食/肉類/牛
鹽烤牛舌,食/肉類/牛
鹽醬牛五花,食/肉類/牛
熟成牛五花鍋套餐,食/肉類/牛
熟成板腱牛肉鍋套餐,食/肉類/牛
極品牛肉湯,食/肉類/牛
雙層牛肉堡,食/穀類
【漢克嚴選】美國和鑽牛PRIME雪花嫩肩牛排,食/肉類/牛
【勝崎生鮮】美國1855黑安格斯熟成極鮮嫩肩牛排,食/肉類/牛
【王品集團】王品嚴選美國嫩肩里肌原塊牛排,食/肉類/牛
【漢克嚴選】紐西蘭草飼嫩肩牛排,食/肉類/牛
【勝崎生鮮】紐西蘭PS嫩肩牛排,食/肉類/牛
【勝崎生鮮】紐西蘭PS厚切嫩肩牛,食/肉類/牛
【漢克嚴選】紐西蘭米其林星級濃香嫩肩牛排,食/肉類/牛
【享吃肉肉】美國藍帶特選嫩肩牛,食/肉類/牛
【王品集團】王品嚴選美國嫩肩里肌火鍋,食/肉類/牛
【大成】美國Choice板腱牛燒,食/肉類/牛
【勝崎生鮮】巴拉圭亞伯丁黑牛極鮮嫩肩火鍋,食/肉類/牛
嚴選美國CAB板腱牛排,食/肉類/牛
【勝崎生鮮】美國黑安格斯極鮮嫩肩牛排~家庭大份量減塑包,食/肉類/牛
【漢克嚴選】澳洲源神AA雪花嫩肩牛排,食/肉類/牛
【愛上吃肉】美國藍帶特選嫩肩牛,食/肉類/牛
【約克街肉舖】紐西蘭厚切板腱牛排,食/肉類/牛
【勝崎生鮮】美國CAB安格斯極鮮嫩肩牛排,食/肉類/牛
【漢克嚴選】純血澳洲和牛霜降嫩肩牛排,食/肉類/牛
【漢克嚴選】紐西蘭PS米其林星級濃香嫩肩牛排,食/肉類/牛
【約克街肉舖】澳洲小牛嫩肩牛排,食/肉類/牛
【小嚼士】美國霜降比臉大牛排  ,食/肉類/牛
【勝崎生鮮】美國1855黑安格斯熟成霜降牛排-超厚,食/肉類/牛
【漢克嚴選】紐西蘭PS雪花沙朗牛排,食/肉類/牛
【勝崎生鮮】澳洲安格斯濕式熟成肋眼牛排,食/肉類/牛
【王品集團】王品嚴選/紐西蘭鮮切沙朗牛排,食/肉類/牛
【勝崎生鮮】美國1855黑安格斯熟成霜降牛排,食/肉類/牛
【好神】美國PRIME等級霜降火鍋牛包,食/肉類/牛
【漢克嚴選】美國Choice牛五花火鍋,食/肉類/牛
【勝崎生鮮】美國CAB黑安格斯濕式熟成沙朗牛,食/肉類/牛
【勝崎生鮮】美國PRIME濕式熟成厚切頂級肋眼牛,食/肉類/牛
【永豐餘生技】紐西蘭草飼沙朗牛排,食/肉類/牛
【海肉管家】重量級安格斯NG牛排,食/肉類/牛
【漢克嚴選】紐西蘭PS星級熟成肋眼牛排,食/肉類/牛
【海肉管家】安格斯超大包NG牛排,食/肉類/牛
【饗讚】大份量NG牛排,食/肉類/牛
【國際牛肉店】帶骨牛肉,食/肉類/牛
【國際牛肉店】牛肋條切塊,食/肉類/牛
【勝崎生鮮】澳洲YP碳中和28盎司戰斧牛,食/肉類/牛
【小嚼士】沙朗牛背肩 ,食/肉類/牛
【好神】美國Prime霜降牛火鍋,食/肉類/牛
【好神】日本頂級和牛霜降,食/肉類/牛
【好神】紐西蘭草飼肋眼沙朗牛,食/肉類/牛
【RealShop】美國牛絞肉,食/肉類/牛
【漢克嚴選】紐西蘭PS熟成肋眼牛排,食/肉類/牛
【小嚼士】沙朗牛背肩,食/肉類/牛
【鮮食堂】爽口不膩紐西蘭特選小羔羊肉片,食/肉類/羊
【國際牛肉店】羊蹄,食/肉類/羊
【究好味】紐西蘭小羔羊小排,食/肉類/羊
【上野物產】黑胡椒 迷迭香帶骨羊小排,食/肉類/羊
【RealShop】紐西蘭法式小羔羊排,食/肉類/羊
【清真市集】帶骨羊排,食/肉類/羊
【小嚼士】澳洲小羔羊肉片 ,食/肉類/羊
【小嚼士】嚴選小羔羊腿肉片  ,食/肉類/羊
【清真市集】生羊油,食/肉類/羊
【海肉管家】澳洲雪花羊肉片,食/肉類/羊
【享吃肉肉】紐西蘭五星級羊小排,食/肉類/羊
【約克街肉舖】孜然羊肩排,食/肉類/羊
【約克街肉鋪】紐西蘭羊排骨切塊,食/肉類/羊
【約克街肉鋪】紐西蘭帶髓羊大骨,食/肉類/羊
【海陸雙拼】紐西蘭嫩肩骰子羊肉,食/肉類/羊
【小嚼士】嚴選小羔羊腿肉片,食/肉類/羊
【美味邸家】紐西蘭頂級帶骨羊小排,食/肉類/羊
【約克街肉鋪】紐西蘭小羔羊肉片,食/肉類/羊
【那魯灣生鮮&幸福小胖】小羔羊羊肩火鍋片,食/肉類/羊
【約克街肉舖】孜然丁骨羊排,食/肉類/羊
【小嚼士】澳洲小羔羊肉片,食/肉類/羊
【享吃肉肉】紐西蘭特選小羔羊肉片,食/肉類/羊
【約克街肉鋪】紐西蘭8骨小羔羊排,食/肉類/羊
【美味邸家】紐西蘭草飼小羔羊嫩肩,食/肉類/羊
【海肉管家】澳洲帶骨小羊排,食/肉類/羊
【國際牛肉店】羊絞肉,食/肉類/羊
【勝崎生鮮】澳洲帶骨小羊排,食/肉類/羊
【勝崎生鮮】紐西蘭雪花羊火鍋肉片,食/肉類/羊
【國際牛肉店】生羊油,食/肉類/羊
【清真市集】羊骨切塊,食/肉類/羊
【賣魚的家】紐西蘭精選羊肉片 ,食/肉類/羊
【海肉管家】碳烤羊小排,食/肉類/羊
【清真市集】羊腸,食/肉類/羊
【清真市集】羊雜,食/肉類/羊
【清真市集】羊蹄,食/肉類/羊
【上野物產】黑胡椒迷迭香羊小排,食/肉類/羊
【上野物產】黑胡椒迷迭香 帶骨羊小排,食/肉類/羊
【漢克嚴選】紐西蘭小羔羊香嫩丁骨羊排,食/肉類/羊
【清真市集】帶骨羊肉切塊,食/肉類/羊
【海肉管家】紐西蘭金典小丁骨羊肉塊,食/肉類/羊
【國際牛肉店】紐西蘭小羊肩火鍋肉片,食/肉類/羊
【國際牛肉店】羊骨切塊,食/肉類/羊
【上野物產】 羊肋排切塊,食/肉類/羊
【勝崎生鮮】紐西蘭頂級小羊OP肋排,食/肉類/羊
【國際牛肉店】羊腸,食/肉類/羊
【勝崎生鮮】澳洲丁骨羊排,食/肉類/羊
【享吃肉肉】 紐西蘭特選小羔羊肉片,食/肉類/羊
【巨廚】秘醃生羊肋排＋碳烤特選羊肩排,食/肉類/羊
【愛尚極鮮】紐西蘭五星級羊小排,食/肉類/羊
【金澤旬鮮屋】紐西蘭頂級小羔羊嫩肩排,食/肉類/羊
【海肉管家】紐西蘭鮮嫩小羔羊五花肉片,食/肉類/羊
【小嚼士】嚴選小羔羊腿肉片 ,食/肉類/羊
【約克街肉鋪】紐西蘭小羔羊後腿心菲力,食/肉類/羊
【清真市集】紐西蘭小羊肩火鍋肉片,食/肉類/羊
【清真市集】帶皮羊肉切塊,食/肉類/羊
【漢克嚴選】紐西蘭小羔羊法式帶骨羊肩小排,食/肉類/羊
【國際牛肉店】羊肉火鍋肉片,食/肉類/羊
【約克街肉鋪】澳洲小放山羊帶皮切塊,食/肉類/羊
紐西蘭頂級藍帶法式小羔羊排,食/肉類/羊
【凱文肉舖】美淇食品-澳洲羊肩捲火鍋片,食/肉類/羊
【國際牛肉店】帶骨羊排,食/肉類/羊
【國際牛肉店】羊雜,食/肉類/羊
【愛上吃肉】 紐西蘭五星級羊小排,食/肉類/羊
【清真市集】羊肉火鍋肉片,食/肉類/羊
【國際牛肉店】帶皮羊肉切塊,食/肉類/羊
【森嶼鮮物】手工厚切紐西蘭小羔羊羊肉片,食/肉類/羊
【國際牛肉店】帶骨羊肉切塊,食/肉類/羊
【海肉管家】紐西蘭嫩肩骰子羊肉,食/肉類/羊
【嚴選好物HOWGOOD】紐西蘭和羊火鍋肉片,食/肉類/羊
台灣精選梅花豬,食/肉類/豬
老饕豬排,食/肉類/豬
冷藏台灣豬背骨,食/肉類/豬
味王筍絲焢肉,食/肉類/豬
招牌水餃,食/肉類/豬
厚切腰內豬排,食/肉類/豬
香蒜排骨酥,食/肉類/豬
剝皮辣椒豬肉串,食/肉類/豬
原味豬肉貢丸,食/肉類/豬
梅花豬肉,食/肉類/豬
豚五花肉,食/肉類/豬
御料小館招牌水餃,食/肉類/豬
黃金豬排咖哩,食/肉類/豬
黑毛梅花豬套餐,食/肉類/豬
晴木千層豬排,食/肉類/豬
愛呷肉-上選豬肉,食/肉類/豬
愛呷菜-上選豬肉,食/肉類/豬
豬五花火鍋肉片,食/肉類/豬
豬肉不帶骨,食/肉類/豬
豬里肌火鍋肉片,食/肉類/豬
豬肋排帶骨,食/肉類/豬
豬後腿肉片,食/肉類/豬
豬胸排骨切塊,食/肉類/豬
豬梅花火鍋肉片,食/肉類/豬
霜降豬肉不帶骨,食/肉類/豬
灣仔碼頭水餃-川香麻辣豬肉,食/肉類/豬
梅花豬肉鍋套餐,食/肉類/豬
梅花豬鍋,食/肉類/豬
雪花豬肉鍋套餐,食/肉類/豬
韓式泡菜豬肉鍋,食/肉類/豬
胡椒豬肚湯,食/肉類/豬
大麥雙蛋白豬肉堡,食/穀類
吉士豬肉堡加蛋,食/穀類
摩斯豬排堡,食/穀類
【享吃肉肉-買送】日式梅花里肌燒肉片,食/肉類/豬
【漢克嚴選】西班牙伊比利霜降松阪豬,食/肉類/豬
【小嚼士】霜降梅花豬肉片  ,食/肉類/豬
【卜蜂】國產鮮嫩豬小排.小菲力豬.里肌豬排.五花肉丁.豬肉絲.豬絞肉 ,食/肉類/豬
【卜蜂】鮮嫩好食 國產梅花火鍋片 ,食/肉類/豬
【鮮綠生活】西班牙松阪豬 ,食/肉類/豬
【台糖安心豚】精製絞肉_低脂絞肉量販包,食/肉類/豬
【勝崎生鮮】國產嚴選極品黑豚-霜降五花,食/肉類/豬
【三頓飯】西班牙伊比利梅花豬肉片,食/肉類/豬
【築地一番鮮】懷古鐵路排骨,食/肉類/豬
【陽光豬】上排排骨,食/肉類/豬
【小嚼士】嚴選豬五花肉片  ,食/肉類/豬
【陽光豬】龍骨+上排,食/肉類/豬
【金園排骨】厚切排骨,食/肉類/豬
【台糖安心豚】豬龍骨量販包,食/肉類/豬
【小嚼士】法式戰斧豬排 ,食/肉類/豬
【勝崎生鮮】國產嚴選極品黑豚霜降五花火鍋肉片組,食/肉類/豬
【約克街肉鋪】台灣厚切培根,食/肉類/豬
【王品集團】王品嚴選/日式風味豬肉片 醬燒梅花/味噌里肌,食/肉類/豬
【小嚼士】客家五花鹹豬肉條,食/肉類/豬
【金園排骨】厚切里肌,食/肉類/豬
【小嚼士】嚴選豬腿肉片  ,食/肉類/豬
【漢克嚴選】西班牙香嫩醃製里肌豬排,食/肉類/豬
【卜蜂】國產鮮嫩 骰子豬小排 ,食/肉類/豬
【王品集團】王品嚴選台灣極品梅花豬燒烤炒肉片,食/肉類/豬
【享吃肉肉】西班牙頂級霜降松阪豬,食/肉類/豬
【農場晃晃 FARM AROUND YOU】Omega亞麻籽豬松板肉片,食/肉類/豬
【陽光豬】梅花火鍋肉片+五花火鍋肉片,食/肉類/豬
【卜蜂】醃漬日式梅花燒肉片 ,食/肉類/豬
【優鮮配】戰斧小豬排,食/肉類/豬
【正一排骨】台灣肉品-厚工手感排骨,食/肉類/豬
【鮮食堂】西班牙頂級霜降松板豬,食/肉類/豬
【小嚼士】頂級霜降松阪豬 整片 ,食/肉類/豬
【卜蜂】國產嚴選 蒜香醃漬里肌豬排,食/肉類/豬
【約克街肉舖】國產豬里肌上蓋肋條,食/肉類/豬
【老爸ㄟ廚房】古法醃漬客家鹹豬肉,食/肉類/豬
【勝崎生鮮】國產極品黑豚黃金六兩霜降松板豬,食/肉類/豬
【無敵好食】古早味醬香帶骨大肉排,食/肉類/豬
【卜蜂】醃漬去骨 古早味里肌豬排 ,食/肉類/豬
【約克街肉鋪】台灣豬絞肉,食/肉類/豬
【卜蜂】阿嬤ㄟ古早味 懷舊經典脆皮排骨 ,食/肉類/豬
【凱文肉舖】台灣黑豬燒烤組黑豬梅花燒烤片+黑豬五花燒烤片+黑豬里肌燒烤片,食/肉類/豬
【築地一番鮮】橡實果Bellota伊比利豬肋條,食/肉類/豬
【究好豬】燉湯排骨,食/肉類/豬
【金園排骨】老字號厚切排骨,食/肉類/豬
【王品集團】王品嚴選特大秘製德國豬腳,食/肉類/豬
【金園排骨】老店特級厚切排骨,食/肉類/豬
【卜蜂】超鮮嫩 雪花里肌豬肉片 ,食/肉類/豬
【好神】厚切豬里肌排,食/肉類/豬
【海肉管家】台灣嚴選霜降豬,食/肉類/豬
【無敵好食】豬肉火鍋肉片,食/肉類/豬
【漢克嚴選】西班牙臻寶豬五花燒烤火鍋肉片,食/肉類/豬
【卜蜂】醃漬入味 客家風味鹹豬肉 ,食/肉類/豬
【濎好食品】厚切手打排骨,食/肉類/豬
【愛上吃肉】特選豬小排,食/肉類/豬
【海之醇】黃金六兩極品松阪豬,食/肉類/豬
【金澤旬鮮屋】加拿大帶骨豬小排,食/肉類/豬
【卜蜂】饕級鮮嫩 國產雪花里肌.梅花火鍋片.五花燒烤片.豬絞肉 ,食/肉類/豬
【海肉管家】BBQ和風炭烤豬肋排,食/肉類/豬
【大成】日式鹽麴醬燒豚,食/肉類/豬
【優鮮配】懷古鐵路排骨,食/肉類/豬
【美味邸家】西班牙國寶伊比利松阪豬,食/肉類/豬
【台畜】迷迭香戰斧豬排 ,食/肉類/豬
【台糖安心豚】前腿肉絲量販包,食/肉類/豬
【台糖安心豚】調味里肌豬排,食/肉類/豬
【究好豬】帶皮五花肉條,食/肉類/豬
【小嚼士】台灣鹹豬肉炒片  ,食/肉類/豬
【優鮮配】橡實果Bellota伊比利豬肋條,食/肉類/豬
【卜蜂】黃金比例 國產豬絞肉 ,食/肉類/豬
【金園排骨】大塊吃肉組｜厚切排骨,食/肉類/豬
【永豐餘生技】冷凍台灣正黑豬,食/肉類/豬
【究好豬】松阪肉片,食/肉類/豬
【台糖安心豚】豬小排肉/肋排量販包,食/肉類/豬
【凱文肉舖】美淇食品-西班牙伊比利豬梅花火鍋片,食/肉類/豬
【約克街肉鋪】台灣帶骨梅花豬小排,食/肉類/豬
【卜蜂】特選國產手切 霜降松阪豬 ,食/肉類/豬
【大成】中一排骨 大成食品,食/肉類/豬
【巧食家】國產五花豬肉串,食/肉類/豬
【卜蜂】醃漬去骨 古早味里肌豬排,食/肉類/豬
【嚴選好物HOWGOOD-中秋烤肉】西班牙國寶伊比利豬燒烤香煎肉片,食/肉類/豬
【小嚼士】頂級松阪豬肉片  ,食/肉類/豬
【勝崎生鮮】國產嚴選極品黑豚鮮嫩梅花火鍋肉片組,食/肉類/豬
【卜蜂】饕級鮮嫩 雪花里肌.梅花火鍋片.五花燒烤片.豬絞肉 ,食/肉類/豬
【台糖安心豚】豬絞肉量販包,食/肉類/豬
【富統食品】古早味鐵路里肌豬排組,食/肉類/豬
【卜蜂】生鮮急凍 國產豬小排.小菲力豬.里肌豬排.五花肉丁.豬肉絲.豬絞肉 ,食/肉類/豬
【鮮食堂】料理常備 國產梅花豬排,食/肉類/豬
【永豐餘生技】台灣正黑豬梅花肉片,食/肉類/豬
【永豐餘生技】伊比利豬梅花肉片,食/肉類/豬
【天和鮮物】厚呷豬-雪花火鍋肉片,食/肉類/豬
【台糖安心豚】小排肉+中排肉,食/肉類/豬
【永豐餘生技】台灣正黑豬帶皮五花肉,食/肉類/豬
【三頓飯】西班牙伊比利梅花豬排,食/肉類/豬
【小嚼士】蜜汁里肌燒肉片  ,食/肉類/豬
【台糖安心豚】去皮五花肉塊量販包,食/肉類/豬
【究好豬】梅花燒肉片,食/肉類/豬
【海肉管家】西班牙伊比利梅花豬烤肉/火鍋肉片,食/肉類/豬
【台畜】嚴選台灣生鮮豬肉,食/肉類/豬
【量販箱】照燒豬肉排,食/肉類/豬
【KAWA巧活】能量豬-肉片,食/肉類/豬
【陽光豬】二層肉,食/肉類/豬
【台糖安心豚】五花肉片量販包,食/肉類/豬
【嚴選好物HOWGOOD】西班牙國寶伊比利豬火鍋肉片 ,食/肉類/豬
【享吃肉肉】日式梅花里肌燒肉片,食/肉類/豬
【卜蜂】國產嚴選豬肉 ,食/肉類/豬
【大成】黑蜜豬極緻九件組︱梅花、五花、里肌、胛心肉︱大成食品,食/肉類/豬
【永豐餘生技】台灣正黑豬小排,食/肉類/豬
【好神】MIT鮮嫩梅花豬肉片,食/肉類/豬
【卜蜂】急凍生鮮 國產豬小排.小菲力豬.里肌豬排.五花肉丁.豬肉絲.豬絞肉 ,食/肉類/豬
【台糖安心豚】雪花肉/松阪肉量販包,食/肉類/豬
【大成】黑蜜豬︱極緻烤肉,食/肉類/豬
【優鮮配】團購組-橡實果Bellota伊比利豬肋條,食/肉類/豬
【台糖安心豚】雪花肉,食/肉類/豬
【台糖安心豚】五花肉丁量販包,食/肉類/豬
【卜蜂】嚴選國產豬 附皮五花肉丁 ,食/肉類/豬
【台糖安心豚】中排肉量販包,食/肉類/豬
【台糖安心豚】豬絞肉,食/肉類/豬
【台糖安心豚】豬腱肉量販包,食/肉類/豬
【金園排骨】特級厚切排骨,食/肉類/豬
【海鮮主義】戰斧豬排,食/肉類/豬
【卜蜂】饕級鮮嫩雪花里肌.梅花火鍋片.五花燒烤片.黃金比例豬絞肉 ,食/肉類/豬
【小嚼士】頂級霜降松阪豬 ,食/肉類/豬
【台糖安心豚】豬小排肉,食/肉類/豬
【台糖安心豚】雪花肉/霜降肉,食/肉類/豬
【台糖肉品】梅花肉片量販包,食/肉類/豬
唐揚套餐,食/肉類/雞
椒麻雞塊,食/肉類/雞
滿滿泰式雞腿卷,食/肉類/雞
卜蜂義式雞胸,食/肉類/雞
六塊麥克雞塊,食/肉類/雞
六塊雞,食/肉類/雞
古早味香滷嫩雞胸,食/肉類/雞
台灣嫩雞胸肉,食/肉類/雞
四塊麥克雞塊,食/肉類/雞
全家炸雞餐,食/肉類/雞
老饕雞腿排,食/肉類/雞
咖哩雞肉水餃,食/肉類/雞
法式舒肥嫩雞胸,食/肉類/雞
青花椒香麻脆雞,食/肉類/雞
炸雞腿,食/肉類/雞
紅魔鬼雞排,食/肉類/雞
香烤雞肉,食/肉類/雞
香辣霸王雞球,食/肉類/雞
香雞排,食/肉類/雞
桂丁土雞胸肉切片,食/肉類/雞
海底撈麻辣雞球,食/肉類/雞
烤大雞腿,食/肉類/雞
秘香椒麻嫩雞胸,食/肉類/雞
莎莎雞腿捲,食/肉類/雞
博客墨西哥風味辣雞胸,食/肉類/雞
御料小館X世界的山將夢幻雞翅,食/肉類/雞
御料小館美式香辣雞丁,食/肉類/雞
御料小館香辣炸雞球,食/肉類/雞
御料小館辣味雞柳條,食/肉類/雞
椒麻雞胸肉,食/肉類/雞
椒鹽鹽酥雞,食/肉類/雞
硬硬的炸雞雞,食/肉類/雞
舒肥嫩雞胸早午餐,食/肉類/雞
黑胡椒雞柳條,食/肉類/雞
煙燻脆雞,食/肉類/雞
義式經典嫩雞胸,食/肉類/雞
摩斯雞塊,食/肉類/雞
十塊雞,食/肉類/雞
﻿勁辣雞腿,食/肉類/雞
麥香雞,食/肉類/雞
椒麻十塊雞,食/肉類/雞
嫩煎雞腿,食/肉類/雞
辣六塊雞,食/肉類/雞
糖醋炸雞,食/肉類/雞
韓式炸雞,食/肉類/雞
鮮嫩雞腿肉,食/肉類/雞
聯夏宮保雞丁,食/肉類/雞
雞二節翅,食/肉類/雞
雞柳串,食/肉類/雞
雞塊20分享盒,食/肉類/雞
雞腿肉,食/肉類/雞
雞腿串,食/肉類/雞
雞腿排鍋套餐,食/肉類/雞
爐烤雞腿排早午餐,食/肉類/雞
鐵板黑胡椒嫩雞胸,食/肉類/雞
鹽漬手切嫩雞胸,食/肉類/雞
O手切雞腿肉鍋,食/肉類/雞
剝皮辣椒明星雞湯,食/肉類/雞
蒜好好蒜頭雞湯,食/肉類/雞
帕瑪森雞腿堡,食/穀類
青花椒卡啦雞腿堡,食/穀類
青花椒桂丁雞翅腿,食/肉類/雞
原塊嫩雞起司漢堡,食/穀類
甜辣雞腿堡,食/穀類
晶華紐奧良風味烤雞堡,食/穀類
嫩煎雞腿堡,食/穀類
三福黑糖嫩豆花,食/豆類
大漢傳統板豆腐,食/豆類
中華火鍋豆腐,食/豆類
中華有機豆腐,食/豆類
中華凍豆腐,食/豆類
中華超嫩豆腐,食/豆類
中華雞蛋豆腐非基改,食/豆類
北海道小粒納豆,食/豆類
光泉無加糖鮮豆漿,食/豆類
光泉鮮豆漿,食/豆類
百頁豆腐,食/豆類
麻糬豆花,食/豆類
無糖豆漿,食/豆類
猴頭菇素火腿,食/豆類
統一陽光陽光黃金豆豆漿,食/豆類
統一陽光無糖高纖豆漿,食/豆類
傳貴有機無糖豆漿,食/豆類
微藻素火腿,食/豆類
煙燻素火腿,食/豆類
義美古早傳統無糖豆奶,食/豆類
義美厚豆奶,食/豆類
義美厚豆花,食/豆類
義美高纖全豆豆奶,食/豆類
義美高纖堅果杏仁全豆奶,食/豆類
義美堅果杏仁全豆奶,食/豆類
義美無加糖厚濃豆奶,食/豆類
義美傳統料理板豆腐非基因改造黃豆,食/豆類
義美鮮嫩豆腐非基改,食/豆類
零添加純釀醬油,食/豆類
滷非基改大黑干,食/豆類
醬油高蛋白豆片釀造,食/豆類
高纖全豆豆奶,食/豆類
【TRYALL】分離大豆蛋白,食/豆類
【Vilson米森】有機黑豆,食/豆類
【十甲有機】國產黑豆,食/豆類
【大研生醫】台灣極品納豆膠囊,食/豆類
【大溪廖心蘭】老道系列豆干,食/豆類
【大溪廖心蘭】非基改系列豆干,食/豆類
【日本北海道】黑豆茶,食/豆類
【台灣小農契作非基改黃豆】台灣黃豆,食/豆類
【台灣好農】100%台灣產產銷履歷黑豆奶-無糖,食/豆類
【台灣源味本舖x豆油伯嚴選】台灣黃豆,食/豆類
【弘昌碾米工廠】台灣小農契作青仁小黑豆,食/豆類
【本家生機】小麥豆卷,食/豆類
【本家生機】非基改千張豆皮豆腐衣,食/豆類
【正康】純豆奶/黑豆奶,食/豆類
【光泉】黑豆漿,食/豆類
【光泉】鮮豆漿,食/豆類
【自然甜堅果】無調味黑豆,食/豆類
【老中醫】豆干-中丁,食/豆類
【豆油伯】金美好無添加糖醬油,食/豆類
【豆油伯】金美滿無添加糖醬油,食/豆類
【豆油伯】金美滿醬油-無添加糖,食/豆類
【豆油伯】金桂釀造醬油,食/豆類
【豆油伯】缸底醬油升級,食/豆類
【豆油伯】茶姬釀造醬油,食/豆類
【豆油伯】辣豆瓣醬,食/豆類
【豆油伯醬油】甘田醬油,食/豆類
【豆油伯醬油】缸底醬油,食/豆類
【里仁】有機黑豆茶包,食/豆類
【明月豆腐】明月豆腐餅乾,食/豆類
【青龍牌】田豆酥-蠶豆,食/豆類
【青龍牌】芳香藥膳田豆酥,食/豆類
【信東生技】納豆Q10軟膠囊,食/豆類
【馬玉山】豆漿粉,食/豆類
【康健生機】霸豆子-黑豆,食/豆類
【盛香珍】蒜香青豆/芥末青豆/麻辣青豆,食/豆類
【統一】陽光無加糖豆奶,食/豆類
【統一生機】有機青仁黑豆,食/豆類
【統一生機】有機無加糖豆漿,食/豆類
【統一生機】有機黃豆提袋組,食/豆類
【統洋TOPMOST】有機無糖發芽豆漿,食/豆類
【統洋TOPMOST】有機無糖濃豆乳,食/豆類
【統洋TOPMOST】無糖有機發芽黑豆漿,食/豆類
【統洋TOPMOST】無糖有機濃黑豆乳,食/豆類
【萬益食品】千層豆干,食/豆類
【黑豆桑】天然極品全能缸底醬油,食/豆類
【黑豆桑】天然靜置釀造醬料系列-醇釀極品香豆瓣醬,食/豆類
【義美】全豆無添加醬油,食/豆類
【義美】低糖豆奶,食/豆類
【義美】無加糖元氣豆奶系列,食/豆類
【義美生機】台灣黑豆茶,食/豆類
【福記】原味日式素豆干,食/豆類
【薌園】100%無加糖豆漿粉,食/豆類
【薌園】早安豆漿-香醇濃郁,食/豆類
【薌園】營養豆漿-非基改黃豆,食/豆類
【臻御行】千層豆干/方豆干/香辣方豆干/香辣豆干條/小豆干丁,食/豆類
【纖Q】黑豆水,食/豆類
光泉特濃５．１豆漿,食/豆類
【老爸ㄟ廚房】大規格外銷等級原味毛豆,食/豆類
【幸美生技】IQF鮮凍蔬菜-台灣冷凍毛豆仁,食/豆類
光泉富維他牛乳,食/乳品類
豐力富全脂鮮奶,食/乳品類
【KLIM 克寧】高鈣成長牛乳,食/乳品類
AB草莓優酪乳,食/乳品類
AB無加糖優酪乳,食/乳品類
AB優酪乳,食/乳品類
Base n U高蛋白可可牛乳,食/乳品類
Base n U高蛋白香蕉牛乳,食/乳品類
LCA活菌原味發酵乳,食/乳品類
ＬＣＡ活菌清爽發酵乳,食/乳品類
Lp33機能優酪乳,食/乳品類
一番鮮全脂鮮乳,食/乳品類
可可牛奶,食/乳品類
光泉木瓜牛乳,食/乳品類
光泉杯裝麥芽牛乳,食/乳品類
光泉高鈣牛乳,食/乳品類
光泉無加糖優酪乳,食/乳品類
光泉優質蛋白巧克力牛奶,食/乳品類
味全果汁牛乳,食/乳品類
金草莓-草莓牛奶,食/乳品類
金蘋果調味乳蘋果風味,食/乳品類
金蘋果蘋果牛奶乳飲品,食/乳品類
林鳳營全脂鮮乳,食/乳品類
科克蘭全脂鮮乳,食/乳品類
桑葚優格飲-減糖版,食/乳品類
莓果穀物優酪,食/乳品類
雪比無加糖生優格,食/乳品類
晶典小品-黑糖奶酪,食/乳品類
焙烏龍鮮奶,食/乳品類
統一木瓜牛奶,食/乳品類
統一木瓜牛乳,食/乳品類
統一多多牛奶,食/乳品類
統一多多活菌發酵乳牛奶口味,食/乳品類
統一多多活菌發酵乳草莓口味,食/乳品類
瑞穗全脂鮮奶,食/乳品類
瑞穗低脂鮮乳,食/乳品類
瑞穗鮮奶低脂,食/乳品類
瑞穗鮮乳-全脂,食/乳品類
瑞穗鮮乳-全脂鮮乳,食/乳品類
瑞穗鮮乳-低脂鮮乳,食/乳品類
瑞穗鮮乳低脂,食/乳品類
瑞穗蘋果牛奶,食/乳品類
福樂Q果葡萄奇異果優酪,食/乳品類
福樂一番鮮鮮乳,食/乳品類
福樂超能蛋白營養牛乳堅果可可,食/乳品類
【MILKLAB】嚴選全脂保久乳,食/乳品類
【鮮乳坊】A2β酪蛋白鮮乳,食/乳品類
【Shianyuan 仙園】純芋拿鐵｜國產鮮乳｜保久乳｜厚生乳｜不含咖啡因,食/乳品類
【嘉沛鮮羊乳】巧克力調味羊乳,食/乳品類
【鮮乳坊】幸運兒鮮乳,食/乳品類
【鮮乳坊】豐樂鮮乳,食/乳品類
【乳之初】LP-abs多益菌優酪乳,食/乳品類
【味全】黑穀芝麻牛乳,食/乳品類
【YOGU】百香果優格飲/添加寡糖組,食/乳品類
【嘉沛鮮羊乳】鮮羊乳,食/乳品類
【嘉沛鮮羊乳】麥芽調味羊乳,食/乳品類
【極品限定】巧克力牛乳,食/乳品類
【嘉沛鮮羊乳】草莓調味羊乳,食/乳品類
【嘉沛鮮羊乳】初乳蛋白調味羊乳,食/乳品類
【仙園】增量↑擂茶拿鐵x桂圓拿鐵x純芋拿鐵｜特調保久乳｜國產鮮乳,食/乳品類
【高屏羊乳】6大認證SGS綜合羊乳,食/乳品類
【美式賣場】紐麥福全脂保久乳 ,食/乳品類
【嘉沛鮮】綜合羊乳,食/乳品類
【高屏羊乳】台灣好系列-SGS玻瓶牛鮮乳牛奶,食/乳品類
【高屏羊乳】6大認證SGS玻瓶巧克力調味羊乳,食/乳品類
【鮮乳坊】桂芳鮮乳,食/乳品類
【仙園】純芋拿鐵保久乳禮盒｜國產鮮乳｜保久乳｜厚生乳｜無咖啡因,食/乳品類
【MILO 美祿】巧克力麥芽牛奶飲品,食/乳品類
【PULEVA】西班牙1958保久乳,食/乳品類
【YOGU】火龍果優格飲/添加寡糖組,食/乳品類
【統一】瑞穗全脂鮮乳,食/乳品類
【Berti】歐洲寶貝優質保久牛奶,食/乳品類
【乳之初】三黑五穀牛乳,食/乳品類
【Nestle 雀巢】全脂牛奶 ,食/乳品類
【丹醇研選】丹醇優格 ,食/乳品類
【乳之初】葡萄糖胺調味乳,食/乳品類
【美式賣場】福樂 黑芝麻保久乳,食/乳品類
【鮮乳坊】許慶良鮮乳,食/乳品類
【羊舍】鮮羊乳,食/乳品類
【高屏羊乳】6大認證SGS玻瓶果汁調味羊乳,食/乳品類
【高屏羊乳】台鹿系列-SGS玻瓶蘋果調味牛奶,食/乳品類
【乳之初】活益乳酸菌,食/乳品類
【高屏羊乳】6大認證SGS玻瓶麥芽調味羊乳,食/乳品類
【台東初鹿】牛乳系列飲品,食/乳品類
【美式賣場】KLIM 克寧核桃燕麥牛乳,食/乳品類
【乳之初】可可牛乳,食/乳品類
【KLIM 克寧】草莓優酪乳,食/乳品類
【丹醇研選】丹醇鮮乳,食/乳品類
【YOGU】芒果優格飲/添加寡糖組,食/乳品類
【福樂】巧克力口味保久乳 ,食/乳品類
【乳之初】膠原蛋白調味乳,食/乳品類
蠟筆小新風味牛乳,食/乳品類
【乳之初】初乳蛋白調味乳,食/乳品類
【初鹿牧場】初鹿鮮乳,食/乳品類
【高屏羊乳】6大認證SGS玻瓶草莓調味羊乳,食/乳品類
【韓味不二】Binggrae風味牛奶,食/乳品類
【阿華田Ovaltine】營養麥芽牛奶飲品,食/乳品類
【韓味不二】Binggrae韓國人氣國民牛奶,食/乳品類
【奧爾登堡Oldenburger】奧爾登堡全脂牛乳,食/乳品類
【高屏羊乳】台鹿系列-SGS玻瓶鮮乳牛奶,食/乳品類
【丹醇研選】丹醇優格,食/乳品類
【高屏羊乳】6大認證SGS玻瓶100%鮮羊乳,食/乳品類
田園純牛奶,食/乳品類
【福樂】黑芝麻保久乳/牛乳/牛奶 ,食/乳品類
【Shianyuan 仙園】純芋拿鐵保久乳禮盒｜國產鮮乳｜保久乳｜厚生乳｜無咖啡因,食/乳品類
【沃樂氏X迷克控】100%生乳保久乳,食/乳品類
【新生活】100%羊乳/鮮乳,食/乳品類
【新生活】100%鮮羊乳,食/乳品類
【谷溜谷溜】0-1酵母硒保久乳,食/乳品類
【福樂】堅果口味保久乳 ,食/乳品類
【新生活】100%鮮乳,食/乳品類
【國農】國農牛乳-你最牛 ,食/乳品類
【極品限定】高鈣牛乳,食/乳品類
【高屏羊乳】台鹿系列-SGS玻瓶巧克力調味牛奶,食/乳品類
【KLIM 克寧】芭那那高纖牛乳,食/乳品類
【美式賣場】KLIM 克寧 核桃燕麥牛乳,食/乳品類
【高屏羊乳】6大認證SGS玻瓶營養強化羊乳,食/乳品類
【谷溜谷溜】0-1酵母硒牛乳,食/乳品類
【高屏羊乳】台鹿系列-SGS玻瓶綜合牛奶,食/乳品類
【光泉】優質蛋白牛乳-原味,食/乳品類
【光泉】養生三寶牛奶,食/乳品類
【KLIM 克寧】高鈣成長牛乳&草莓優酪乳 ,食/乳品類
【光泉】富維他牛乳,食/乳品類
【紐牧然】紐牧然100%紐西蘭鮮奶,食/乳品類
【美式賣場】雀巢美祿 高鈣可可麥芽牛奶,食/乳品類
【福樂】蘋果口味保久乳 ,食/乳品類
【KLIM 克寧】現打系列保久乳,食/乳品類
【台灣農林x迷克控】日月紅茶/奶茶,食/乳品類
【美式賣場】紐麥福全脂保久乳,食/乳品類
【福樂】香蕉口味保久乳 ,食/乳品類
【福樂】保久乳,食/乳品類
【國農】保久乳系列,食/乳品類
【MILO 美祿】巧克力飲品減糖配方,食/乳品類
【Anchor安佳】紐西蘭純牛奶,食/乳品類
【台農乳品】農會牌保久乳系列-全脂/巧克力/麥芽/草莓/蘋果/果汁,食/乳品類
【福樂】機能保久乳口味,食/乳品類
即期品【KLIM 克寧】高鈣成長牛乳,食/乳品類
【旺旺】旺仔牛奶 ,食/乳品類
【福樂】保久乳口味任選 ,食/乳品類
【紐麥福】保久乳,食/乳品類
【福樂】雙麥牛乳 ,食/乳品類
【艾許Echire】全脂牛乳,食/乳品類
【美式賣場】蜜蜂工坊 蜂蜜牛奶 ,食/乳品類
【Cowhead田園】田園全脂純牛乳,食/乳品類
【統一】PowerMate可可麥芽牛奶,食/乳品類
【MILKLAB】嚴選無乳糖牛乳,食/乳品類
【嘉沛鮮羊乳】綜合羊乳,食/乳品類
【KLIM 克寧】綜合莓果漾·牛乳,食/乳品類
【美式賣場】蜜蜂工坊 蜂蜜牛奶,食/乳品類
【美式賣場】紐麥福 全脂保久乳,食/乳品類
【萬丹】保久乳,食/乳品類
【Nestle 雀巢】全脂牛奶,食/乳品類
【鮮乳坊】100%生乳保久乳,食/乳品類
【法國Pom Potes】法優樂優格 原味/草莓/藍莓,食/乳品類
【福樂】機能保久乳-鈣多多高鈣,食/乳品類
【光泉】養生三寶-無加糖高鈣牛奶/黑芝麻牛奶/珍榖堅果牛奶,食/乳品類
【極品限定】蘋果牛乳,食/乳品類
味全 原味牛乳,食/乳品類
【統一】BODYTALK高纖低脂牛乳TPA,食/乳品類
【統一】Dr.Milker極鮮乳脂肪無調整,食/乳品類
【光泉】調味奶保久乳,食/乳品類
【統一】統一牛乳原味保久乳,食/乳品類
【光泉】全脂保久乳,食/乳品類
【台農乳品】保久乳系列,食/乳品類
【義美】原味保久乳,食/乳品類
【福樂】100%生乳保久乳,食/乳品類
【福樂】一番鮮保久乳,食/乳品類
【戀】職人原味保久乳/牛乳,食/乳品類
【福樂】高鈣低脂口味保久乳 ,食/乳品類
【義美】牛乳/牛奶/保久乳,食/乳品類
【台東初鹿】原味保久乳,食/乳品類
【台東初鹿】濃厚伯爵紅茶牛乳/醇厚可可牛乳,食/乳品類
【義美】保久乳,食/乳品類
【沃樂氏x迷克控】100%生乳保久乳,食/乳品類
【初鹿牧場】原味保久乳,食/乳品類
【初鹿牧場】米牛乳,食/乳品類
木瓜牛奶霜淇淋,食/乳品類
牛奶口味霜淇淋,食/乳品類
全家Fami霜淇淋,食/乳品類
芋頭牛奶霜淇淋,食/乳品類
芭樂霜淇淋,食/乳品類
杯裝經典１１７咖啡霜淇淋,食/乳品類
哈尼午茉綠霜淇淋,食/乳品類
泰濃郁!奶茶風味霜淇淋,食/乳品類
統一布丁霜淇淋,食/乳品類
經典１１７咖啡霜淇淋,食/乳品類
嫩仙草凍奶,食/其它
小肉豆,食/其它
元進莊薑母鴨,食/其它
PH9.0鹼性離子水,食/其它
台鹽海洋鹼性離子水,食/其它
早美紅茶,食/其它
厚燒玉子,食/其它
博客Q肉丁德國香腸香蒜,食/其它
滿漢小香腸,食/其它
【OOHA】氣泡飲 水蜜桃烏龍茶 易開罐,食/其它
【OOHA】氣泡飲 柚子海鹽 易開罐,食/其它
【OOHA】氣泡飲 檸檬蜂蜜口味易開罐,食/其它
【PH9.0】鹼性離子水,食/其它
左岸咖啡館-無加糖拿鐵咖啡,食/其它
左岸咖啡館奶茶,食/其它
冰蜂蜜奶茶,食/其它
原萃鐵觀音,食/其它
泰山純水,食/其它
純喫茶紅茶,食/其它
21Plus椒香胡麻雞肉麵沙拉,食/其它
21Plus義式烤雞堅果沙拉,食/其它
AW口香糖極酷,食/其它
Energy Time機能凍飲元氣PLUS,食/其它
Energy Time機能凍飲電解質PLUS,食/其它
FIJI斐濟天然礦泉水,食/其它
ＦＩＮ補給飲料,食/其它
ＦＭＣ天然水,食/其它
ＦＭＣ日月潭紅玉紅茶,食/其它
ＦＭＣ古早味紅茶,食/其它
ＦＭＣ四季春青茶,食/其它
FMC旨味日式綠,食/其它
FMC芒果冰茶,食/其它
ＦＭＣ玫瑰蜂蜜水,食/其它
ＦＭＣ金萱二十七,食/其它
FMC葡萄柚綠茶,食/其它
ＦＭＣ蜂蜜水,食/其它
FMC翡翠檸檬茶,食/其它
FMC樂多綠茶,食/其它
FMC橙柚百香綠茶,食/其它
ＦＭＣ濃醇馥列白,食/其它
ＦＭＣ薰衣草蜂蜜水,食/其它
ＦＭＣ檸檬氣泡水,食/其它
ＦＭＣ鹼性離子水,食/其它
Homeal x 石二鍋 爆香石頭鍋,食/其它
KIRIN午後紅茶-奶茶,食/其它
KIRIN冰結調酒-華麗白葡萄,食/其它
咖啡拿鐵,食/其它
M＆Ms牛奶糖衣巧克力,食/其它
芒果綠茶,食/其它
北海道牛奶巧酥雪糕,食/其它
OG 柳橙綠茶,食/其它
OREO冰炫風,食/其它
百香綠茶,食/其它
SCR小農雪點鮮奶茶,食/其它
SL莊園拿鐵,食/其它
ＹＯＩ鹼性水,食/其它
一本有機石榴紅康普茶,食/其它
一番抹茶鮮奶茶,食/其它
三起司熱狗,食/其它
三得利白色沙瓦,食/其它
三得利微醉雞尾酒-梅酒蘇打,食/其它
阿華田拿鐵,食/其它
珍珠紅茶拿鐵,食/其它
特濃經典拿鐵,食/其它
大吸館寒天冬瓜檸檬ＱＱ,食/其它
大臣賞冠軍茶匠焙茶鮮奶茶,食/其它
焙茶拿鐵,食/其它
小農雪點鮮奶茶,食/其它
中祥地瓜酥原味,食/其它
零卡可樂,食/其它
元氣有理綜合B群,食/其它
午后時光重乳可可奶茶,食/其它
午后時光重乳奶茶,食/其它
午后時光重乳茉莉綠奶茶,食/其它
太妃奶茶,食/其它
太和殿大骨煲湯,食/其它
手採阿里山金萱,食/其它
手採紅茶,食/其它
日本DYDO世界一無糖黑咖啡,食/其它
日本大雷神巧克力餅乾,食/其它
日本幸之香草莓迷你泡芙,食/其它
日式巧克力泡芙,食/其它
比菲多減糖纖維,食/其它
水語乳酸菌飲料,食/其它
水蠻牛維他命Ｂ補給飲料,食/其它
火腿洋芋沙拉,食/其它
牛奶雪糕,食/其它
卡士達麻糬泡芙,食/其它
卡迪那95°C北海道風味薯條,食/其它
卡迪那德州薯條茄汁口味,食/其它
古早味濃紅茶,食/其它
古道梅子綠茶瓶,食/其它
可口奶滋隨手分享包,食/其它
可口雪碧,食/其它
可可布朗冰炫風,食/其它
可可紅茶,食/其它
可可脆片莎莎,食/其它
可可瑪奇朵,食/其它
可可歐雷,食/其它
可爾必思,食/其它
可樂,食/其它
台啤微醺芭樂蓮霧,食/其它
台鹽海洋鹼性水,食/其它
四季春青茶,食/其它
四神湯,食/其它
奶蓋烏龍茶,食/其它
左岸咖啡館拿鐵咖啡,食/其它
左岸咖啡館無加糖拿鐵,食/其它
左岸無加糖拿鐵,食/其它
巧克力QQ球,食/其它
巧克力可可,食/其它
巧克力可可碎片奶,食/其它
巧克力威化餅,食/其它
巧克力軟餅乾,食/其它
巧克力麻糬泡芙,食/其它
巧酥白巧克力雪糕,食/其它
札幌味噌鍋,食/其它
玉米濃湯,食/其它
甘蔗菁茶,食/其它
甘蔗綠茶,食/其它
生巧克力派—雙層巧克力口味,食/其它
生活芒果泥紅茶,食/其它
生活良好壽喜燒醬,食/其它
生活泡沫綠茶,食/其它
白玉歐蕾,食/其它
白葡萄ＱＱ糖巧克力球,食/其它
北海鱈魚香絲-細,食/其它
立頓奶茶,食/其它
立頓巧克力奶,食/其它
立頓英式奶茶,食/其它
立頓原味奶茶,食/其它
立頓琥珀紅茶,食/其它
仲夏芒果冰沙,食/其它
伊藤園綠茶,食/其它
光泉冰釀紅茶,食/其它
光泉茉香柚茶,食/其它
光泉茉莉茶園-蜜茶,食/其它
光泉茉莉蜜茶,食/其它
光泉蘋果紅茶,食/其它
冰火葡萄伏特加,食/其它
冰奶香蜂蜜甜梨風味紅茶,食/其它
巧克力可可歐蕾,食/其它
珍珠椰果四季春,食/其它
黑糖珍珠撞奶,食/其它
蜂蜜紅茶,食/其它
福吉茶那堤,食/其它
冰蜜柚紅茶,食/其它
醇濃抹茶那堤,食/其它
檸檬紅茶,食/其它
冰鎮芭樂綠茶,食/其它
冰鎮葡萄鮮冰茶,食/其它
冰鎮檸檬紅茶,食/其它
吃果籽-檸檬愛玉吸凍飲,食/其它
多喝水鹼性竹炭水,食/其它
百事可樂,食/其它
百香果綠茶,食/其它
百香翡翠冰茶,食/其它
肉球葡萄波堤,食/其它
自然主意米厘胡椒蔥蘇打餅,食/其它
自然主意奇亞籽鑽石鹽藍藻蔥餅,食/其它
芝士奶蓋春烏龍,食/其它
芝士奶蓋焙烏龍,食/其它
老實人紅茶,食/其它
老叢鐵觀音,食/其它
伯朗絲絨奶茶,食/其它
伯爵可可奶蓋雪糕,食/其它
伯爵核桃軟餅乾片,食/其它
杜老爺脆皮巧克,食/其它
每朝健康-雙纖綠茶,食/其它
每朝健康綠茶,食/其它
芬達橘子易開罐,食/其它
芭樂檸檬綠茶,食/其它
貝納頌特濃拿鐵,食/其它
阿里山金萱,食/其它
阿里山蜜柚烏龍,食/其它
阿奇儂Ｘ鮮乳坊白巧克力戀乳雪糕,食/其它
阿奇儂雪糕,食/其它
冷泡茶冰釀烏龍,食/其它
乳酪熱狗捲,食/其它
京都抹茶,食/其它
味丹冬瓜茶,食/其它
味丹多喝水,食/其它
味丹青草茶,食/其它
岩紅厚奶茶,食/其它
岩燒海苔洋芋片,食/其它
招牌紅奶茶,食/其它
旺家補給水飲,食/其它
昂舒巴黎伯爵奶蓋泡芙,食/其它
果漾蘋果風味蘇打飲料,食/其它
油切蕎麥茶,食/其它
波力小隊棉花糖,食/其它
波士頓提拉米蘇,食/其它
波的多洋芋片蚵仔煎辣味口味,食/其它
波蜜極品紅茶,食/其它
玫瑰蜜香茶那堤,食/其它
耶誕可可波堤,食/其它
耶誕抹茶波堤,食/其它
耶誕蘋果波堤,食/其它
英式奶茶,食/其它
英式奶綠,食/其它
英式紅茶,食/其它
茉莉卡布奇諾-全糖,食/其它
茉莉茶園－蜜茶,食/其它
茉莉茶園金橙紅柚茉莉茶,食/其它
茉莉茶園蜜茶,食/其它
茉莉茶園蜜蘋香橙伯爵茶,食/其它
青菜豆腐蛋花湯,食/其它
青檸烏龍,食/其它
金莎,食/其它
金牌台灣啤酒,食/其它
金黃芝士熱狗,食/其它
金蜜紅茶,食/其它
易口舒勁爽薄荷錠,食/其它
保力達檸檬—C片,食/其它
勇伯地瓜酥-原味,食/其它
南投翠峰冷泡茶,食/其它
品客大阪章魚燒,食/其它
品客手羽先風味,食/其它
哈瑞寶鈕扣Q軟糖,食/其它
思樂冰,食/其它
政泰 無籽冰心話梅,食/其它
星巴克咖啡,食/其它
活益比菲多-綠茶多酚,食/其它
活益比菲多減糖配方,食/其它
珍珠奶茶,食/其它
珍珠芝麻歐蕾,食/其它
皇家拿鐵,食/其它
﻿紅牛能量飲料,食/其它
紅玉紅茶,食/其它
紅玉茶香那堤,食/其它
紅茶花伝皇家紅,食/其它
紅茶拿鐵,食/其它
美式冰咖啡,食/其它
美式黑咖啡,食/其它
草莓巧克力波堤,食/其它
草莓厚奶茶,食/其它
荔枝冰茶凍飲,食/其它
香草卡士達泡芙,食/其它
香草酷奶昔,食/其它
香濃牛奶鍋,食/其它
香濃叻沙鍋,食/其它
香濃蒜味鍋,食/其它
柳丁綠茶,食/其它
柳橙檸檬綠茶,食/其它
茶裏王日式無糖綠茶,食/其它
茶裏王日式綠茶,食/其它
茶裏王台式綠茶,食/其它
茶裏王伯爵紅茶,食/其它
茶裏王英式紅茶,食/其它
健酪乳酸原味,食/其它
健酪乳酸飲料,食/其它
原味本舖麥仔茶,食/其它
原味肉肉鍋,食/其它
原萃日式綠茶,食/其它
原萃冷萃日式深蒸綠茶,食/其它
原萃冷萃春笠青茶,食/其它
原萃烏龍茶,食/其它
原萃綠茶-玉露,食/其它
原萃錫蘭無糖紅茶,食/其它
夏日冰柚冷萃,食/其它
家常起司隨口脆,食/其它
悅氏麥仔茶,食/其它
悅氏礦泉水,食/其它
拿鐵咖啡,食/其它
拿鐵鮮奶咖啡,食/其它
泰山仙草蜜,食/其它
泰山冰鎮水果,食/其它
泰山冰鎮葡萄鮮冰茶,食/其它
泰山冰鎮檸檬紅,食/其它
泰勒伯爵鮮奶茶,食/其它
特選馥郁那堤,食/其它
粉角冬瓜茶,食/其它
粉角紅茶,食/其它
粉粿桂花檸檬,食/其它
粉粿黑糖奶茶,食/其它
純喫茶芭樂綠茶,食/其它
純喫茶綠茶,食/其它
純喫茶鮮柚綠茶,食/其它
純喫茶檸檬綠茶,食/其它
脆脆巧克力波堤,食/其它
起司Q彈球,食/其它
起司牛奶鍋,食/其它
高山烏龍茶,食/其它
高粱酒,食/其它
烈日火山紅茶,食/其它
張君雅五香海苔,食/其它
張君雅日式串燒,食/其它
盛香珍花生煎餅,食/其它
盛香珍海鹽焦糖千層酥,食/其它
蛋捲冰淇淋,食/其它
雀巢茶品檸檬茶,食/其它
麥香錫蘭奶茶,食/其它
御茶園冰釀麥萃麥茶,食/其它
御茶園冰釀綠茶,食/其它
御茶園特上紅茶,食/其它
御茶園特撰日式綠茶,食/其它
御茶園特撰冰釀綠茶,食/其它
御茶園麥萃麥茶,食/其它
御茶園極生茶,食/其它
斯里蘭卡錫蘭紅茶,食/其它
晶英藥膳排骨湯,食/其它
最完美手沖泰奶,食/其它
森永果汁果實冰,食/其它
森永嗨啾軟糖,食/其它
椒麻香辣熱狗,食/其它
椪糖奶霜紅茶,食/其它
極品限定巧克力,食/其它
極酷嗆涼冰炫薄荷包,食/其它
極酷嗆涼重量包,食/其它
焙烏龍奶茶,食/其它
無籽冰梅肉,食/其它
焦香椪糖四季春,食/其它
統一PH9‧0鹼性離子水,食/其它
統一ＰＨ９鹼性離子水,食/其它
統一UNI water純水,食/其它
統一生機新纖蕎麥餅,食/其它
統一香腸蒜味,食/其它
統一麥香奶茶,食/其它
舒跑Energy能量飲料,食/其它
舒跑運動飲料,食/其它
舒跑鹼性離子水,食/其它
飲冰室茶集烏龍奶茶,食/其它
飲冰室茶集綠奶茶,食/其它
黃金蕎麥奶茶,食/其它
黑丸古早味紅茶凍,食/其它
黑面蔡古早紅茶,食/其它
黑森林波士頓派,食/其它
奧利奧奇寶巧克力雙,食/其它
奧利奧原味夾心餅乾,食/其它
微醉白色沙瓦雞尾酒,食/其它
微醉乳酸雞尾酒,食/其它
微醉梅酒蘇打,食/其它
微醉雞尾酒白色沙瓦,食/其它
微醉雞尾酒乳酸,食/其它
愛之味寒天檸檬,食/其它
新貴派-花生,食/其它
煙燻鮭魚光合沙拉,食/其它
經典五桐茶,食/其它
經典台灣啤酒,食/其它
經典原味熱狗,食/其它
經典原味鍋,食/其它
經典黑炫牛奶酷繽沙,食/其它
經典瑪格莉特 ,食/其它
義美仙草甘茶,食/其它
義美無糖台灣四季春,食/其它
義美葡萄QQ糖巧克球,食/其它
義美酸梅湯,食/其它
義美錫蘭紅茶,食/其它
蒜香胡椒鍋,食/其它
蒜香綜合滷味,食/其它
蜂蜜茶,食/其它
蜂蜜烏龍茶,食/其它
蜂蜜檸檬,食/其它
誠意奶茶,食/其它
農搾芭樂綜合飲,食/其它
農搾柳丁綜合果茶,食/其它
農搾檸檬飲,食/其它
樺達奶茶,食/其它
樺達硬喉糖,食/其它
蜜柚紅茶,食/其它
蜜蜂故事館蜂蜜檸檬水,食/其它
蜜糖巧克力波堤,食/其它
酸奶洋蔥爆米花,食/其它
酸辣湯,食/其它
養樂多300發酵,食/其它
養樂多青茶,食/其它
鳳梨酥,食/其它
鳳梨煎茶,食/其它
綠豆沙牛奶,食/其它
綠茶凍五桐奶茶,食/其它
綠茶擂茶,食/其它
精選英式紅拿,食/其它
澳洲蔗糖,食/其它
澳洲糖蜜,食/其它
熟成紅茶歐蕾,食/其它
熟稱歐蕾,食/其它
熱狗蛋沙拉,食/其它
熱厚濃靜岡抹茶拿鐵,食/其它
熱黑糖珍珠撞奶,食/其它
黎花院蘇打餅泡菜風味,食/其它
樂事九州岩燒海苔洋芋片,食/其它
樂事自然美味海鹽口味洋芋片,食/其它
樂事自然美味薄切地瓜原味,食/其它
樂事美國經典原味洋芋片,食/其它
橋村辣醬熱狗,食/其它
濃萃美式冰咖啡,食/其它
濃萃拿鐵冰咖啡,食/其它
濃韻烏龍茶,食/其它
燒仙草,食/其它
錫蘭紅茶,食/其它
鴛鴦鍋,食/其它
韓樂燒酒,食/其它
鮮乳脆皮泡芙,食/其它
龍角散喉糖,食/其它
檸檬春烏龍,食/其它
檸檬風味紅茶,食/其它
雙倍OR冰炫風,食/其它
懷舊冰沙,食/其它
蘋果派,食/其它
蘆筍蝦手卷,食/其它
麗芝士威化餅,食/其它
寶礦力水得,食/其它
糯香奶茶,食/其它
魔爪能量碳酸飲料,食/其它
魔爪碳酸能量飲,食/其它
鐵觀音烏龍茶,食/其它
鶴記茶凍奶茶,食/其它
鹽焦糖巧克力波堤,食/其它
燕麥奶拿鐵,食/其它
涼拌皮蛋豆腐,食/其它
【77】新貴派大格酥,食/其它
【cama cafe】私藏選豆系列－咖啡豆,食/其它
【cama cafe】尋豆師精選咖啡豆,食/其它
【HWC 黑沃咖啡】甄選系列-咖啡豆,食/其它
【illy】義大利經典咖啡豆/咖啡粉,食/其它
【Julius Meinl 小紅帽咖啡】品味級咖啡豆,食/其它
【Julius Meinl 小紅帽咖啡】尊爵級咖啡豆,食/其它
【LAVAZZA】ROSSA 紅牌咖啡豆,食/其它
【Simple Kaffa 興波咖啡】巫里水洗咖啡豆 淺焙,食/其它
【Simple Kaffa 興波咖啡】希達馬日曬咖啡豆 淺焙,食/其它
【STARBUCKS 星巴克】精選咖啡豆,食/其它
【江鳥咖啡】世界風情咖啡豆綜合風味,食/其它
【西雅圖】貝瑞斯塔咖啡豆,食/其它
【西雅圖】黃金綜合/早晨綜合咖啡豆,食/其它
【伯朗咖啡】伯朗精選咖啡豆,食/其它
【伯朗咖啡】咖啡嚐家咖啡豆橙光香映/榛曦巧郁/盛綻果宴,食/其它
【步昂咖啡】CQI杯測師嚴選 咖啡豆｜烘豆師嚴選經典咖啡豆,食/其它
【步昂咖啡】接單現烘 精品咖啡豆,食/其它
【豆穌朋】招牌綜合泡芙,食/其它
【豆穌朋】經典泡芙口味任選,食/其它
【紅豆食府】新年糖果六角小禮盒系列,食/其它
【美式賣場】STARBUCKS 星巴克 黃金烘焙綜合咖啡豆/早餐綜合咖啡豆,食/其它
【義大利金杯咖啡】女王咖啡豆深焙,食/其它
【MILO 美祿-】巧克力飲品減糖配方,食/其它
【光泉】午后時光-阿薩姆奶茶,食/其它
【MILO 美祿】巧克力麥芽飲品減糖配方,食/其它
【愛之味】牛奶花生,食/油脂類
大豆沙拉油,食/油脂類
四乘六葵花瓜子,食/油脂類
奶油奶酥菠蘿油,食/油脂類
芝麻油,食/油脂類
芝麻粉,食/油脂類
芝麻醬,食/油脂類
烘焙南瓜子,食/油脂類
麻辣小魚花生,食/油脂類
萬歲牌和風堅果,食/油脂類
萬歲牌總匯點心包,食/油脂類
葵花油,食/油脂類
黑麻油,食/油脂類
瑪琪琳,食/油脂類
精緻牛油,食/油脂類
橄欖油,食/油脂類
葡萄籽油,食/油脂類
酪梨油,食/油脂類
椰子油,食/油脂類
開心果,食/油脂類
榛果,食/油脂類
亞麻仁油,食/油脂類
葵花籽油,食/油脂類
大豆油,食/油脂類
山茶花油,食/油脂類
無鹽綜合堅果,食/油脂類
義大利冷壓初榨橄欖油,食/油脂類
無鹽奶油,食/油脂類
亞麻籽油,食/油脂類
清香葵花籽油,食/油脂類
核桃油,食/油脂類
純正花生油,食/油脂類
白脫油,食/油脂類
鴨油,食/油脂類
鵝油,食/油脂類
黃油,食/油脂類
植物奶油,食/油脂類
雞油,食/油脂類
植物起酥油,食/油脂類
烘焙用酥油,食/油脂類
純花生醬,食/油脂類
無鹽發酵奶油,食/油脂類
堅果油,食/油脂類
金黃牛油,食/油脂類
棕櫚油,食/油脂類
芥花油,食/油脂類
植物調和油,食/油脂類
紫蘇籽油,食/油脂類
杏仁油,食/油脂類
牛油果油,食/油脂類
生酮酥油,食/油脂類
原味杏仁,食/油脂類
無糖無鹽堅果包,食/油脂類
綜合莓果堅果混合包,食/油脂類
夏威夷豆,食/油脂類
巴西堅果,食/油脂類
小白杏仁,食/油脂類
綠茶味花生,食/油脂類
蜜糖開心果,食/油脂類
薑味腰果,食/油脂類
可可杏仁,食/油脂類
養生核桃,食/油脂類
薄鹽南瓜子,食/油脂類
甜辣口味花生,食/油脂類
蜜汁堅果,食/油脂類
黑糖腰果,食/油脂類
烘焙瓜子,食/油脂類
糖炒栗子,食/油脂類
原味松子,食/油脂類
維他命堅果,食/油脂類
香酥脆小魚花生,食/油脂類
和風芝麻堅果混合包,食/油脂類
印度風味腰果,食/油脂類
生酮綜合堅果,食/油脂類
鳳梨堅果乾,食/油脂類
養生五穀堅果飲,食/油脂類
日式味噌堅果包,食/油脂類
蜂蜜焦糖花生,食/油脂類
蔓越莓堅果混合包,食/油脂類
烘焙混合堅果,食/油脂類
花生酥,食/油脂類
【Macadamia】澳洲帶殼夏威夷火山豆,食/油脂類
【豆之家】翠果子-天天Bite綜合堅果,食/油脂類
【豆之家】翠果子｜天天Bite綜合堅果｜無調味｜膳食纖維｜植物蛋白質,食/油脂類
【美式賣場】天六/傳六 二色綜合裝豆果子 什錦豆,食/油脂類
【盛香珍】無調味夏威夷豆,食/油脂類
【進口】特選帶殼夏威夷豆,食/油脂類
【臻御行】夏威夷豆,食/油脂類
【臻御行】量販大包裝 臻饌堅果六口味,食/油脂類
台農初農鮮蛋,食/蛋類
葡式蛋塔,食/蛋類
三福鮮奶油布蕾,食/蛋類
星—蒸蛋湯,食/蛋類
焦糖烤布蕾,食/蛋類
福德生活可可布蕾,食/蛋類
福德生活雞蛋布蕾,食/蛋類
日式溫泉蛋,食/蛋類
石安牧場溫泉蛋,食/蛋類
所長經典茶葉蛋,食/蛋類
紅殼雞蛋,食/蛋類
扇貝茶碗蒸,食/蛋類
富翁一級棒紅殼鮮雞蛋,食/蛋類
韓式蝦醬烘蛋,食/蛋類
雞蛋布丁,食/蛋類
荷包蛋,食/蛋類
牧場鮮雞蛋,食/蛋類
鹹香烤蛋捲,食/蛋類
蜂蜜牛奶蒸蛋,食/蛋類
黑胡椒溫泉蛋,食/蛋類
牛奶焦糖烤布蕾,食/蛋類
家常嫩滑蒸蛋,食/蛋類
鮮味扇貝蒸蛋盅,食/蛋類
鮮蛋白蒸布蕾,食/蛋類
奶香雞蛋布丁,食/蛋類
鹹香滷蛋,食/蛋類
濃郁起司烘蛋,食/蛋類
五香茶葉蛋,食/蛋類
松花皮蛋,食/蛋類
傳統紅殼雞蛋,食/蛋類
鹹鴨蛋,食/蛋類
麻辣鵪鶉蛋,食/蛋類
台式麻油煎蛋,食/蛋類
鮮香蒸蛋捲,食/蛋類
辣味醬滷蛋,食/蛋類
牧場現打全蛋液,食/蛋類
滑嫩牛奶蒸蛋羹,食/蛋類
石鍋蒸蛋,食/蛋類
金黃煎蛋,食/蛋類
起司焗烤蛋,食/蛋類
天然生蛋黃,食/蛋類
【職人雞】動物友善無抗放牧雞蛋,食/蛋類
【初品果】x富立牧場靈芝機能雞蛋,食/蛋類
【禾鴻x鈞安牧場】專利配方鎂力機能蛋,食/蛋類
【咱兜ㄟ養雞場】金Ｑ雞皮蛋,食/蛋類
【咱兜ㄟ養雞場】葉酸寶貝蛋/紅殼,食/蛋類
【好愛雞HAOAICHI】無毒の白殼放牧蛋,食/蛋類
【咱兜ㄟ養雞場】草本DHA機能蛋/紅殼,食/蛋類
【初品果】富立牧場靈芝機能雞蛋,食/蛋類
【初好蛋】零用藥葉黃素雞蛋,食/蛋類
【森良洗選蛋】機能養生蛋首選葉黃素雞蛋,食/蛋類
【樂活香檳茸】香檳茸能量蛋 ,食/蛋類
【好愛雞HAOAICHI】無毒の白殼放牧蛋 ,食/蛋類
【好愛雞HAOAICHI】無毒の放牧蛋,食/蛋類
【咱兜ㄟ養雞場】富硒蛋/白殼,食/蛋類
【大野山雞】草間雞 放牧土雞蛋,食/蛋類
【咱兜ㄟ養雞場】嫣知蝦紅素機能蛋/紅殼,食/蛋類
【森良洗選蛋】台灣養生蛋首選-葉黃素雞蛋（紅蛋）,食/蛋類
【初好蛋】台灣零用藥葉黃素雞蛋（紅蛋）,食/蛋類
【禾野好食蛋】台灣金盞花飼養葉黃素雞蛋（紅蛋）,食/蛋類
【牧光蛋品】優選葉黃素雞蛋,食/蛋類
【上豐蛋品冷藏蛋黃液四罐】新鮮香濃蛋黃液,食/蛋類
【咱兜ㄟ養雞場】動物福利雙機能蛋/紅殼,食/蛋類
【上豐蛋品蛋白液四罐】低卡路里易打發蛋白液,食/蛋類
【鮮悠牧場蛋】草本飼養葉黃素雞蛋,食/蛋類
【禾野好食蛋】金盞花飼養葉黃素雞蛋,食/蛋類
【好愛雞HAOAICHI】無毒の放牧蛋 紅殼,食/蛋類
【牧光蛋品】台灣優選葉黃素雞蛋（紅蛋）,食/蛋類
【鮮悠牧場蛋】台灣草本飼養葉黃素雞蛋（紅蛋）,食/蛋類
【大野山雞】草間雞 放牧土雞蛋 放牧土雞蛋,食/蛋類
【HAPPY HOUSE】白殼紅仁鮮雞蛋,食/蛋類
【福壽生態農場】本土牧草雞蛋,食/蛋類
【咱兜ㄟ養雞場】金盞花飼養機能蛋/紅殼,食/蛋類
【好愛雞HAOAICHI】無毒の放牧蛋 紅殼 ,食/蛋類
醇黑巧克力千層,食/穀類
培根蛋餅,食/穀類
元祖燒餃子,食/穀類
玉米水餃,食/穀類
小路蘋果蛋糕,食/穀類
水晶巧克力蛋糕,食/穀類
可可雲朵慕斯蛋糕,食/穀類
巧克力牛奶蛋糕,食/穀類
岩漿巧克力蛋糕,食/穀類
抹茶熔岩蛋糕,食/穀類
松露生巧克力蛋糕,食/穀類
法式千層蛋糕,食/穀類
無花果伯爵蛋糕,食/穀類
焦糖起司蛋糕,食/穀類
葡萄乾司康,食/穀類
經典起司蛋糕,食/穀類
諾曼地牛奶蛋糕,食/穀類
壽司大綜合,食/穀類
套餐腿庫飯,食/穀類
烤地瓜,食/穀類
現蒸地瓜,食/穀類
統一陽光糙米漿,食/穀類
QQ白米飯,食/穀類
日曬葡萄小土司,食/穀類
巧克力菠蘿,食/穀類
香蒜起司麵包,食/穀類
壹號醬炙烤牛飯糰,食/穀類
雙莓乳酪爆擊貝果,食/穀類
鹽蔥燒肉飯糰,食/穀類
一鍋燒-滑蛋嫩雞親子丼,食/穀類
大納言紅豆鬆餅,食/穀類
大飯糰辣醬魷魚,食/穀類
大飯糰韓式烤牛肉,食/穀類
﻿大飯糰韓式烤牛肉,食/穀類
小白鹽味飯糰,食/穀類
手工拔絲麵包,食/穀類
日式稻荷壽司,食/穀類
芝麻鐵觀音鬆餅,食/穀類
伯爵可可鬆餅,食/穀類
起司熱狗雙享麵包,食/穀類
陽光葡萄土司,食/穀類
熱狗麵包,食/穀類
醇濃黑巧鬆餅,食/穀類
濃抹茶麻吉麵包,食/穀類
藍莓夾心土司,食/穀類
刀削麵,食/穀類
三起司燻培根焗麵,食/穀類
丸龜製麵,食/穀類
大口美式牛肉堡飯糰,食/穀類
大玉成山東饅頭,食/穀類
大玉成麩皮饅頭,食/穀類
大玉成鮮肉包,食/穀類
大芝心海鮮比薩,食/穀類
飯糰辣醬魷魚,食/穀類
飯糰韓式豆芽烤牛肉,食/穀類
魯肉飯,食/穀類
大飄香魯肉飯,食/穀類
小麥粉,食/穀類
小龍蝦魚卵飯糰,食/穀類
小飄香魯肉飯,食/穀類
方型白吐司,食/穀類
方塊薯餅,食/穀類
日安可頌,食/穀類
日式蕎麥沾麵,食/穀類
日式蕎麥風味麵,食/穀類
日式燒肉堡,食/穀類
日式醬燒炒麵,食/穀類
木曜-秘製炸醬麵新極大飯糰,食/穀類
木曜麻辣小龍蝦新極大飯糰,食/穀類
爪哇咖哩飯,食/穀類
丹麥起司火腿,食/穀類
不倒翁Ｑ純麵條,食/穀類
古早味油蔥麵線,食/穀類
古早味乾麵,食/穀類
台酒花雕酸菜牛肉麵,食/穀類
台酒花雕雞麵,食/穀類
台酒紅標米酒麻油雞麵,食/穀類
台灣東利多丸龜製麵烏龍麵,食/穀類
夯馬鈴薯,食/穀類
巧克力丹麥鬆餅,食/穀類
本場讚岐烏龍麵,食/穀類
正逢義大利麵-長麵,食/穀類
﻿玉米鍋貼,食/穀類
石安牧場溏心蛋飯糰,食/穀類
光泉米漿,食/穀類
光泉紫米燕麥糙米漿,食/穀類
冰黑糖珍珠燕麥奶,食/穀類
好時-巧克力核桃歐式麵包,食/穀類
好時-愛餡大亨巧克力軟法,食/穀類
宇治金時鬆餅,食/穀類
有機小麥粉,食/穀類
有機全麥粉,食/穀類
有機越光米,食/穀類
有機裸麥土司,食/穀類
有機麩皮胚芽粉,食/穀類
朴大哥-泡菜燒肉三角飯糰,食/穀類
米果綜合果梅味,食/穀類
米堡薑汁燒肉,食/穀類
肉絲黃金蛋炒飯,食/穀類
肉鬆火腿三明治,食/穀類
芝麻鰹魚烏龍冷麵,食/穀類
老油條,食/穀類
佛卡夏-田園火腿,食/穀類
貝比馬鈴薯,食/穀類
良質米高雄,食/穀類
里肌百匯三明治,食/穀類
京都稻荷壽司,食/穀類
味王王子麵,食/穀類
呷七碗櫻花蝦炒炊粉,食/穀類
垂坤-海苔鬆餅,食/穀類
府城鹽水風味意麵,食/穀類
抹茶紅豆捲餡土司,食/穀類
招牌牛肉拉麵,食/穀類
招牌乾麵,食/穀類
招牌鍋貼,食/穀類
法吐蔬菜-火腿,食/穀類
法式里肌三明治,食/穀類
法式迷你羊角,食/穀類
法式香濃奶醬海鮮飯,食/穀類
牧場綜合披薩,食/穀類
茄汁海鮮義大利麵 ,食/穀類
阜杭豆漿-經典飯糰,食/穀類
青醬蛤蜊義大利麵,食/穀類
青醬雞肉燉飯 ,食/穀類
金脆雞棒腿便當,食/穀類
金黃波浪地瓜條,食/穀類
林聰明-雞肉飯飯糰,食/穀類
炙烤燒豚烤飯糰,食/穀類
炙燒明太子鮭魚飯糰,食/穀類
南義火辣牛哨子筆尖麵,食/穀類
哇沙米黃金魚卵海鮮飯糰,食/穀類
客製燕麥奶,食/穀類
屋台椒麻特製拉麵,食/穀類
屋台傳統味玉叉燒拉麵,食/穀類
星－板巧克力夾心土司,食/穀類
星－草莓夾心土司,食/穀類
星—明太子龍蝦風味沙拉飯糰,食/穀類
星—經典肉鬆飯糰,食/穀類
星—鮪魚飯糰,食/穀類
星—雞肉飯飯糰,食/穀類
星—北海道秋鮭親子飯糰,食/穀類
星—經典蜂蜜鬆餅,食/穀類
星—大口宮保雞丁飯糰,食/穀類
星—大口義式香草烤雞飯糰,食/穀類
星—大滿足香辣涼麵,食/穀類
星—大滿足麻醬涼麵,食/穀類
星—日式豬排佐咖哩歐姆蛋燴飯,食/穀類
星—台式麻醬涼麵,食/穀類
星—奶油培根義大利麵,食/穀類
星—白酒蛤蜊義大利麵,食/穀類
星—明太子乳香義大利麵,食/穀類
星—青醬雞肉義大利麵,食/穀類
星—金咖哩濃厚辛辣咖哩飯,食/穀類
星—炭香燒豚飯,食/穀類
星—炸醬炒泡麵,食/穀類
星—香草雞排佐白醬歐姆蛋燴飯,食/穀類
星—焗烤燻火腿筆尖麵,食/穀類
星—義式蒜炒雞腿排義大利麵,食/穀類
星—嘉義劉里長雞肉片飯,食/穀類
星—蕃茄肉醬義大利麵,食/穀類
星—醬燒炙烤親子丼,食/穀類
星—鐵板滑蛋炸豬排丼,食/穀類
星一鹽水意麵,食/穀類
洪瑞珍三明治,食/穀類
炭火燒肉飯糰,食/穀類
炸湯圓,食/穀類
紅白湯圓,食/穀類
紅豆麵包,食/穀類
紅油-珍珠抄手,食/穀類
紅蕃茄海鮮燉飯 ,食/穀類
紅燒牛肉麵,食/穀類
美式原味熱狗大亨堡,食/穀類
韭菜鍋貼,食/穀類
風味三明治-香燻雞肉,食/穀類
香米白飯,食/穀類
香拌海鮮醬肉絲蛋炒飯,食/穀類
香甜玉米蛋餅,食/穀類
香酥雞腿便當,食/穀類
香腸雞肉飯便當,食/穀類
香蒜金磚,食/穀類
香蔥油條,食/穀類
香辣醬雞肉烤飯糰,食/穀類
香濃香蕉巧克力冰淇淋鬆餅,食/穀類
香雞丹麥,食/穀類
香鬆起司蛋三明治,食/穀類
便當100元,食/穀類
個人比薩豪爽餐,食/穀類
原味牛角,食/穀類
唐山排骨便當加蛋,食/穀類
夏威夷鳳梨雞肉『麵』,食/穀類
桂冠奶油培根義大利麵,食/穀類
桂冠照燒豬肉炒烏龍,食/穀類
桂格１００％喝的燕麥,食/穀類
桂格堅果燕麥飲,食/穀類
桂格燕麥堅果飲,食/穀類
桂格顆粒燕麥飲,食/穀類
氣冷雞-嘉義雞肉三角飯糰,食/穀類
泰式椰汁綠咖哩雞肉飯,食/穀類
海陸雙拼壽司組,食/穀類
海鮮焗烤貝殼麵,食/穀類
烤蕃薯,食/穀類
烤雞生吐司三明治,食/穀類
烤雞燻腸白醬焗飯,食/穀類
特上鵝肉飯,食/穀類
秘香大雞腿便當,食/穀類
起司三重奏三明治,食/穀類
起司牛肉可頌,食/穀類
起司里肌可頌,食/穀類
起司馬鈴薯,食/穀類
起司熱狗大亨堡,食/穀類
起司豬肉蛋吐司,食/穀類
搖搖薯,食/穀類
經典大薯,食/穀類
經典中薯,食/穀類
馬鈴薯,食/穀類
紐奧良海鮮飯,食/穀類
乾炒牛肉河粉,食/穀類
排骨雞風味乾麵,食/穀類
排骨麵/無骨,食/穀類
晨光GOLD高纖生土司,食/穀類
晨光葡萄土司,食/穀類
現烤牛奶棒,食/穀類
細-榨菜肉絲麵,食/穀類
菇菇嫩蛋貝果堡,食/穀類
豚骨叉燒拉麵,食/穀類
野菇蔬菜燉飯 ,食/穀類
雪藏生巧銅鑼燒,食/穀類
麥香三明治田園火腿,食/穀類
麥當勞薯條,食/穀類
麻油雞燉飯,食/穀類
麻香口水雞便當,食/穀類
壹號醬壽喜燒牛丼,食/穀類
富貴雙拼燒臘飯,食/穀類
富錦樹-剝皮辣蝦滑蛋燴飯,食/穀類
御料小館奶油培根義大利麵,食/穀類
御料小館番茄肉醬義大利麵,食/穀類
御選-鮮蝦豚骨拉麵,食/穀類
御選川辣麻醬雞絲涼麵,食/穀類
御選肉鬆飯糰,食/穀類
御選麻醬雞絲涼麵,食/穀類
晶華-香烤魚排佐起司青醬燉飯,食/穀類
椒麻香蔥雞涼拌麵,食/穀類
椰子麵包,食/穀類
極旨黑咖哩牛飯,食/穀類
極饗-麻油豬肉飯,食/穀類
極饗-滑蛋牛肉燴飯,食/穀類
極饗-奮起湖軟燒肉便當,食/穀類
祼麥核果麵包,食/穀類
統一肉骨茶碗,食/穀類
統一肉燥風味,食/穀類
統一肉燥麵碗,食/穀類
統一來一客杯麵-韓式泡菜風味,食/穀類
統一麵包紅豆麵包,食/穀類
統一麵包菠蘿奶酥,食/穀類
統一麵包菱格香菠蘿,食/穀類
萬丹紅豆銅鑼燒,食/穀類
萬歲牌米果綜合,食/穀類
黃金三明治,食/穀類
黃金脆薯,食/穀類
黃燜雞米飯,食/穀類
黑松露半熟蛋披薩,食/穀類
黑松露嫩蛋三明治,食/穀類
黑胡椒豬里肌丹麥,食/穀類
黑糖牛角,食/穀類
愛餡大亨-爆漿菠蘿,食/穀類
愛麵族鍋燒麵,食/穀類
新極上飯糰-冠軍烏魚子,食/穀類
楓糖奶霜鬆餅,食/穀類
溏心蛋紐奧良風味烤雞三明治,食/穀類
溫玉鰻魚丼,食/穀類
經典滷肉飯,食/穀類
義美純淨糙米,食/穀類
聖-海苔肉鬆麵包,食/穀類
聖-蜜糖扁可頌,食/穀類
蒜味中卷墨魚燉飯,食/穀類
蒜味牛肉麵,食/穀類
蒜泥白肉便當,食/穀類
蒲燒玉子鰻飯,食/穀類
蒸煮麵,食/穀類
廣達香-肉鬆飯糰,食/穀類
榨菜肉絲拉麵,食/穀類
熔岩奶皇西多士-糖漿,食/穀類
瑪格麗特披薩,食/穀類
瘋狂起司三明治,食/穀類
綜合捲壽司,食/穀類
蔥油雞汁拌飯飯糰,食/穀類
蔥鹽燒肉飯糰,食/穀類
銅鑼燒麻糬,食/穀類
歐姆蛋牛肉咖哩飯,食/穀類
歐姆蛋包飯,食/穀類
熱壓土司里肌肉蛋,食/穀類
熱壓土司紐奧良風味烤雞,食/穀類
蔬食鮪魚飯糰,食/穀類
蕃茄鮪魚冷義大利麵,食/穀類
銷魂雞肉飯,食/穀類
燒鮭親子丼,食/穀類
營養麵條,食/穀類
優質池上飯,食/穀類
總裁牛肉麵套餐,食/穀類
霜降松阪豬-通心麵,食/穀類
韓式辛牛義大利麵,食/穀類
韓式炸雞義大利麵,食/穀類
韓式燒肉泡菜飯糰,食/穀類
韓國麵包,食/穀類
鮪魚沙拉吐司,食/穀類
鮪魚洋芋溏心蛋三明治,食/穀類
鮪魚起司溏心蛋三明治,食/穀類
藍莓乳酪三明治,食/穀類
藍莓果粒貝果,食/穀類
藍莓寒天貝果,食/穀類
燻鮭雙享丼,食/穀類
燻雞總匯鮮蔬三明治,食/穀類
醬烤飯糰,食/穀類
醬燒烤雞三明治,食/穀類
雙倍起司火腿蛋三明治,食/穀類
雙起司火腿蔥抓餅,食/穀類
雙蔬鮪魚飯糰,食/穀類
雙響泡沙茶鍋燒,食/穀類
雙響泡擔仔湯麵,食/穀類
雜糧石鍋飯,食/穀類
雞汁油蔥手工麵線,食/穀類
雞肉蛋蓋飯,食/穀類
雞蛋沙拉三明治,食/穀類
雞絲蒜味涼麵,食/穀類
雞魯飯,食/穀類
鵝肉湯麵,食/穀類
爆漿香蒜餐包,食/穀類
關東煮科學麵,食/穀類
關廟麵,食/穀類
鐵板麵,食/穀類
讚岐烏龍麵,食/穀類
【GRANOLA GAGA 穀卡卡】堅果燕麥脆片,食/穀類
【NISSIN 日清】咚兵衛油豆腐烏龍麵 ,食/穀類
【QUAKER 桂格】免浸泡10超纖穀豆飯,食/穀類
【Weet-Bix】澳洲全穀麥片麥香高纖,食/穀類
【中農粉絲】寶鼎 頂級百分之百純綠豆粉絲,食/穀類
【同正】紅豆,食/穀類
【豆之家】翠果子-MIDO航空米果,食/穀類
【泰山】100%無添加紅豆湯,食/穀類
【泰山】100%無添加綠豆湯,食/穀類
【泰山】紫米紅豆湯,食/穀類
【義美生機】台灣紅豆茶,食/穀類
【翠果子】豆之家日本櫻花開運米果,食/穀類
【纖Q】紅豆水,食/穀類
【一等鮮】日本德島金時栗香地瓜,食/穀類
【巧食家】日本特A級栗香地瓜,食/穀類
【巧食家】冷凍南瓜塊,食/穀類
【田食原】原味馬鈴薯泥,食/穀類
【幸美生技】IQF進口鮮凍蔬菜-冷凍玉米粒,食/穀類
【炳叔烤玉米】綜合烤玉米,食/穀類
【盛花園蔬果】台南佳里水果玉米,食/穀類
【綠之醇】現採極品人蔘山藥,食/穀類
【慧軒農場】斑比彩虹甜糯玉米,食/穀類
【慧軒農場】黑寶水果玉米,食/穀類
【鮮採家】超甜黃玉米,食/穀類
【鮮採家】新鮮馬鈴薯,食/穀類
完熟蔬菜番茄,食/蔬菜類
青菜套餐,食/蔬菜類
有機金針菇,食/蔬菜類
有機雙響菇,食/蔬菜類
活力胡蘿蔔產銷履歷,食/蔬菜類
大陸A菜產銷履歷,食/蔬菜類
小白菜產銷履歷,食/蔬菜類
小香菇,食/蔬菜類
五彩鮮蔬盤,食/蔬菜類
手工高麗菜捲,食/蔬菜類
日本櫛瓜,食/蔬菜類
有機三星蔥,食/蔬菜類
有機甘藍,食/蔬菜類
有機好友菇,食/蔬菜類
有機紅蘿蔔,食/蔬菜類
有機黃豆芽,食/蔬菜類
有機黃秋葵,食/蔬菜類
有機黑木耳,食/蔬菜類
有機黑葉白菜,食/蔬菜類
有機綠豆芽,食/蔬菜類
有機鴻禧菇,食/蔬菜類
紅鬚帶殼玉米筍,食/蔬菜類
紅蘿蔔產銷履歷,食/蔬菜類
特選高山有機高麗菜,食/蔬菜類
涼拌秋葵,食/蔬菜類
進口大白菜,食/蔬菜類
進口洋蔥,食/蔬菜類
進口洋蔥粒,食/蔬菜類
進口蘿蔔,食/蔬菜類
猴頭菇,食/蔬菜類
絲瓜產銷履歷,食/蔬菜類
越南娃娃菜,食/蔬菜類
溫室小黃瓜產銷履歷,食/蔬菜類
翠玉娃娃菜,食/蔬菜類
綠色櫛瓜,食/蔬菜類
精選青椒,食/蔬菜類
履歷空心菜,食/蔬菜類
履歷綠竹筍,食/蔬菜類
櫛瓜產銷履歷,食/蔬菜類
鮮採杏鮑菇,食/蔬菜類
鮮採黑木耳,食/蔬菜類
嚴選筊白筍,食/蔬菜類
【那山那人那果】卓蘭溫室東方美人小番茄,食/蔬菜類
【盛花園蔬果】雲林西螺牛番茄,食/蔬菜類
【初品果】美濃達哥紅蜜小番茄,食/蔬菜類
【初品果】高雄美濃產地直送橙蜜香小番茄禮盒,食/蔬菜類
【初品果】產地直送皮薄多汁玉女小番茄禮盒,食/蔬菜類
【每日宅鮮】美濃金黃橙蜜香小番茄禮盒,食/蔬菜類
【初品果】美濃達哥雙色橙蜜香小番茄,食/蔬菜類
【GREENS】冷凍番茄丁,食/蔬菜類
【GREENS】綜合炒蔬菜,食/蔬菜類
【GREENS】諾曼地綜合蔬菜,食/蔬菜類
【Kirkland Signature 科克蘭】冷凍綜合蔬菜,食/蔬菜類
【NaturesTouch】冷凍青花菜,食/蔬菜類
【Veggie Maria】冷凍綠蘆筍,食/蔬菜類
【Via Emilia】冷凍米粒狀花椰菜,食/蔬菜類
【WANG 蔬果】鮮凍綠花椰菜,食/蔬菜類
【巧食家】特A等級冷凍花菜組合 青花菜+白花菜,食/蔬菜類
【巧食家】特A等級冷凍青花菜,食/蔬菜類
【巧食家】特A等級冷凍菠菜,食/蔬菜類
【田食原】IQF新鮮冷凍菠菜,食/蔬菜類
【田食原】IQF鮮凍青花菜,食/蔬菜類
【田食原】新鮮冷凍青花菜,食/蔬菜類
【田食原】新鮮冷凍菠菜,食/蔬菜類
【田食原】熟凍玉米筍切段,食/蔬菜類
【合家歡 水耕蔬菜】綜合生菜,食/蔬菜類
【吉晟嚴選】NaturesTouch冷凍青花菜,食/蔬菜類
【好食鮮】極速鮮凍懶人免切洗秋葵,食/蔬菜類
【好食鮮】懶人速食免切洗鮮凍精選綜合蔬菜,食/蔬菜類
【自然本舖】黃金比例-黃金泡菜,食/蔬菜類
【自然本舖】鮮泡菜水果泡菜,食/蔬菜類
【幸美生技】進口鮮凍青花菜,食/蔬菜類
【食安先生】綠花椰菜,食/蔬菜類
【食安先生】鮮凍秋葵,食/蔬菜類
【菜霸子】蔬菜箱,食/蔬菜類
【愛上海鮮】澎湖五星級野生紫菜,食/蔬菜類
【愛上海鮮】澎湖野生珊瑚草,食/蔬菜類
【愛上鮮果】台灣鮮凍優鮮菠菜,食/蔬菜類
【愛上鮮果】玉米筍+綠花椰菜,食/蔬菜類
【愛上鮮果】輕食花椰菜米+纖維蔬菜,食/蔬菜類
【愛上鮮果】鮮凍綠花椰菜,食/蔬菜類
【愛尚極鮮】極鮮冷凍蔬菜,食/蔬菜類
【源鮮智慧農場】地中海蔬食生菜箱,食/蔬菜類
【源鮮智慧農場】綜合蔬菜組,食/蔬菜類
【源鮮智慧農場】綜合鮮蔬箱,食/蔬菜類
【摩斯漢堡】MOS摩斯嚴選 酥炸杏鮑菇 ,食/蔬菜類
【鮮採家】小資家庭綜合蔬果箱,食/蔬菜類
【鮮採家】屏東特產新鮮洋蔥,食/蔬菜類
【關廟果菜生產合作社】頂級鮮甜綠竹筍-筍粒,食/蔬菜類
