text,class
'【 adidas 愛迪達 】 連帽 外套 男',衣/上身類
'ADIDAS 男 連帽 上衣',衣/上身類
'BUFFALO 男 短袖',衣/上身類
'GERRY 男 外套',衣/上身類
'HURLEY 男 連帽 上衣',衣/上身類
'KAWS 印花 休閒 上衣',衣/上身類
'NAUTICA 男 上衣',衣/上身類
'QUEENSHOP S 女裝 長袖 側 抽皺 鏤空 綁帶 造型 上衣',衣/上身類
'QUEENSHOP S 女裝 長袖 單肩 鏤空 綁帶 坑條 上衣',衣/上身類
'QUEENSHOP S 女裝 長袖 鏤空 造型 寬版 針織 排釦 上衣',衣/上身類
'UT 印花 T恤',衣/上身類
'V領 麻花 織紋 拋袖 毛衣',衣/上身類
'W AIRism U 領 T恤',衣/上身類
'W AIRism 垂墜風 T恤',衣/上身類
'棉質 EXW 極 暖 圓領 T恤',衣/上身類
'嫘縈 條紋 開領 上衣',衣/上身類
'工裝 短板 布勞森 外套',衣/上身類
'卡通 刷絨 衛衣',衣/上身類
'印花 休閒 上衣',衣/上身類
'石墨烯 美波 bra 上衣',衣/上身類
'男友 共 穿 系列 ! 街頭風 SPTK 帽 TEE',衣/上身類
'男款 黑色 胸 前 刺繡 Logo 撞色 拼接 衣袖 寬鬆 棒球 夾克 外套',衣/上身類
'柔軟 針織 刷毛 中高領 T恤',衣/上身類
'柔軟 針織 刷毛 圓領 T恤',衣/上身類
'透氣 吸濕 柔軟 滑順 祕魯棉 冰棉 T恤',衣/上身類
'軟綿綿 V領長版 毛衣',衣/上身類
'短袖 T恤',衣/上身類
'長袖 襯衫',衣/上身類
'針織 毛衣',衣/上身類
'連帽 外套',衣/上身類
'羽絨 外套',衣/上身類
'防風 外套',衣/上身類
'牛仔 外套',衣/上身類
'皮革 外套',衣/上身類
'運動 上衣',衣/上身類
'高領 毛衣',衣/上身類
Polo衫,衣/上身類
'寬鬆 長袖 上衣',衣/上身類
'運動 機能 T恤',衣/上身類
'壓力 運動衣',衣/上身類
'防曬 外套',衣/上身類
'薄款 針織 開襟衫',衣/上身類
'背心式 羽絨服',衣/上身類
'輕薄 防水 夾克',衣/上身類
'內裡 刷毛 外套',衣/上身類
'牛仔 襯衫',衣/上身類
'羊絨 高領衫',衣/上身類
'短版 上衣',衣/上身類
'風衣 外套',衣/上身類
'透氣 運動 上衣',衣/上身類
'保暖 發熱衣',衣/上身類
'長袖 T恤',衣/上身類
'針織 外套',衣/上身類
'連帽 衛衣',衣/上身類
'拉鍊 外套',衣/上身類
'棉質 襯衫',衣/上身類
'絨毛 上衣',衣/上身類
'法蘭絨 襯衫',衣/上身類
'針織 開襟衫',衣/上身類
'皮革 夾克',衣/上身類
'防風 夾克',衣/上身類
'寬鬆 毛衣',衣/上身類
'輕薄 羽絨 外套',衣/上身類
'連帽 長袖 外套',衣/上身類
'冬季 加厚 毛衣',衣/上身類
'防水 防風 外套',衣/上身類
'雙面 穿 外套',衣/上身類
'軍裝 夾克',衣/上身類
'中式 長衫',衣/上身類
'立 領 外套',衣/上身類
'休閒 夾克',衣/上身類
'棉麻 襯衫',衣/上身類
'燈芯絨 襯衫',衣/上身類
'毛呢 外套',衣/上身類
'防曬 長袖 外套',衣/上身類
'絨面 夾克',衣/上身類
'休閒 長袖 上衣',衣/上身類
'厚絨 連帽衣',衣/上身類
'針織 高領衫',衣/上身類
'格子 襯衫',衣/上身類
'直筒 襯衫',衣/上身類
'輕便 防曬衣',衣/上身類
'復古 花 襯衫',衣/上身類
'單排扣 毛衣',衣/上身類
'長袖 運動 T恤',衣/上身類
'慢跑 外套',衣/上身類
'輕量 羽絨服',衣/上身類
'中性款 襯衫',衣/上身類
'戶外 運動 夾克',衣/上身類
'功能性 抓絨衣',衣/上身類
'登山 外套',衣/上身類
'針織 連帽衫',衣/上身類
'寬鬆 休閒 外套',衣/上身類
'工作服 長袖 上衣',衣/上身類
'騎行 防風衣',衣/上身類
'修身 襯衫',衣/上身類
'薄款 外套',衣/上身類
'涼感 透氣 運動 T恤 男女款',衣/上身類
'春秋 防風 外套',衣/上身類
'修身 塑身衣',衣/上身類
'KAWS 休閒 長褲',衣/下身類
'PUMA 男 刷毛 長褲',衣/下身類
'中腰 免洗 棉褲',衣/下身類
'休閒 長褲',衣/下身類
'冰涼 針織 簍空 包臀裙',衣/下身類
'風神 紳仕 棉褲',衣/下身類
'甜辣 學院 毛呢 百褶褲裙',衣/下身類
'舒芙蕾 - 涼感 蠶絲 貼合褲',衣/下身類
'棉質 運動褲',衣/下身類
'正式 西裝褲',衣/下身類
'高腰 牛仔褲',衣/下身類
'七 分 運動褲',衣/下身類
'九 分 縮口褲',衣/下身類
'直筒 牛仔褲',衣/下身類
'寬鬆 運動褲',衣/下身類
'防水 登山褲',衣/下身類
'透氣 跑步褲',衣/下身類
'騎行 緊身褲',衣/下身類
'棉質 睡褲',衣/下身類
'羊毛 保暖 長褲',衣/下身類
'高腰 短褲',衣/下身類
'西裝 裙褲',衣/下身類
'彈性 縮口褲',衣/下身類
'修身 小腳褲',衣/下身類
'格紋 休閒褲',衣/下身類
'【 初色 】 赫本風 純色 簡約 鉤花 蕾絲 鏤空 大 襬 圍 中 長裙 半身裙',衣/下身類
'【 Amore 】 日 韓 氣質 垂順 A 字 中 長裙',衣/下身類
'【 初色 】 休閒 素色 寬鬆 大 口袋 鬆緊 腰 裝飾 排釦 高腰 顯 瘦 中 長裙 半身裙',衣/下身類
'【 PUMA 官方 旗艦 】 流行 系列 T7 中長裙 女性',衣/下身類
'【 初色 】 柔滑 法式 高腰 A字 半 身裙 長裙',衣/下身類
'【 Key Wear 奇威 名品 】 圖騰 細 百褶 半 身 長裙',衣/下身類
'【 Roots 】 Roots 女裝 - 都會 探索 系列 環保 材質 彈性 長裙',衣/下身類
'【 JILLI-KO 】 後腰 鬆緊 丹寧 顯 瘦 中長裙 垂墜 A字 牛仔裙',衣/下身類
'【 初色 】 素色 寬鬆 顯 瘦 鬆緊 高腰 大 口袋 半 身 A字裙 中長裙',衣/下身類
'【 Amore 】 初秋 百搭 輕柔 舒適 長裙',衣/下身類
'【 SISTERS 】 復古 刷色 顯 瘦 修身 A 字 牛仔裙 長裙',衣/下身類
'【 巴黎 精品 】 半身裙 長裙',衣/下身類
'【 SISTERS 】 很 顯 瘦 的 素色 後 開衩 鬆緊 腰 牛仔 長裙',衣/下身類
'【 OB 嚴選 】 小腰 精棉質 落地 牛仔 長裙',衣/下身類
'【 Amore 】 韓版 高腰 層次感 網紗裙',衣/下身類
'【 SISTERS 】 很 顯 瘦 百搭 的 大 口袋 丹寧 寬褲 褲裙 牛仔褲',衣/下身類
'【 AnZa 】 格紋 毛呢 保暖 九分 寬褲 闊腿褲',衣/下身類
'【 Shiny 藍 格子 】 素色 腰 鬆緊 不 規則 假 兩 件 褲裙',衣/下身類
'【 Lydia 】 現貨 日系 學院 風 側 拉鏈 高腰 百褶裙 短褲',衣/下身類
'【 SISTERS 】 輕 丹寧 貓咪 口袋 牛仔 寬褲裙',衣/下身類
'【 Amore 】 韓版 親膚 多 色 冰絲 短褲',衣/下身類
'【 AREXSPORT 】 假 兩 件 登山 壓力褲 假 兩 件 運動褲 女 壓力褲 大碼 壓力褲 緊身褲 長褲',衣/下身類
'【 OB 嚴選 】 涼感 彈力 鬆緊 腰 長褲',衣/下身類
'【 Key Wear 奇威 名品 】 時尚 格紋 不 對襯 運動風 褲裙',衣/下身類
'【 ONEY 歐妮 】 涼爽 氣質 仙女 闊腿 褲裙',衣/下身類
'【 LANNI 藍尼 】 工裝感 休閒 舒適 褲裙',衣/下身類
'【 ONEY 歐妮 】 舒適 休閒 工裝感 褲裙',衣/下身類
'【 ASister 小 姊姊 】 牛仔裙 / 長裙 ☆ 加大 尺碼 超顯 瘦 日系 抽繩 牛仔 開叉 A 字 長裙',衣/下身類
'【 ASister 小 姊姊 】 牛仔裙 ☆ 加大 尺碼 顯 瘦 高腰 收腹 A 字 牛仔裙 / 長裙',衣/下身類
'【 D.studio 】 韓版 高腰 側 開叉 牛仔 A 字裙',衣/下身類
'【 Shiny 藍 格子 】 高腰 顯 瘦 包 臀 開叉 擺 牛仔 中長 A字裙',衣/下身類
'【 5 th STREET 】 女裝 刷色 牛仔 短裙',衣/下身類
'【 Master Max 】 後 鬆緊 腰頭 水洗感 休閒 牛仔 長裙',衣/下身類
'【 Amore 】 經典 氣質 修身 牛仔 開衩 長裙',衣/下身類
'【 初色 】 復古 高腰 顯 瘦 休閒 百搭 透氣 水洗 牛仔裙 A字裙 中長裙 半身裙',衣/下身類
'【 初色 】 小 香風 粗 花 毛呢 針織 混亮絲 高腰 顯 瘦 A字裙 短裙 中長裙 半身裙',衣/下身類
'【 ADISI 】 女 吸濕 速乾 修身 運動 短裙',衣/下身類
'【 BLUE WAY 】 女裝 後 立體 口袋 短裙 裙子',衣/下身類
'【 Iris Girls 艾莉詩 】 甜美 滿分 百褶 短裙',衣/下身類
'【 Le Polka 】 浪花 印花 A 字 短裙 - 女',衣/下身類
'【 CHACO 】 韓系 漸變色 亮片 星星 仙女 網紗 半 身 長裙',衣/下身類
'【 CHACO 】 優雅 立體 花朵 刺繡 網紗 半 身 長裙',衣/下身類
'【 gozo 】 壓褶 鬆緊 造型 紗裙',衣/下身類
'【 IENA 】 浪漫 珠光 網紗裙',衣/下身類
'【 iROO 】 飄逸 網紗 長裙',衣/下身類
'【 初色 】 現貨 網紗 氣質 顯 瘦 高腰 百褶 A 字 半 身裙',衣/下身類
'【 buyer 白鵝 】 夢幻 拼色 紗腰 鬆緊 長裙 紗裙',衣/下身類
'【 CHACO 】 女 高腰 優雅 立體 蝴蝶 刺繡 網紗 半 身 長裙',衣/下身類
'【 Chudan 初丹 】 假 兩 件 拼接 長紗裙',衣/下身類
'BUFFALO 平口褲',衣/內著類
'科克蘭 平口褲',衣/內著類
'風神 紳仕 免洗 平口褲',衣/內著類
'QUEENSHOP S 女裝 撞色 綁帶 設計 細肩 背心',衣/內著類
'W AIRism 棉質 BRATOP 平口 背心',衣/內著類
'柔軟 羅紋 坦克 背心',衣/內著類
'棉質 背心',衣/內著類
'無 袖 運動 背心',衣/內著類
'內 搭 發熱衣',衣/內著類
'內 搭 背心',衣/內著類
'內 襯 安全褲',衣/內著類
'挺胸 美 BRATOP 細 肩帶 背心',衣/內著類
'棉質 內衣',衣/內著類
'無鋼圈 內衣',衣/內著類
'運動型 內衣',衣/內著類
'蕾絲 內衣',衣/內著類
'壓力 內衣',衣/內著類
'無縫 內褲',衣/內著類
'三角 內褲',衣/內著類
'四角 內褲',衣/內著類
'低腰 內褲',衣/內著類
'高腰 內褲',衣/內著類
'男士 平角 內褲',衣/內著類
'女士 安全褲',衣/內著類
'發熱 內衣',衣/內著類
'保暖 內衣 套裝',衣/內著類
'內 搭 發熱 背心',衣/內著類
'男士 內衣 背心',衣/內著類
'女士 無痕 內衣',衣/內著類
'吸濕 排汗 內衣',衣/內著類
'全棉 內褲',衣/內著類
'輕薄 內衣',衣/內著類
'男士 秋衣 秋褲',衣/內著類
'女士 內搭褲',衣/內著類
'孕婦 內衣褲',衣/內著類
'護理 內衣',衣/內著類
'大碼 內衣',衣/內著類
'抗 菌 內衣褲',衣/內著類
'冰絲 內褲',衣/內著類
'兒童 內衣 套裝',衣/內著類
'內衣 加厚 襯墊',衣/內著類
'蕾絲 吊帶 內衣',衣/內著類
'親膚 無痕 內衣',衣/內著類
'純棉 背心',衣/內著類
'無 袖 內搭衫',衣/內著類
'內衣 肩帶',衣/內著類
'運動 內搭褲',衣/內著類
'內 搭 安全褲',衣/內著類
'防曬 內搭衣',衣/內著類
'彈性 內衣褲',衣/內著類
'防 靜電 內衣',衣/內著類
'PUMA 男 短襪',衣/內著類
'日拋 中筒 免洗襪',衣/內著類
半統襪,衣/內著類
'白色 U領 內衣',衣/內著類
休閒襪,衣/內著類
'防 走光 矽膠 胸貼',衣/內著類
'兩穿式 軟鋼圈 成 套 內衣',衣/內著類
'活力 免洗 船型襪',衣/內著類
'清秀 佳人 - 三角 免洗褲',衣/內著類
'精品 免洗 休閒襪',衣/內著類
襪子,衣/內著類
'秋冬 毛襪',衣/內著類
隱形襪,衣/內著類
壓力襪,衣/內著類
'保暖 內衣褲',衣/內著類
內衣,衣/內著類
內褲,衣/內著類
'透氣 運動 內衣',衣/內著類
'冰絲無痕 內衣 套裝',衣/內著類
'【 SISTERS 】 雙色 拼接 內 磨毛 假 兩 件 短裙 內搭褲',衣/內著類
'【 SISTERS 】 MIT 抗 寒 保暖 內 磨毛 短裙 假 兩 件 內搭褲',衣/內著類
'【 OB 嚴選 】 假 兩件式 交叉 層次 裙襬 包臀 短裙 內搭褲',衣/內著類
'保暖 褲襪',衣/內著類
'【 adidas 愛迪達 】 慢跑鞋 運動鞋',衣/其它
'【 UNDER ARMOUR 】 UA 男女款 慢跑鞋 運動鞋',衣/其它
'CROCODILE 都會 迷彩 前開式 雨衣',衣/其它
'丁晴 橡膠 手套',衣/其它
'成人 PE 輕巧 雨衣',衣/其它
'花花 削肩 美 胸 比基尼',衣/其它
'帶 胸墊 睡衣 睡衣 女 夏季 短袖 薄款 春 夏天 純棉 睡衣 女士 睡衣',衣/其它
'悠活 緩 壓 室 外 拖鞋',衣/其它
'琨蒂絲 美腿 魅惑 小 網 彈性 褲襪',衣/內著類
'萬聖 變裝',衣/其它
'運動 休閒裝',衣/其它
'新式 運動鞋',衣/其它
'睡衣 女 夏季 短袖 短裤 睡衣 带 胸垫',衣/其它
'顯 瘦 增高 時尚 跟鞋 低跟包鞋 微方頭 平底 休閒鞋 禮鞋',衣/其它
'睡衣 套裝',衣/其它
'防曬 手套',衣/其它
'防水 鞋套',衣/其它
'皮革 手套',衣/其它
'腳底 隱形 鞋墊',衣/其它
'棉質 睡帽',衣/其它
'運動 護腕',衣/其它
'女包 側 背包 半月包',衣/其它
'【 NIKE 耐吉 】 輕量 慢跑鞋 男女款 運動鞋',衣/其它
'【 PUMA 彪馬 】 全 地形 越野 跑鞋 登山鞋',衣/其它
'GORE-TEX 防水 透氣 外套 男款 風雨衣',衣/其它
'花色 刺繡 防曬 遮陽帽 寬邊帽',衣/其它
'成人 一 次 性 防護 雨衣 輕便 攜帶',衣/其它
'高筒 保暖 雪靴',衣/其它
'高彈性 運動 護膝 保護 裝備',衣/其它
'冬季 加絨 觸屏 手套',衣/其它
'兒童 卡通 圖案 雨靴 防水鞋',衣/其它
'時尚 壓力褲襪 彈性 塑腿襪',衣/內著類
'夏日 防曬 袖套',衣/其它
'休閒 百搭 小白鞋 透氣 帆布鞋',衣/其它
'居家 棉質 睡衣 套裝 長袖 長褲',衣/其它
'多功能 運動 腰包 戶外 跑步 用',衣/其它
'日系 花邊 睡帽 棉質 柔軟 舒適',衣/其它
'經典款 翻毛皮 樂福鞋',衣/其它
'花色 泳衣 女 神秘 印花 比基尼',衣/其它
'針織 圍巾',衣/其它
'時尚 百搭 皮帶 真皮 腰帶',衣/其它
'耐用 橡膠 手套 廚房 清潔 專用',衣/其它
'軟底 室 內 拖鞋 防滑 居家鞋',衣/其它
'訓練用 運動 護腕 透氣 吸 汗',衣/其它
'時尚 潮流 背包 多功能 雙肩包',衣/其它
'防滑 鞋墊 透氣 吸濕 鞋墊',衣/其它
'【 土豆 星球 】 牛頭牌 台灣鞋 / 土豆 系列 商品 : 土豆 二 代',衣/其它
'【 土豆 星球 】 牛頭牌 台灣鞋 / 土豆 系列 商品 : 土豆 廚師鞋',衣/其它
'酷 狗 寶貝 牛仔 吊帶褲',衣/長衣類
'中長款 西裝 外套',衣/長衣類
'羊毛 大衣',衣/長衣類
'鋪 棉 大衣',衣/長衣類
'牛角 扣 大衣',衣/長衣類
'長版 針織 毛衣',衣/長衣類
'連帽 長版 衛衣',衣/長衣類
'襯衫式 長版 外套',衣/長衣類
'連身 洋裝',衣/長衣類
'雙排扣 長版 風衣',衣/長衣類
'輕 羽絨 長版 外套',衣/長衣類
'長版 羽絨服',衣/長衣類
'中式 長衫',衣/長衣類
和服,衣/長衣類
'長版 羊毛 大衣',衣/長衣類
'寬鬆 長版 針織衫',衣/長衣類
'襯衫式 連身裙',衣/長衣類
'連帽 長版 抓絨 外套',衣/長衣類
'長版 防風 防水 夾克',衣/長衣類
'毛絨 長版 外套',衣/長衣類
'中長版 襯衫裙',衣/長衣類
'長版 西裝 外套',衣/長衣類
'長款 牛仔 外套',衣/長衣類
'長版 法蘭絨 外套',衣/長衣類
'長版 連帽 斗篷',衣/長衣類
'長版 針織 連衣裙',衣/長衣類
'寬鬆 長版 連帽 毛衣',衣/長衣類
'及膝 長版 棉服',衣/長衣類
'寬鬆 長版 襯衫裙',衣/長衣類
'韓版 中長款 連帽 外套',衣/長衣類
'長版 防曬 外套',衣/長衣類
'長版 衝鋒衣',衣/長衣類
'長版 無袖 連衣裙',衣/長衣類
'長版 雙面 穿 大衣',衣/長衣類
'寬鬆 長版 工裝 外套',衣/長衣類
'長版 羊絨 外套',衣/長衣類
'長版 仿 皮草 大衣',衣/長衣類
'中長款 皮革 風衣',衣/長衣類
'長款 襯衫式 外套',衣/長衣類
'長版 運動風 連帽 外套',衣/長衣類
'連帽 長版 羽絨 馬甲',衣/長衣類
'長版 休閒 運動裙',衣/長衣類
'連身 長裙',衣/長衣類
'中長款 禮服裙',衣/長衣類
'寬鬆 長版 防風衣',衣/長衣類
'長版 背心 連衣裙',衣/長衣類
'長版 針織 開衫',衣/長衣類
'長版 長袖 襯衫裙',衣/長衣類
'長版 工裝 夾克',衣/長衣類
'中長款 襯衫式 連衣裙',衣/長衣類
'長版 休閒 風衣 外套',衣/長衣類
'【 初色 】 雪紡 簡約 純色 中腰 短袖 口袋 荷葉邊裙 中長裙 連衣裙 連身 洋裝',衣/長衣類
'【 Amore 】 初秋 多色 長版 優雅 氣質 洋裝',衣/長衣類
'【 艾美 時尚 】 女裝 丹寧 長裙 減齡 後 開衩 休閒 牛仔 吊帶裙',衣/長衣類
'【 ONEY 歐妮 】 月牙 吊帶 開岔 兩 側 口袋 牛仔裙',衣/長衣類
'【 漂亮 小媽咪 】 夏日 背心 長裙 無 袖 親膚 吊帶裙 孕婦裝 背心裙 背心 洋裝',衣/長衣類
'【 漂亮 小媽咪 】 夏日 背後 壓摺 背心 長裙 無 袖 棉麻 吊帶裙 口袋 背心裙',衣/長衣類
'【 OB 嚴選 】 百搭 素色 質感 長袖 洋裝',衣/長衣類
'【 艾美 時尚 】 中大 尺碼 女裝 背帶裙 減齡 丹寧 背心 牛仔 網紗 吊帶裙',衣/長衣類
'台鐵 區間 車票',行/台鐵
'台鐵 自強號 車票',行/台鐵
'台鐵 月台票',行/台鐵
'台鐵 便 當',行/台鐵
'台鐵 觀光 列車',行/台鐵
'台鐵 復興號 車票',行/台鐵
'台鐵 鐵道 紀念品 購買',行/台鐵
'台鐵站 內 自動 售票機 購 票',行/台鐵
'台鐵 車廂 內 零食 購買',行/台鐵
'台鐵 行李 托運 服務',行/台鐵
'台鐵 車廂 升等',行/台鐵
'台鐵 團體票',行/台鐵
'台鐵 訂 票 手續費',行/台鐵
'台鐵 電子 票券 充值',行/台鐵
'台鐵 電子 票卡 購買',行/台鐵
'台鐵 通勤族 定期票',行/台鐵
'台鐵 郵輪式 列車票',行/台鐵
'台鐵 車站 手推車 租借',行/台鐵
'台鐵 自行車 攜帶 票',行/台鐵
'台鐵 車站 儲物櫃 租借',行/台鐵
'台鐵 候車室 飲料 購買',行/台鐵
'台鐵 平日 早鳥票',行/台鐵
'台鐵 兒童 優惠票',行/台鐵
'台鐵 車站 接駁車',行/台鐵
'台鐵 車 內 點心 購買',行/台鐵
'台鐵 旅遊 套票',行/台鐵
'台鐵 團體 旅遊票',行/台鐵
'台鐵 公司 福利票',行/台鐵
'台鐵 學生票',行/台鐵
'台鐵 車站 周邊 旅遊 導覽',行/台鐵
'台鐵 列車 內 便當 預訂',行/台鐵
'台鐵 票務 更改 手續費',行/台鐵
'台鐵 臥鋪 車廂 票',行/台鐵
'台鐵 國際 遊客 通行卡',行/台鐵
'台鐵 車廂 內 咖啡 購買',行/台鐵
'台鐵 會員 積分 兌換 票',行/台鐵
'台鐵 家庭 套票',行/台鐵
'台鐵 觀光 列車 特色 便當',行/台鐵
'台鐵 長者 優惠票',行/台鐵
'台鐵站 內 自動 售票機 充值',行/台鐵
'台鐵 列車 內 Wi-Fi 使用費',行/台鐵
'台鐵 特殊 行程 包 車票',行/台鐵
'台鐵站 內 便當 預購 服務',行/台鐵
'台鐵 自助 售票機 充值',行/台鐵
'台鐵 平日 促銷票',行/台鐵
'台鐵 貓空 觀光 列車票',行/台鐵
'台鐵 手工 月台票',行/台鐵
'台鐵 特快車 優惠票',行/台鐵
'台鐵 節日 加班 車票',行/台鐵
'台鐵 行李 保險 服務',行/台鐵
'台鐵 綠島號 船車聯票',行/台鐵
'台鐵 列車 內 冷飲 購買',行/台鐵
'台鐵 推 車 租借 服務',行/台鐵
'台鐵站 內 按摩椅 使用費',行/台鐵
'台鐵 青年 旅行卡',行/台鐵
'台鐵 車票 優惠券 兌換',行/台鐵
'台鐵 公司 員工 折扣票',行/台鐵
'台鐵 觀光 列車 車廂 租賃',行/台鐵
'台鐵 列車 內 圖書 借閱 服務',行/台鐵
'台鐵 團體 旅遊票 申請費',行/台鐵
'台鐵 長程 旅遊 行李 配送',行/台鐵
'台鐵站 內 便利店 消費',行/台鐵
'自行車 輪胎 更換',行/自行車
'自行車 打氣站 費用',行/自行車
'自行車 燈具 購買',行/自行車
'自行車 車架 維修',行/自行車
'自行車 變速器 更換',行/自行車
'自行車 車座 升級',行/自行車
'自行車 剎車線 維修',行/自行車
'自行車 行李架 購買',行/自行車
'自行車 水壺架 購買',行/自行車
'自行車 夜間 反光條',行/自行車
'自行車 運動 眼鏡 購買',行/自行車
'自行車 專業 手套',行/自行車
'自行車 防水車 罩',行/自行車
'自行車 折疊鎖 購買',行/自行車
'自行車 車鈴 購買',行/自行車
'自行車 擋泥板 安裝',行/自行車
'自行車 鏈條 潤滑劑',行/自行車
'自行車 車燈 更換',行/自行車
'自行車 水壺座 安裝',行/自行車
'自行車 修理 工具組',行/自行車
'自行車 專用 頭盔',行/自行車
'自行車 運動 手套',行/自行車
'自行車 專用 踏板',行/自行車
'自行車 輪胎 氣嘴',行/自行車
'自行車 手機 支架 購買',行/自行車
'自行車 碼表',行/自行車
'自行車 變速器 調整 服務',行/自行車
'自行車 防水 車包',行/自行車
'自行車 腳踏板 更換',行/自行車
'自行車 鏈條 清潔 工具',行/自行車
'自行車 專用 車架 安裝',行/自行車
'自行車 兒童 座椅 購買',行/自行車
'自行車 防曬 座墊',行/自行車
'自行車 專用 鎖',行/自行車
'自行車 騎行 眼鏡',行/自行車
'自行車 運動帽',行/自行車
'自行車 風鏡',行/自行車
'自行車 反光條 購買',行/自行車
'自行車 避震 系統 升級',行/自行車
'自行車 車座 海綿墊',行/自行車
'自行車 專業 維修 工具',行/自行車
'自行車 打氣筒 購買',行/自行車
'自行車 摺疊 工具包',行/自行車
'自行車 專用 車廂',行/自行車
'自行車 車輪 軸承 購買',行/自行車
'自行車 避震器 升級',行/自行車
'自行車 碟煞 更換',行/自行車
'自行車 鏈條 潤滑劑 購買',行/自行車
'自行車 車燈 安裝 服務',行/自行車
'自行車 變速 系統 調整',行/自行車
'自行車 車座套 購買',行/自行車
'自行車 水壺架 固定器',行/自行車
'自行車 兒童 座椅 維修',行/自行車
'自行車 防水 車包 購買',行/自行車
'自行車 手把 維護',行/自行車
'自行車 輪胎 防滑 胎 購買',行/自行車
'自行車 車鈴 更換',行/自行車
'自行車 安全帽 清潔 服務',行/自行車
'自行車 專用 雨衣 購買',行/自行車
'自行車 專用 工具組',行/自行車
'自行車 防盜 設備 安裝',行/自行車
'自行車 專用 騎行襪',行/自行車
'自行車 手電筒',行/自行車
'自行車 停車架 安裝',行/自行車
'汽車 加油',行/汽車
'汽車 機油 更換',行/汽車
'汽車 停車費',行/汽車
'高速 公路 過路費',行/汽車
'汽車 保養',行/汽車
'汽車 美容',行/汽車
'汽車 雨刷 更換',行/汽車
'汽車 輪胎 平衡 調整',行/汽車
'高速 公路 計次票 購買',行/汽車
'汽車 冷氣 濾網 更換',行/汽車
'汽車 GPS 導航 系統 購買',行/汽車
'汽車 行車 記錄器 購買',行/汽車
'汽車 電瓶 更換',行/汽車
'汽車 年檢 費用',行/汽車
'汽車 租賃',行/汽車
'汽車 機油 添加 劑',行/汽車
'汽車 刮水器 更換',行/汽車
'車 內 空氣 清新 劑 購買',行/汽車
'汽車 輪胎 充氣 服務',行/汽車
'電動車 充電 服務',行/汽車
'車輛 拖吊 服務',行/汽車
'高速 公路 服務區 停車費',行/汽車
'汽車 年檢 排放 測試費',行/汽車
'車 內 除濕袋 購買',行/汽車
'汽車 電子 狗 購買',行/汽車
'汽車 鑰匙 電池 更換',行/汽車
'汽車 內飾 清潔 服務',行/汽車
'汽車 冷氣 維修',行/汽車
'汽車 暖風 系統 檢修',行/汽車
'汽車 打蠟 美容',行/汽車
'汽車 輪圈 更換',行/汽車
'車窗 隔熱紙 貼膜',行/汽車
'車 內 導航 系統 更新',行/汽車
'自助 洗車機 使用費',行/汽車
'車用 手機 支架 購買',行/汽車
'汽車 擋風 玻璃 修復',行/汽車
'汽車 避震器 更換',行/汽車
'汽車 剎車盤 維修',行/汽車
'車 內 地毯 清洗 服務',行/汽車
'汽車 遙控器 購買',行/汽車
'車 內 急救箱 購買',行/汽車
'汽車 應急 電源 購買',行/汽車
'汽車 香氛片',行/汽車
'汽車 頂架 安裝',行/汽車
'車輛 臨時 泊車費',行/汽車
'汽車 車 內 香氛 擴散器',行/汽車
'汽車 電動窗 維修費',行/汽車
'車 內 USB 充電 裝置 購買',行/汽車
'汽車 空調 系統 清洗',行/汽車
'汽車 音響 設備 升級',行/汽車
'汽車 後備箱 儲物箱 購買',行/汽車
'汽車 車頂 行李架 安裝',行/汽車
'汽車 車窗 防爆膜 貼膜',行/汽車
'汽車 擋風 玻璃 修補 費',行/汽車
'汽車 內飾 除味 服務',行/汽車
'汽車 胎壓 監測 設備 購買',行/汽車
'車用 吸塵器 購買',行/汽車
'汽車 電瓶 充電 服務',行/汽車
'汽車 內飾 氛圍燈 安裝',行/汽車
'汽車 行李箱 內 墊 購買',行/汽車
'車 內 手機 無線 充電 設備',行/汽車
'汽車 駕駛座 靠墊 購買',行/汽車
'車輛 美容',行/汽車
'車 內 急救包 購買',行/汽車
'遊覽車 包車 服務',行/其它
'計程車 車資',行/其它
'客運 車票',行/其它
'旅遊 巴士 票',行/其它
'停車場 月租費',行/其它
'95+ 無鉛',行/其它
'95 Plus 無鉛',行/其它
'95 無鉛',行/其它
'95 無 鉛 汽油',行/其它
'95 無 鉛 汽油',行/其它
'98 無 鉛 汽油',行/其它
'Parking fee',行/其它
'九二 無 鉛 汽油',行/其它
'九八 無鉛',行/其它
'九八 無 鉛 汽油',行/其它
'九五 無 鉛 汽油',行/其它
'停車場 收入',行/其它
'停車場 費用',行/其它
停車費,行/其它
'停車 費用',行/其它
'業 外 收入 . 停車場 - 新光三越 - 停車場 收入',行/其它
'旅遊 巴士 導覽 行程',行/其它
'城市 觀光 小 火車票',行/其它
'豪華 郵輪 船票',行/其它
'客運 提早 訂 票 折扣',行/其它
'客運站 內 行李 寄放 費',行/其它
'城市 共享 電動 滑板車 租賃',行/其它
'路 邊 停車場 掃碼 繳費',行/其它
'碼頭 輪渡 船票',行/其它
'夜間 計程車 加成費',行/其它
'長途 大巴 豪華 座票',行/其它
'觀光 遊覽車 租賃費',行/其它
'碼頭 渡輪票',行/其它
'城市 觀光 巴士票',行/其它
'長途 大巴 車票',行/其它
'旅遊 巴士 行程',行/其它
'共享 電動 滑板車 費用',行/其它
'停車場 月票',行/其它
'移動 電源 租借',行/其它
'租 車 服務',行/其它
'短程 電動車 租借費',行/其它
'城市 輕軌 車票',行/其它
'路 邊 停車場 計時費',行/其它
'電動 代步車 租賃費',行/其它
'停車場 超時 罰款',行/其它
'碼頭 貨物 托運 服務',行/其它
'騎行 共享 單車 費用',行/其它
'共享 汽車 短租費',行/其它
'計程車 預約 服務費',行/其它
'旅遊 接駁 專車 費用',行/其它
'觀光 火車票',行/其它
'旅遊 租 車 保險 費用',行/其它
'觀光 纜車票',行/其它
'高山 滑雪 纜車票',行/其它
'市區 小型 巴士票',行/其它
'旅遊 景點 接駁 車票',行/其它
'跨境 大巴 車票',行/其它
'夜間 接送 服務費',行/其它
'計程車 拼車 服務',行/其它
'客運站 內 自動 售票機 購 票',行/其它
'旅遊 巴士 私人 包車',行/其它
'路 邊 停車 計時 收費',行/其它
'共享 電動 腳踏車 租借費',行/其它
'旅遊 景點 接駁 巴士票',行/其它
'高速 客運 包 月票',行/其它
'城市 交通 一卡通 充值',行/其它
'長途 大巴 超重 行李費',行/其它
'碼頭 輪渡 車票',行/其它
'豪華 遊艇 包船 服務',行/其它
'客運 車 內 飲料 購買',行/其它
'計程車 預約費',行/其它
'觀光 遊覽 船票',行/其它
'旅遊 巴士 車票 折扣券',行/其它
'旅遊 巴士 導遊 服務費',行/其它
'旅遊 大巴 臨時 購票費',行/其它
'夜間 巴士票',行/其它
'國內 機票',行/飛機
'國際 機票',行/飛機
'機場 接駁 巴士票',行/飛機
'託運 行李 費用',行/飛機
'飛機 機 上 餐飲 購買',行/飛機
'飛機 頭等艙 升等 費用',行/飛機
'飛機 商務艙 貴賓室 使用',行/飛機
'機場 快速 通關 服務',行/飛機
'機場 行李 打包 服務',行/飛機
'國際 航班 登機 行李 超重費',行/飛機
'飛機 機 上 WiFi 使用費',行/飛機
'飛機 機 上 免稅品 購買',行/飛機
'機場 餐飲 消費',行/飛機
'飛機 行李 加購 額度',行/飛機
'機場 交通 接駁',行/飛機
'飛機 登機牌 補發 手續費',行/飛機
'機場 貴賓室 消費',行/飛機
'飛機 機 上 電影 付費',行/飛機
'飛機 行李 超重 費用',行/飛機
'機場 接駁車 服務',行/飛機
'飛機 機 上 餐點 升級',行/飛機
'飛機 機 上 購物',行/飛機
'機場 免費 Wi-Fi 升級 服務',行/飛機
'飛機 寵物 托運 服務',行/飛機
'機場 航廈 停車費',行/飛機
'飛機票 改期 手續費',行/飛機
'飛機票 退票 費用',行/飛機
'飛機 機 上 按摩椅 使用費',行/飛機
'機場 行李 推車 租賃',行/飛機
'機場 巴士 接送 服務',行/飛機
'飛機 會員 積分 兌換 手續費',行/飛機
'機場 VIP 停車場 使用費',行/飛機
'飛機 臨時票',行/飛機
'飛機機 上 耳機 購買',行/飛機
'飛機 機 上 閱讀燈 租借',行/飛機
'飛機 機 上 書籍 購買',行/飛機
'飛機 頭等艙 休息室 使用',行/飛機
'飛機 延誤 保險 購買',行/飛機
'飛機 票務 代理 服務費',行/飛機
'機場 行李箱 打包膜',行/飛機
'飛機 機 上 急救 藥品 購買',行/飛機
'機場 免費 巴士 服務',行/飛機
'飛機 機 上 飲用水 購買',行/飛機
'飛機 快速 登機 通道 費用',行/飛機
'機場 行李 打包 塑膜 服務',行/飛機
'飛機 行李 額度 加購',行/飛機
'飛機 機 上 即時 翻譯 服務',行/飛機
'機場 休息室 淋浴 服務',行/飛機
'飛機票 升等 手續費',行/飛機
'飛機 行李箱 標籤 購買',行/飛機
'機場 接駁 車票',行/飛機
'飛機 機 上 充電 設備 租借',行/飛機
'飛機 機 上 餐點 加 點',行/飛機
'飛機 寵物籠 租借 服務',行/飛機
'機場 中轉 酒店 住宿',行/飛機
'飛機 頭等艙 行李 優先 服務',行/飛機
'飛機 機 上 毛毯 租用 費',行/飛機
'機場 VIP 巴士 接送 服務',行/飛機
'飛機 延誤 補償 服務',行/飛機
'機場 免稅 商品 預訂 服務',行/飛機
'飛機 緊急 通話 服務費',行/飛機
'機場 快速 過 海關 服務',行/飛機
'機場 免稅 商品 退貨 手續費',行/飛機
'高鐵 車票',行/高鐵
'高鐵 月票',行/高鐵
'高鐵 早鳥票',行/高鐵
'高鐵 自由座 車票',行/高鐵
'高鐵 行李 託運費',行/高鐵
'高鐵 定期票',行/高鐵
'高鐵 商務 車廂 票',行/高鐵
'高鐵 學生 優惠票',行/高鐵
'高鐵 長者 優惠票',行/高鐵
'高鐵 信用卡 紅利 兌換 票',行/高鐵
'高鐵 聯票',行/高鐵
'高鐵 年票',行/高鐵
'高鐵 特定 時段 優惠票',行/高鐵
'高鐵 週票',行/高鐵
'高鐵站 內 便當 購買',行/高鐵
'高鐵 定期 通勤票',行/高鐵
'高鐵 假日 自由行 套票',行/高鐵
'高鐵 旅行 套票',行/高鐵
'高鐵 學生票',行/高鐵
'高鐵 公司 團體票',行/高鐵
'高鐵 車站 寄 物 服務',行/高鐵
'高鐵 商務 車廂 升等',行/高鐵
'高鐵 接駁 巴士票',行/高鐵
'高鐵 車站 內 小吃 購買',行/高鐵
'高鐵 網路 購 票 手續費',行/高鐵
'高鐵 電子 票卡 充值',行/高鐵
'高鐵 殘障 人士 優惠票',行/高鐵
'高鐵 行李 運送 服務',行/高鐵
'高鐵 月台 拍攝 許可',行/高鐵
'高鐵 VIP 候車室 入場',行/高鐵
'高鐵 早鳥 優惠票',行/高鐵
'高鐵 親子票',行/高鐵
'高鐵 員工 票',行/高鐵
'高鐵 夜間 列車票',行/高鐵
'高鐵 列車 內 購物',行/高鐵
'高鐵 國際 遊客卡',行/高鐵
'高鐵 長 距離 票',行/高鐵
'高鐵 週末票',行/高鐵
'高鐵 觀光 團體票',行/高鐵
'高鐵 車廂 內 飲料 購買',行/高鐵
'高鐵 公司 年票',行/高鐵
'高鐵 短程 通勤票',行/高鐵
'高鐵 行李 寄存 費',行/高鐵
'高鐵 臨時票',行/高鐵
'高鐵 自助 售票機 購 票',行/高鐵
'高鐵站 內 行李 寄存 服務',行/高鐵
'高鐵 兒童 車廂 票',行/高鐵
'高鐵 VIP 會員 年卡',行/高鐵
'高鐵 聯名 信用卡 兌換 票',行/高鐵
'高鐵 行李車廂 預訂',行/高鐵
'高鐵 車站 接駁 計程車 服務',行/高鐵
'高鐵 自由座 升級 為 指定 座位',行/高鐵
'高鐵 殘障 座位 預約',行/高鐵
'高鐵 行李 超大 件 費用',行/高鐵
'高鐵 特殊 行程 拍攝 許可',行/高鐵
'高鐵 員工 親屬 優惠票',行/高鐵
'高鐵 無線 網路 使用費',行/高鐵
'高鐵 專屬 包車 服務',行/高鐵
'高鐵 週年慶 優惠票',行/高鐵
'高鐵 臨時 改 票 手續費',行/高鐵
'高鐵 商務 車廂 早餐',行/高鐵
'高鐵 週末 返鄉 專案票',行/高鐵
'高鐵 環保杯 購買',行/高鐵
'高鐵 車站 自助 行李 秤',行/高鐵
'機車 加油',行/機車
'機車 機油 更換',行/機車
'機車 停車費',行/機車
'機車 安全帽 購買',行/機車
'機車 行車 保險費',行/機車
'機車 煞車片 更換',行/機車
'機車 大 燈 燈泡 購買',行/機車
'機車 鏈條 保養',行/機車
'機車 輪胎 更換',行/機車
'機車 車廂 維修',行/機車
'機車 腳踏墊 購買',行/機車
'機車 停車棚 月租費',行/機車
'機車 牌照 登記費',行/機車
'機車 洗 車 服務',行/機車
'機車 租賃',行/機車
'機車 後視鏡 更換',行/機車
'機車 鍊條 上 油',行/機車
'機車 座墊 防水套',行/機車
'機車 電池 維修',行/機車
'機車 剎車 把手 更換',行/機車
'機車 行李箱 安裝',行/機車
'機車 風鏡 清潔',行/機車
'機車 後座 靠背 購買',行/機車
'機車 行車 記錄器',行/機車
'機車 輪胎 補胎 服務',行/機車
'機車 排氣管 修理',行/機車
'機車 雨衣 購買',行/機車
'機車 防盜鎖',行/機車
'機車 皮帶 更換',行/機車
'機車 安全 反光 貼',行/機車
'機車 煞車油 更換',行/機車
'機車 車罩 購買',行/機車
'機車 腳踏板 維修',行/機車
'機車 車廂 墊',行/機車
'機車 防滑 握把',行/機車
'機車 車架 噴漆',行/機車
'機車 輪圈 清潔劑',行/機車
'機車 座墊 軟墊',行/機車
'機車 後座 安全帶',行/機車
'機車 加速器 修理',行/機車
'機車 胎壓計 購買',行/機車
'機車 腳架 更換',行/機車
'機車 音響 系統',行/機車
'機車 擋泥板 修復',行/機車
'機車 手機 支架 購買',行/機車
'機車 腳踏墊 更換',行/機車
'機車 行李網 購買',行/機車
'機車 排氣管 升級',行/機車
'機車 鑰匙扣 購買',行/機車
'機車 安全帽 清洗 服務',行/機車
'機車 車輪 軸承 更換',行/機車
'機車 車頭燈 調整',行/機車
'機車 車架 噴漆 服務',行/機車
'機車 避震器 維修',行/機車
'機車 行李箱 更換',行/機車
'機車 剎車片 維護',行/機車
'機車 風鏡 安裝',行/機車
'機車 座墊 升級',行/機車
'機車 防滑 把手 購買',行/機車
'機車 鍊條 清潔 工具',行/機車
'機車 輪胎 加壓 服務',行/機車
'機車 電瓶 救援 服務',行/機車
'機車 騎行 手套 購買',行/機車
'機車 雨具',行/機車
水費,住/水
自來水費,住/水
'水塔 清洗 服務',住/水
'淨水器 濾芯 更換',住/水
'飲水機 租賃費',住/水
'水管 漏水 維修',住/水
'抽 水 馬達 維修',住/水
'家用 過濾 水壺',住/水
'辦公室 飲水機',住/水
'礦泉水 桶裝 配送',住/水
'家用 儲水 設備',住/水
'井水 抽水 設備 維修',住/水
'淋浴 過濾器',住/水
'飲水機 加熱器 維修',住/水
'浴室 水壓 增強 設備',住/水
'水龍頭 節水 裝置',住/水
'廚房 濾水網',住/水
'冷熱 飲水機',住/水
'飲水機 紫外線 消毒燈',住/水
'直 飲水 過濾 系統',住/水
'水質 測試 服務',住/水
'污水 處理 設備 維護',住/水
'水管 疏通 服務',住/水
'水管 噴頭 更換',住/水
'自動 補水 系統',住/水
'除 氯 淋浴 過濾器',住/水
'移動式 水箱 購買',住/水
'社區 水塔 清潔 服務',住/水
'飲水機 濾芯 更換',住/水
'水管 堵塞 疏通 服務',住/水
'家用 淨水器 購買',住/水
'廚房 水龍頭 更換',住/水
'衛浴 花灑 安裝',住/水
'庭院 灌溉 系統 維護',住/水
'飲水機 租賃 費用',住/水
'水質 檢測 服務',住/水
'水管 防凍 保護套 購買',住/水
'飲水機 消毒 服務',住/水
'家庭 儲水桶 購買',住/水
'雨水 收集 系統 安裝',住/水
'地 下 水井 維修',住/水
'洗衣機 進水管 更換',住/水
'冷熱水 管道 安裝',住/水
'廚房 水槽 濾網 購買',住/水
'澆花 噴頭 購買',住/水
'水族箱 換 水 服務',住/水
'洗手台 下水管 清理',住/水
'社區 飲用水 系統 保養',住/水
'別墅 泳池 注 水 服務',住/水
'公共 區域 水管 維護',住/水
'建築 用水 供應 服務',住/水
'水管 防漏 測試 服務',住/水
'浴缸 進出水口 更換',住/水
天然氣,住/瓦斯
天然氣費,住/瓦斯
瓦斯費,住/瓦斯
'瓦斯 桶裝 配送',住/瓦斯
'瓦斯 管線 安裝',住/瓦斯
'天然氣 設備 升級',住/瓦斯
'廚房 燃氣爐 更換',住/瓦斯
'家用 瓦斯 安全閥',住/瓦斯
'商業用 瓦斯 系統 安裝',住/瓦斯
'戶外 烤 肉 瓦斯罐',住/瓦斯
'液化 石油氣 補充',住/瓦斯
'瓦斯 管道 清潔',住/瓦斯
'天然氣 流量計 安裝',住/瓦斯
'瓦斯 防漏 檢測 服務',住/瓦斯
'家庭 瓦斯 灶台 清潔',住/瓦斯
'瓦斯 安全鎖 安裝',住/瓦斯
'鋼瓶 瓦斯 替換',住/瓦斯
'室 內 燃氣 警報器',住/瓦斯
'高 樓層 天然氣 管線 增壓',住/瓦斯
'烤箱 燃氣 管道 檢修',住/瓦斯
'瓦斯 灶具 耐熱 墊',住/瓦斯
'家庭用 瓦斯 節能 裝置',住/瓦斯
'瓦斯表 租賃',住/瓦斯
'瓦斯 噴槍 購買',住/瓦斯
'液化氣 鋼瓶 換購 服務',住/瓦斯
'廚房 燃氣 管線 更換',住/瓦斯
'瓦斯 安全閥 購買',住/瓦斯
'瓦斯 管道 漏氣 檢測',住/瓦斯
'瓦斯 灶台 清潔 服務',住/瓦斯
'液化氣罐 配送 服務',住/瓦斯
'商用 大 廚房 瓦斯 設備 安裝',住/瓦斯
'燒烤用 小型 瓦斯罐 購買',住/瓦斯
'瓦斯氣表 安裝 服務',住/瓦斯
'屋頂 瓦斯 管線 保溫 處理',住/瓦斯
'瓦斯 鍋爐 檢測 服務',住/瓦斯
'天然氣 戶外 管線 檢查',住/瓦斯
'瓦斯爐 噴嘴 清潔',住/瓦斯
'液化氣 殘液 處理 服務',住/瓦斯
'瓦斯 管道 更換 工程',住/瓦斯
'廚房 燃氣 警報器 安裝',住/瓦斯
'天然氣 洩漏 應急 處理 服務',住/瓦斯
'住 瓦斯 佔位 符 1',住/瓦斯
'住 瓦斯 佔位 符 2',住/瓦斯
'住 瓦斯 佔位 符 3',住/瓦斯
'住 瓦斯 佔位 符 4',住/瓦斯
'住 瓦斯 佔位 符 5',住/瓦斯
'住 瓦斯 佔位 符 6',住/瓦斯
'住 瓦斯 佔位 符 7',住/瓦斯
'住 瓦斯 佔位 符 8',住/瓦斯
'住 瓦斯 佔位 符 9',住/瓦斯
'住 瓦斯 佔位 符 10',住/瓦斯
'住 瓦斯 佔位 符 11',住/瓦斯
'住 瓦斯 佔位 符 12',住/瓦斯
'住 瓦斯 佔位 符 13',住/瓦斯
'住 瓦斯 佔位 符 14',住/瓦斯
'住 瓦斯 佔位 符 15',住/瓦斯
'住 瓦斯 佔位 符 16',住/瓦斯
'住 瓦斯 佔位 符 17',住/瓦斯
'住 瓦斯 佔位 符 18',住/瓦斯
'住 瓦斯 佔位 符 19',住/瓦斯
'住 瓦斯 佔位 符 20',住/瓦斯
'住 瓦斯 佔位 符 21',住/瓦斯
'住 瓦斯 佔位 符 22',住/瓦斯
'住 瓦斯 佔位 符 23',住/瓦斯
'住 瓦斯 佔位 符 24',住/瓦斯
'住 瓦斯 佔位 符 25',住/瓦斯
'住 瓦斯 佔位 符 26',住/瓦斯
'住 瓦斯 佔位 符 27',住/瓦斯
'住 瓦斯 佔位 符 28',住/瓦斯
'住 瓦斯 佔位 符 29',住/瓦斯
'住 瓦斯 佔位 符 30',住/瓦斯
'住 瓦斯 佔位 符 31',住/瓦斯
'住 瓦斯 佔位 符 32',住/瓦斯
'住 瓦斯 佔位 符 33',住/瓦斯
'住 瓦斯 佔位 符 34',住/瓦斯
'住 瓦斯 佔位 符 35',住/瓦斯
'住 瓦斯 佔位 符 36',住/瓦斯
'住 瓦斯 佔位 符 37',住/瓦斯
'住 瓦斯 佔位 符 38',住/瓦斯
'住 瓦斯 佔位 符 39',住/瓦斯
'住 瓦斯 佔位 符 40',住/瓦斯
'住 瓦斯 佔位 符 41',住/瓦斯
'住 瓦斯 佔位 符 42',住/瓦斯
'住 瓦斯 佔位 符 43',住/瓦斯
'住 瓦斯 佔位 符 44',住/瓦斯
'住 瓦斯 佔位 符 45',住/瓦斯
'住 瓦斯 佔位 符 46',住/瓦斯
'住 瓦斯 佔位 符 47',住/瓦斯
'住 瓦斯 佔位 符 48',住/瓦斯
'住 瓦斯 佔位 符 49',住/瓦斯
'住 瓦斯 佔位 符 50',住/瓦斯
'家家 用 高級 衣架 彩色',住/其它
'MUJI 無印良品 迷你 洗衣板',住/其它
'白蘭 洗衣 球白茶',住/其它
'白蘭 洗衣球 玫瑰',住/其它
'白蘭 強效 潔淨 超 濃',住/其它
'白 熊 洗碗精',住/其它
'【 NIVEA 妮維雅 】 止汗 爽身 乳膏',住/其它
'五星 飯店 指定 植萃 洗沐組',住/其它
'極 簡 日 拋 免洗 毛 浴巾 旅行組',住/其它
'DARLIE 好來 全 亮白 竹炭 旅行組',住/其它
'DARLIE 好來 全 亮白 清新 薄荷 牙膏',住/其它
'綠茶 保濕 胺基酸 潔面乳',住/其它
'綠 玫瑰 涼感 濕紙巾',住/其它
'抽取式 衛生紙',住/其它
'沐浴 香氛 產品',住/其它
'抑菌 衛生棉',住/其它
'貓 福珊迪 毛毯',住/其它
'麻將 抱枕',住/其它
'SENSODYNE 舒酸定 進階 護理 強化 琺瑯質 牙膏',住/其它
'大地 沐浴乳',住/其它
'大 捲筒 衛生紙',住/其它
'五月 花蓬 厚柔 頂級 連續 抽取式 花紋 衛生紙',住/其它
'巴黎 萊雅 髮芯 修護 強化 洗 前 精華',住/其它
'巴黎 萊雅 玻尿酸 水光 豐盈 洗髮露',住/其它
'木紋 門簾桿',住/其它
'不鏽鋼 炒 鍋',住/其它
'生活 良好 紙拖把',住/其它
'好奇 純水 濕巾 加厚型',住/其它
'自白肌 保濕 潔顏',住/其它
'我 的 心機 極 輕柔 細緻 洗臉巾',住/其它
'男 潤膚霜',住/其它
'花仙子 驅塵氏 抗 菌 濕拖巾',住/其它
'花語 香膏 薰衣草',住/其它
'刷樂 雙效 纖柔 牙刷',住/其它
'刷樂 纖柔 牙刷',住/其它
'妮維雅 止汗 乳膏',住/其它
'妮維雅 止汗 爽身 乳液 清新 舒涼',住/其它
'妮維雅 止汗 爽身 噴霧 極限 動力 - 極光 炫 藍 男',住/其它
'妮維雅 美白 潤膚 乳液',住/其它
'妮維雅 無敵 水感 凝露',住/其它
房租,住/其它
'空氣 循環 扇',住/其它
'春風 抽取式 廚房 紙巾',住/其它
'柔芙 抽取 衛生紙',住/其它
'美姬 輕柔 按摩 洗髮梳',住/其它
'香水 洗沐 二合一',住/其它
'倍潔雅 柔軟 舒適 抽取式 衛生紙',住/其它
'海倫仙度絲 去 屑 洗髮乳',住/其它
'海倫仙度絲 潔淨 保濕 去 屑 洗髮乳',住/其它
'特福 鍋具 三 件 組',住/其它
'馬桶 棕刷 附 無痕 掛勾',住/其它
'高露潔 360 牙刷',住/其它
'國內 電信 服務 費用',住/其它
'專科 超微米 潔顏泥',住/其它
'康乃馨 潔膚 濕巾',住/其它
'得意 抽取式 衛生紙',住/其它
'掛門板式 J型 霧 黑 4 勾 掛架',住/其它
'淨 沐浴露 活力 運動',住/其它
'菲力 家族 超強度 清潔袋 單捲',住/其它
'蛋白質 護髮霜',住/其它
'喜多 洋甘菊 濕巾',住/其它
'御衣坊 橘子 洗碗精',住/其它
'植物性 潤髮乳',住/其它
'減壓 靠墊 抬 腿 放 腳 神器 床 上 趴 睡 枕',住/其它
'舒酸定 專業 抗 敏 護 齦 牙膏',住/其它
'舒潔 Viva 摺疊 家用 紙巾',住/其它
'舒潔棉 柔 厚韌 抽取 衛生紙',住/其它
'超級 無敵 大 -Mushroom 日風 蘑菇 懶骨頭 沙發',住/其它
'潔膚 濕巾',住/其它
'黑人 抗 敏感 牙膏',住/其它
'愛康 透芯 涼感棉',住/其它
'碧菲絲特 抗 暗沉 碳酸 泡 洗顏',住/其它
'魅萱 完美 修護 護 髮 精油',住/其它
'綠茶 洗髮精',住/其它
'嬌生 pH 5.5 蜂蜜 舒緩 沐浴乳',住/其它
'橄欖 洗髮精',住/其它
'潘婷 煥活 護髮素',住/其它
'靠得住 柔棉 超 薄 護翼 日用 衛生棉',住/其它
'靠得住 柔棉 超 薄 護翼 衛生棉 夜用',住/其它
'靠得住 茶樹 舒涼棉 日用',住/其它
'靠得住 溫柔 宣言 草本 抑菌',住/其它
'蕾妮亞 極 吸 好 眠 晚安 褲褲型 夜用 衛生棉 100\% 天然棉',住/其它
'優生 酒精 濕巾',住/其它
'環保 抽取式 衛生紙',住/其它
'韓國 isLeaf 香氛 順盈 護髮油',住/其它
'礦石 香氛 水芙蓉',住/其它
'家用 衛生紙',住/其它
'柔順 護髮素',住/其它
'地板 清潔劑',住/其它
'空氣 清淨機 濾網',住/其它
'衣櫃 防潮劑',住/其它
'馬桶 清潔劑',住/其它
'清潔 刷具 購買',住/其它
'環保 垃圾袋',住/其它
'智慧 門鎖 安裝',住/其它
'除塵 濕巾',住/其它
'床單 套件 更換',住/其它
'睡眠 記憶 枕頭',住/其它
'室 內 芳香劑',住/其它
'地毯 清潔 服務',住/其它
'浴巾 毛巾組 購買',住/其它
'防水 床罩',住/其它
'智能 家居 控制器',住/其它
'保險箱 安裝',住/其它
'【 MUJI 無印良品 】 軟質 聚乙烯 收納盒',住/其它
'SuSu 舒舒 小蘇菜 瓜布',住/其它
'日本製 - 三 層 收納盒 - 霧透',住/其它
'不鏽鋼 掛式 砧板 刀架',住/其它
'不鏽鋼 置物 毛巾架',住/其它
'不鏽鋼 廚用 雙層 置物架',住/其它
'不鏽鋼 牆角架',住/其它
'不鏽鋼 雙層 牆角架',住/其它
'美舒律 蒸氣 眼罩 組',住/其它
'耐洗 不 沾 油 菜瓜布',住/其它
'防滑 家用 塑料 衣架 多 色 選擇',住/其它
'帶 鉤 鋼絲 籃 C型',住/其它
'OP 花香 環保袋',住/其它
'可 疊加 透明 收納 展示架',住/其它
'肌研 光透潤 瞬效 補水 面膜',住/其它
'我 的 心機 小蒼蘭 柔順 乾洗髮 噴霧',住/其它
'時尚 收納盤',住/其它
'乾洗 消臭 清潔 慕斯',住/其它
'提 提研 超級 纖維 面膜',住/其它
'鱷魚 無 蟑 殺 蟑 餌劑',住/其它
'【 Lenor 蘭諾 】 衣物 芳香豆 / 香香豆 / 抗菌豆 補充包',住/其它
'【 P&G 】 衣物 芳香豆',住/其它
'【 SNUGGLE 】 多效 護 衣 芳香豆 / 香香豆',住/其它
'【 白蘭 】 精油 芳香豆 洗衣球',住/其它
'【 doko 多 口 】 速凝 阿姨 2.0 豆腐 貓砂',住/其它
'【 DORO 豆乳貓 】 豆腐 貓砂',住/其它
'【 doter 寵愛 物語 】 輕植系 貓砂',住/其它
'【 ECO 艾可 】 豆腐 貓砂',住/其它
'【 pidan 】 豆腐 貓砂 原味款 豆腐 砂',住/其它
'【 pidan 】 混合 貓砂 三合一 活性碳版 豆腐砂 加 礦砂',住/其它
'【 RoLife 簡約 生活 】 天然 環保 豆腐 貓砂 / 益生菌 混合款 豆腐 砂',住/其它
'【 小喵 同學 】 豆腐 貓砂',住/其它
'【 毛孩 時代 】 90\% 纖維 絲蘭豆腐 砂',住/其它
'【 汪喵 星球 】 汪喵 - 益生菌 消 臭 豆腐 砂',住/其它
'【 豆腐 先生 】 豆腐 貓砂',住/其它
'超電王 10 w 燈泡 白',住/電
'【 NORTHERN 北方 】 11 葉片式 恆溫 電暖爐',住/電
'【 SAMPO 聲寶 】 二合一 手持式 蒸氣 掛燙機 / 電熨斗 / 蒸汽 燙衣 / 熨斗',住/電
'飛利浦 黑晶爐',住/電
電費,住/電
'家用 電線 更新',住/電
'照明 燈具 更換',住/電
'智慧 電表 安裝',住/電
'電壓 穩壓器 購買',住/電
'室 內 燈光 改裝',住/電
'太陽能 發電 安裝',住/電
'風力 發電 設備 維護',住/電
'電器 過載 保護 設備',住/電
'配電箱 維修',住/電
'LED 燈泡 購買',住/電
'空調 電力 調整',住/電
'家庭 電力 升級',住/電
'電費 自動 扣款 手續費',住/電
'廚房 電源 規劃',住/電
'戶外 照明燈 安裝',住/電
'照明 設備 安裝費',住/電
'電壓 轉換器 購買',住/電
'電線 走火 修復 工程',住/電
'家用 電費',住/電
'電表 安裝 服務',住/電
'室 內 燈具 更換',住/電
'緊急 停電 應急燈 購買',住/電
'LED 節能 燈具 購買',住/電
'居家 電線 重新 佈線',住/電
'廚房 電器 插座 安裝',住/電
'空調 電力 系統 安裝',住/電
'太陽能 光電板 維修',住/電
'電力 公司 上門 檢修 服務',住/電
'電線 短路 排查 服務',住/電
'社區 公共 照明 電費 分攤',住/電
'室 外 庭院 燈光 設計',住/電
'智能 家居 電力 系統 安裝',住/電
'電力 計量 設備 校正',住/電
'變壓器 購買',住/電
'車庫 電動門 電力 維護',住/電
'老舊 電線 汰換 工程',住/電
'【 Apple 蘋果 】 原廠 Lightning 對 USB 連接線',住/電
'Apple Air Pods 2 無線 藍芽 耳機',住/電
'E-books X75 一 公轉 二 母 耳機 麥克風 音源 轉接線',住/電
'人體工學 無線 靜音 滑鼠',住/電
'經典 耳罩式 耳機 麥克風',住/電
'Logitech Pebble 2 Combo 無線 藍牙 鍵盤 滑鼠組',住/電
'降噪 藍牙 耳罩式 耳機',住/電
'無線 滑鼠',住/電
'【 ADATA 威剛 】 P33 33W USB-C/A 雙孔 PD 快速 充電器',住/電
'【 CATIS 】 破壁機 料理機 豆漿機 全自動 榨汁機',住/電
'【 Electrolux 伊萊克斯 】 歐洲 經典 系列 電動 磨豆機',住/電
'【 FELLOW 】 OPUS 錐刀 磨豆機',住/電
'【 HERAN 禾聯 】 不鏽鋼 電動 磨豆機 / 研磨 咖啡 堅果 乾式 食材',住/電
'【 HERAN 禾聯 】 微電腦 自動 研磨 咖啡機',住/電
'【 JOYOUNG 九陽 】 高速 破 壁 冷 熱 全 營養 調理機',住/電
'【 Oceanrich 】 便攜 電動 磨豆機',住/電
'【 Philips 飛利浦 】 全自動 美式 研磨 咖啡機',住/電
'【 Philips 飛利浦 】 破壁 營養 冷 熱 豆漿 調理機',住/電
'【 Princess 荷蘭 公主 】 不鏽鋼 咖啡 磨豆機',住/電
'【 SONGEN 松井 】 多功能 蔬果 輔食 冷 熱 破壁 調理機 / 豆漿機 / 果汁機',住/電
'【 迪朗奇 】 多功能 磨豆機',住/電
'【 品皇 】 小飛馬 磨 豆機',住/電
'【 義大利 Balzano 】 電動 磨豆機',住/電
'【 KINYO 】 電池式 電蚊拍',住/電
'【 KINYO 】 USB 靜音 充電 風扇',住/電
'【 KINYO 】 USB 折疊式 桌掛 三 用 扇',住/電
'【 KINYO 】 復古 無段式 桌扇 - 經典 白',住/電
'【 KINYO 】 復古 無段式 桌扇 - 寧靜 藍',住/電
'【 KINYO 】 多功能 電烤盤',住/電
'【 KINYO 】 電烤盤',住/電
'【 KINYO 】 萬用 不 挑 鍋 電陶爐',住/電
'【 KINYO 】 造型 LED 小 夜燈',住/電
'【 KINYO 】 多功能 陶瓷 美食鍋',住/電
'【 KINYO 】 黑晶 電子 體重計',住/電
'【 KINYO 】 電子 計時器 數字 鐘',住/電
'【 KINYO 】 2.4 GHz 無線 鍵鼠 組',住/電
'【 KINYO 】 大 風量 負離子 吹風機',住/電
'【 KINYO 】 充電式 二合一 滅蚊器',住/電
'超電王 環保 碳鋅 3 號 電池',住/電
'超電王 環保 碳鋅 4 號 電池',住/電
'Panasonic 國際牌 錳乾 3號 電池',住/電
'Panasonic 國際牌 錳乾 4 號 電池',住/電
'【 KINYO 】 手持 小巧 蒸氣 掛燙機',住/電
'【 KINYO 】 磁懸浮 吸入式 捕蚊燈',住/電
'【 KINYO 】 輕量 負離子 摺疊 吹風機',住/電
'【 KINYO 】 電擊式 捕蚊燈',住/電
'【 KINYO 】 超輕量 美型 吹風機',住/電
'【 KINYO 】 晶片 讀卡機 - 白色',住/電
'【 KINYO 】 晶片 讀卡機 - 黑色',住/電
'【 KINYO 】 多合一 晶片 讀卡機',住/電
'威剛 USB 3.2 隨身碟 64 G',住/電
'威剛 USB 3.2 隨身碟 32 G',住/電
'太星 多 國 轉換 旅行用 插座',住/電
'通用型 電風扇 安全 網罩 電扇 網套',住/電
'Panasonic 國際牌 大 電流 鹼性 電池',住/電
'超電王 超 亮 1 W 夜光 手電筒',住/電
'超電王 超亮 12 W 3 段 功能 LED 手電筒',住/電
'超電王 超亮 12 W LED 手電筒',住/電
'3 轉 2 轉 接 插頭',住/電
'電風扇 母牙 風扇 葉片 螺帽 風扇 固定頭',住/電
'大同 10 W LED 節能 球泡',住/電
'米諾諾 北歐風 電風扇 防塵罩',住/電
'Panasonic 國際牌 碳鋅 4 號 電池',住/電
'Cin Lica 大 音量 電子 計時器',住/電
'憤怒蛙 迷你 手電筒 充電式 電蚊拍',住/電
'知育 插座 安全 扣',住/電
'太星 2 開關 2 插座 3 孔 分接式 插座',住/電
'成電牌 3 變 2 轉接 插頭',住/電
'威電 6 開關 6 插座 2 孔 9 尺 電源線組 延長線',住/電
'電話 聽筒線',住/電
'大同 20 W LED 節能 燈泡',住/電
'村田 muRata 專業型 鈕扣 鋰 電池',住/電
'Panasonic 國際牌 鈕扣型 鹼性 電池',住/電
'maxell 鈕扣型 鋰 電池',住/電
'Panasonic 國際牌 鋰 電池 鈕扣 電池',住/電
'Panasonic 國際牌 碳鋅 3 號 電池',住/電
'Panasonic 國際牌 碳鋅 2 號 電池',住/電
'Panasonic 國際牌 碳鋅 1 號 電池',住/電
'maxell 鈕扣型 鋰 電池',住/電
'maxell 鹼性 鈕扣 型 電池',住/電
'電精靈 D型 三 面 插 插頭',住/電
'威電 3 開關 3 插座 2 孔 9 尺 電源線組 延長線',住/電
'威電 1 開關 6 插座 3 孔 6 尺 電源線組 延長線',住/電
'保護傘 7 開關 6 插座 3 孔 9 尺 延長線',住/電
'保護傘 4 開關 4 插座 2 孔 15 尺 延長線',住/電
'威電 1 開關 4 插座 2 孔 6 尺 電源線組 延長線',住/電
'空間 芬香油',其它
'抗 菌 噴霧',其它
'ObgE 茶樹 控 油 去 黑頭 清潔棒',其它
'【 Apple Pencil 1/2 代 金屬 筆尖 + 耐磨 筆尖 】',其它
'25 K 方格 加 厚定 頁 筆記',其它
'3M 強力 防水 膠帶',其它
'A4 色彩 列印 ibon',其它
'A4 黑白 列印 ibon',其它
'透氣 鼠 飆墊 護腕 鼠墊 台灣 製造',其它
'ALLIE 持 采 UV 高效 防曬乳 E X',其它
'APP 列印 服務 全錄 黑白 A4',其它
'Calvin Klein CK 男生 皮夾',其它
'CHIC 台灣製 霧面 髮箍',其它
'持久 閃耀 晶透 唇釉',其它
'FUJIFILM 富士 Instax Mini 拍立得 底片 空白 底片 白 邊 底片',其它
'優質 中性 筆 黑',其它
'魔法 激凍 體用 噴霧 - 海洋',其它
'菱格 0.5 自動 中性 筆',其它
'heme 特 調 腮紅',其它
'heme 晶亮 臥蠶 筆',其它
'iPhone 14 系列 DAPPER+ 超 透 霧面 防摔 殼',其它
'KOYUKO Campus 活頁紙',其它
'輕薄 亮眼 雙眼皮 貼',其它
'Micros of t 365 個人版 一 年 盒裝',其它
'Miffy 明信片 草莓白',其它
'PCR 購物袋',其它
'PLUS 修正帶',其它
'POP MART',其它
'SDI 按壓式 修正 帶',其它
'Solid Suit for i Phone 15 Pro',其它
'TOEIC Listening and Reading Test',其它
'Uber One 訂閱費',其它
'霧面 塑膠 直 傘',其它
'力松 烤 肉刷',其它
'三 折 黑膠 防曬 自動傘',其它
'小 白兔 暖暖包',其它
'去味 大師 鞋 消臭',其它
'可 手 撕 隱形 膠帶',其它
'可 重複 使用 提袋',其它
'史邁爾 衛生套',其它
'四維 OPP 單卷包 膠帶',其它
外送費,其它
'平口 提袋',其它
'本色 2.0 筆芯 圓頭',其它
'甘蔗 吸管',其它
'白色 紙膠 含 膠 台',其它
'艾杜紗 絕不 失手 眼線膠筆',其它
'匠人系 迷你 無瑕 粉底 刷',其它
'名泰 免洗 紙杯',其它
'尖嘴鉗 鎳 合金',其它
'耳感 記憶 日本語 能力 測驗 n4 文法 附 有聲 CD',其它
免洗筷,其它
'男 自動 開收 傘',其它
'兒童 BB夾',其它
'屈臣氏 袖珍 面紙',其它
'泡泡 瑪特 || 名品 配件',其它
'玩偶 吊飾',其它
'金門 一 條 根',其它
'金屬 彩色 BB夾',其它
'易 拭型 橡皮擦',其它
保鮮盒,其它
'恆久 完美 無瑕 持妝 粉底',其它
'歪 頭 奶瓶',其它
紅包袋,其它
'原生 木漿 影印紙',其它
'夏威夷 噴瓶',其它
'烤 肉 竹籤',其它
紙碗,其它
紙盤,其它
'莉婕絲逸歡 造型 定型 噴霧',其它
'造型 蠟燭 - 大 臉花',其它
'倫敦 登喜路 精裁 濃縮 香菸',其它
'商用 訓練椅 舉重椅 多功能 訓練椅 健身',其它
'國民 溜溜 筆',其它
'基本 O束',其它
'曼秀雷敦 Acnes 痘痘貼',其它
'曼秀雷敦 抗 菌 痘痘 貼',其它
'曼秀 雷敦 薄荷 修護 潤唇膏',其它
清潔費,其它
'視 舒坦 康復 力 人工 淚液 點眼液',其它
'麥迪森 沖洗用 食鹽水',其它
'凱婷 零瑕肌 密柔霧 粉底 液',其它
'單層 瓦楞紙箱',其它
'晶碩 彩色 月拋 樂 森林 系列',其它
'無 極限 定妝 噴霧',其它
'無 極限 持妝 輕 蜜粉',其它
'無 極限 控 油 妝前乳',其它
'無 極限 霧光蜜 粉餅 組',其它
'筆記型 電腦',其它
'絲花 化妝棉',其它
'舒適牌 防 滑 輕便 刀',其它
'舒潔 迪士尼 紙 手帕',其它
'舒潔 雪潤 舒 鼻 紙 手帕',其它
'舒潔 濕式 面紙',其它
'組 超彈 O束 全 黑',其它
'精裝 橡皮筋 大黑',其它
'超 細 纖維 擦拭布',其它
'雄獅 簽字筆 紅',其它
'黑 大 橡皮筋',其它
'黑 小 橡皮筋',其它
'黑金 剛 明火 點火 槍',其它
塑膠袋,其它
'零粉感 超 持久 粉底',其它
'零售 兩 杯 飲料袋',其它
'碧菲絲特 即 淨 卸妝棉',其它
'鋁框 迷你鏡',其它
'精品 珠寶',其它
熱熔膠,其它
'數位 迷彩 步槍 彈袋',其它
'樂品 框式 立鏡',其它
'環保 手提袋',其它
購物袋,其它
'雙層 瓦楞紙箱',其它
寶特瓶,其它
'魔幻 糖果 月拋',其它
'蘭韻 紙纖 化妝棉',其它
'手提 便當袋',其它
'輕巧 摺疊 雨傘',其它
'【 珮 夫人 】 鼻爽貼 升級版',其它
'【 媽媽 友 mamayo 】 MIT 台灣製 大豆 無 毒 兒童 蠟筆',其它
'小太陽 愛文 芒果 金',食/水果類
'牛心 蕃茄',食/水果類
'台灣 上等 蕉',食/水果類
'台灣 香蕉 重量 分享包',食/水果類
'百 香 青木瓜',食/水果類
'每 日 C100\% 葡萄 綜合 果汁瓶',食/水果類
'沁涼 西瓜',食/水果類
'波蜜 低卡 蔬果汁',食/水果類
'長野 麝香 葡萄 禮盒',食/水果類
'珍珠 芭樂',食/水果類
'紅玉 綠葡萄',食/水果類
'紅蘋 大吉嶺 蘋果',食/水果類
'美國 無 籽 綠葡萄',食/水果類
'香蕉 產銷 履歷',食/水果類
'紐西蘭 加拉 蘋果',食/水果類
'紐西蘭 奇異果',食/水果類
'產銷 履歷 香蕉',食/水果類
'盒裝 榴槤 冷藏',食/水果類
'進口 冷凍 金 枕頭 榴槤',食/水果類
'植物 的 優 草莓',食/水果類
'植物 的 優 葡萄',食/水果類
'園之味 100\% 柳橙汁',食/水果類
'聖德科斯 奇異果 蘋果 綜合 果汁',食/水果類
'聖德科斯 桑椹 莓果 綜合 果汁',食/水果類
'綜合 水果 繽紛 杯',食/水果類
'臺灣 大 西瓜',食/水果類
'摩斯 蘋果汁',食/水果類
'有機 黃金蕉',食/水果類
'愛文 芒果',食/水果類
'無 籽 綠葡萄',食/水果類
'進口 紅 櫻桃',食/水果類
'紅心 木瓜',食/水果類
'金鑽 鳳梨',食/水果類
'土 芒果 青鮮 果乾',食/水果類
'園之味 柳橙',食/水果類
'波蜜 100\% 一 日 芒果 蔬果汁',食/水果類
'香吉士 芭樂 果汁 飲料',食/水果類
'大 比目魚 切片',食/水產類
'大 火山 奶香 火山 龍蝦舞 干貝',食/水產類
'台灣 鯛',食/水產類
'必 點 的 炸魚皮',食/水產類
'老火 酸菜魚',食/水產類
'尬鍋 海鮮 拼盤',食/水產類
沙漏魚皮,食/水產類
'花枝 天婦羅',食/水產類
'冷藏 鮭魚 輪切 挪威',食/水產類
'松露 起士 蝦球',食/水產類
'英式 炸魚',食/水產類
'挪威 鮮 鯖魚 切 片 無鹽',食/水產類
'海味 干貝',食/水產類
海鮮捲,食/水產類
'特選 鮭魚 厚切',食/水產類
'盒裝 去 殼 牡蠣',食/水產類
'智利 銀鮭 輪切',食/水產類
'黃金 魚板',食/水產類
'溜溜 酸菜魚',食/水產類
'養殖 文蛤',食/水產類
'養殖 石斑魚 活體',食/水產類
'養殖 石斑魚 條凍',食/水產類
'養殖 吳郭魚 冷凍 魚片',食/水產類
'養殖 冷凍 白蝦',食/水產類
'鳳尾 蝦仁',食/水產類
'薄鹽 鯖魚',食/水產類
'鮭魚 三 味',食/水產類
'鮭魚 日 切',食/水產類
'鮮嫩 魚 下巴',食/水產類
'雙月 乾 蚵',食/水產類
'鯖魚 柴魚 花',食/水產類
'鯛魚 腹片',食/水產類
'羅勒 鮭魚 肚',食/水產類
'鰹魚 柴魚 花',食/水產類
'海帶 鮮魚 味噌湯',食/水產類
'海鮮 干貝 湯',食/水產類
魚丸湯,食/水產類
'【 海洋 之 心 】 台灣 無 刺 鯖魚 柳',食/水產類
'【 優 鮮配 】 日本 原裝 鮭魚 卵',食/水產類
'【 海 之 醇 】 中段 無肚洞 雪鯛 切片',食/水產類
'國宴 主廚 潘盟仁 監製 日式 一 口 鮑魚 組',食/水產類
'【 茄萣區 農會 】 無 刺 虱目魚 肚',食/水產類
'【 鮮食堂 】 嚴選 去 刺 金目 鱸魚 排',食/水產類
'台灣 在地 鮮嫩 去 刺 鱸魚 排組',食/水產類
'【 池鮮生 】 台南 鮮嫩 無 刺 虱目魚肚',食/水產類
'【 澎湖區 漁會 】 正宗 澎湖 土魠魚 輪切片',食/水產類
'阿拉斯加 野生 霸王 皇帝魚 菲力',食/水產類
'【 優 鮮配 】 日本 原裝 明太子',食/水產類
'【 海揚 鮮物 】 鮮切 冠軍級 格陵蘭 大 比目魚 切片',食/水產類
'【 一手 鮮貨 】 格陵蘭 無 肚洞 扁鱈 切片',食/水產類
'【 東港 農會 】 料理用 櫻花蝦',食/水產類
'【 急 鮮 配 - 東港 農會 】 料理用 櫻花蝦',食/水產類
'【 台灣 好 漁 】 行家 才 懂 的 美味 - 七星 鱸魚 下巴',食/水產類
'【 三頓 飯 】 北海道 笹谷 商店 秋 鮭魚 卵杯裝',食/水產類
'職人 手工 去 刺 午仔 清 肉魚片',食/水產類
'【 梓官區 漁會 】 蚵仔寮 一 口 吃 烏魚子',食/水產類
'台灣 海養 去剌 鱸魚 排 厚片組',食/水產類
'台南 手 剝 野生 火燒 蝦仁',食/水產類
'【 海 揚 鮮物 】 智利 鮭魚 菲力',食/水產類
'【 深海 】 正東港 乾 櫻花蝦',食/水產類
'台灣 東港 野生 現 流 去 刺 鮪魚 腹肉排',食/水產類
'【 最 頂 規 大 尺寸 】 台南 老饕 XXL 去 刺 虱目魚肚 增量版',食/水產類
'【 築地 一 番 鮮 】 日本 原裝 明太子',食/水產類
'日本 北海道 古法 製作 花魚 一 夜干組',食/水產類
'【 鮮綠 生活 】 極 鮮 去 刺 虱目魚 里肌魚 柳條',食/水產類
'【 小川 漁屋 】 安康魚 骰子',食/水產類
'梧棲 漁港 船 捕 季節 鮮 凍 白 北魚',食/水產類
'【 美威 鮭魚 】 精選 鮭魚 菲力',食/水產類
'極品 野生 安康魚',食/水產類
'【 海 之 醇 】 優質 無 肚 土 魠魚片',食/水產類
'【 美威 鮭魚 】 精選 厚 切 下巴排 - 薄鹽 口味',食/水產類
'台灣 海養 去剌 鱸魚 排 厚片',食/水產類
'當 季 野生 船 釣 白帶魚 厚切',食/水產類
'【 Zhuyin 】 台南 去 刺 鮮美 虱目魚 肚',食/水產類
'【 海 之 醇 】 去 骨 去 刺 鱸魚 清 肉',食/水產類
'【 海 之 醇 】 大 規格 野生 前 段 白帶魚',食/水產類
'【 老張 鮮物 】 澎湖 直 送 野生 鮮活 小卷',食/水產類
'【 海 之 醇 】 智利 鮭魚 輪切',食/水產類
'【 愛上 新鮮 】 無鹽 鯖魚',食/水產類
'【 澎湖區 漁會 】 生鮮 小管',食/水產類
'【 Cococina 】 無 刺 鮭魚 菲力',食/水產類
'【 天時福 】 雙 產銷 美味 純 虱目魚丸 雙 口味 組',食/水產類
'【 海 之 醇 】 嚴選 土魠魚 厚 切',食/水產類
'【 鮮綠 生活 】 去 刺 鮮美 虱目魚 皮',食/水產類
'【 優 鮮 配 】 北歐 帶卵 柳葉魚',食/水產類
'【 大 食 怪 】 北極 格陵蘭 Q彈 熟 甜 蝦',食/水產類
'【 天時福 】 雙 產銷 外銷 級 金目 鱸魚 菲力片 切',食/水產類
'野生 捕撈 鮮 凍 大白 鯧',食/水產類
'【 上野 物產 】 阿拉斯加 野生 紅鮭',食/水產類
'【 大成 】 根島 生態 海蝦仁 大成 食品',食/水產類
'【 鮮綠 生活 】 台灣 金目 鱸魚片 增量版',食/水產類
'【 一手 鮮貨 】 泰國 免 剝殼 泰 蝦仁',食/水產類
'【 好嬸 水產 】 智利 進口 - 獨特 櫸木 冷 燻 工法 煙燻 鮭魚',食/水產類
'【 海 之 醇 】 去 刺 去 鱗 鮭魚 菲力',食/水產類
'曾 記 頂級 野生 烏魚子 一 口 吃 澎湃',食/水產類
'【 海鮮 主義 】 中秋 必 烤 極致 鮮甜 魷魚 一 夜 干',食/水產類
'【 大成 】 根島 生態 海 蝦仁',食/水產類
'【 鮮綠 生活 】 船 凍 基隆 當季 野生 現 撈 小卷',食/水產類
'【 優 鮮 配 】 嚴選 中段 厚 切 鮭魚',食/水產類
'【 漢來 飯店 】 五星 主廚 監製 霸王 咕溜蝦 滑',食/水產類
'【 三 頓 飯 】 無 刺 巴沙魚排',食/水產類
'【 海濤客 】 台灣 野生 一 口 烏魚子 精緻 送 禮 禮盒 / 家庭包',食/水產類
'【 優 鮮 配 】 無肚洞 小 鮭魚',食/水產類
'【 鮮綠 生活 】 野生 船 凍 透 抽',食/水產類
'【 第一 名 頂級 金鑽 烏魚子 】 烏魚子 禮盒',食/水產類
'【 陳家 烏魚子 】 野生 一 口 烏魚子 厚 切',食/水產類
'【 鮮綠 生活 】 智利 頂級 原料 煙燻 鮭魚 切片',食/水產類
'【 鮮綠 生活 】 特厚 智利 鮭魚 切片',食/水產類
'上億 嚴選 野生 捕撈 深海 去 刺 皇帝魚',食/水產類
'【 鮮綠 生活 】 超厚 智利 鮭魚 切片',食/水產類
'【 優 鮮配 】 宜蘭 特選 巨無霸 XXL 爆卵母 香魚',食/水產類
'【 一手 鮮貨 】 臺灣 野生 秋刀魚',食/水產類
'挪威 野生 超大 鯖魚片',食/水產類
'【 元家 】 鮮嫩 格陵蘭 大 比目魚 切片',食/水產類
'【 悅 生活 】 鮮 市集 高 Omeaga3 油脂 菲力 鮭魚 肚條',食/水產類
'【 究好味 】 挪威 薄鹽 兩 片 切 鯖魚',食/水產類
'【 好 神 】 台灣 鮮 凍 去 刺 白帶魚捲',食/水產類
'【 優鮮配 】 刺身 用 原裝 生食 級 甜 蝦',食/水產類
'【 鮮綠 生活 】 現 流 手工 去 刺 白帶魚 清 肉',食/水產類
'野生 巨無霸 透抽組',食/水產類
'【 美威 鮭魚 】 輕鬆 料理 系列',食/水產類
'【 優 鮮 配 】 厚切 無 肚洞 輪 切 土魠魚',食/水產類
'【 永豐餘 生技 】 澎湖 現 撈 野生 肉 鯽魚',食/水產類
'【 海 之 醇 】 台灣 物產 午仔魚 一 夜干',食/水產類
'【 鮮綠 生活 】 台灣 金目 鱸魚片',食/水產類
'【 鮮綠 生活 】 頂級 智利 鮭魚 菲力',食/水產類
'【 鮮綠 生活 】 北海道 花魚 一 夜 干',食/水產類
'【 永豐餘 生技 】 海水 生態 虱目魚 肚',食/水產類
'【 海鮮 主義 】 台灣 產 鮮甜 去 刺 虱目魚 肚',食/水產類
'【 優 鮮配 】 智利 鮭魚 整 尾 切片 真空組',食/水產類
'【 海 之 醇 】 嚴選 SGS 無 刺 巴沙魚排',食/水產類
'【 元家 】 御用 極品 藍鑽 蝦仁',食/水產類
'【 元家 】 格陵蘭 冷凍 厚切 大 比目魚',食/水產類
'季節 限定 野生 現 流 鮮 凍 赤筆魚',食/水產類
'【 優 鮮 配 】 頂級 北極 甜 蝦',食/水產類
'【 美威 鮭魚 】 挪威 鮮嫩 全 魚 切片',食/水產類
'【 蘇 班長 安心 石斑 】 龍膽 清 肉 切片',食/水產類
'【 一手 鮮貨 】 台灣 午仔魚',食/水產類
'【 鮮綠 生活 】 嚴選 特 厚 挪威 薄鹽 鯖魚片',食/水產類
'【 鮮綠 生活 】 海鮮 福箱',食/水產類
'【 三 頓 飯 】 挪威 肥嫩 厚 切 3XL 鮭魚',食/水產類
'超大 厚切 格陵蘭 大 比目魚',食/水產類
'【 永安 新港 社區 】 龍虎 石斑 鮮魚 切塊',食/水產類
'【 三 頓 飯 】 澎湖 船活 凍生 小卷',食/水產類
'【 華得 水產 】 野生 厚切 特 大 白帶魚',食/水產類
'【 鮮綠 生活 】 台南 去 刺 虱目魚 肚 增量版',食/水產類
'【 烏野家 】 台灣 一 口 烏魚子 隨手 包',食/水產類
'【 海 之 醇 】 冰島 無 肚洞 扁鱈',食/水產類
'【 海 之 醇 】 大 規格 土魠魚 厚 切',食/水產類
'【 築地 一 番 鮮 】 對 剖 熟 凍 帝王蟹 肉腳',食/水產類
'【 優 鮮配 】 特 大 活 凍 新鮮 整 尾 石斑魚',食/水產類
'【 天和 鮮物 】 龍 虎斑魚 下巴',食/水產類
'【 鮮綠 生活 】 台灣 金目 鱸魚片',食/水產類
'【 海 之 醇 】 中段 無 肚 白帶魚',食/水產類
'當 季 鮮 凍 捕撈 白帶魚 厚 切',食/水產類
'【 海 之 醇 】 干貝 蝦 滑',食/水產類
'【 好 神 】 MIT 鮮嫩 鯛魚片',食/水產類
'【 永苑行 】 台灣 野生 厚 切 一 口 烏魚子',食/水產類
'【 三 頓 飯 】 野放 活凍 超大 艾迪 白蝦',食/水產類
'【 蘇 班長 安心 石斑 】 龍 虎 石斑 鮮魚 條 凍',食/水產類
'【 美味 邸家 】 南方澳 現 撈 兩 片 切 鯖魚',食/水產類
'【 享 吃 海鮮 】 南方澳 鮮 撈 無 鹽 鯖魚',食/水產類
'【 好嬸 水產 】 北歐 直送 - 鮮嫩 大 比目魚 / 扁鱈',食/水產類
'【 華得 水產 】 熟 凍 爆蛋紅 蟳',食/水產類
'【 海 之 醇 】 大 規格 午仔魚 一 夜 干',食/水產類
'【 永苑行 】 買 二 送 二 台灣 野生 一 口 烏魚子 禮袋',食/水產類
'【 萊貝耶 LABEYRIE 】 法國 經典 煙燻 鮭魚 切片',食/水產類
'【 海鮮 主義 】 日本 北海道 去皮章 魚腳',食/水產類
'【 北海 漁鋪 】 彭佳嶼 現 流 急 凍 赤宗',食/水產類
'【 急 鮮 配 - 優 鮮 配 】 厚切 無 肚洞 格陵蘭 大 比目魚',食/水產類
'【 鮮綠 生活 】 無 漂白 南方澳 生 凍吻仔魚',食/水產類
'【 元家 】 格陵蘭 嚴選 冷凍 厚切 大 比目魚',食/水產類
'【 佶品 豐味 】 格陵蘭 扁鱈魚 大 比目魚 超 厚切 無 肚洞',食/水產類
'【 大成 】 根島 生態 蝦',食/水產類
'【 鮮綠 生活 】 挪威 薄鹽 鯖魚 M',食/水產類
'【 團圓 烏魚子 】 頂級 金鑽 野生 烏魚子',食/水產類
'【 Umai 鎢 滿 】 台灣 野生 一 口 烏魚子',食/水產類
'【 元家 】 北海道 黃金 SA 乾 干貝 禮盒',食/水產類
'【 三 頓 飯 】 台灣 特 大 鮮嫩 金目 鱸魚片',食/水產類
'【 漢克 嚴選 】 鮮甜 割背 大 白 蝦仁',食/水產類
'【 優鮮配 】 特 大 無 C O 外銷 生食 鯛魚 清肉片',食/水產類
'【 王家 的 魚店 】 口湖 精選 上等 烏魚子 一 口 吃',食/水產類
'【 佶 品 豐味 】 厚切 野生 一 口 烏魚子',食/水產類
'深海 石狗公 去 刺 魚片 組',食/水產類
'【 優 鮮 配 】 厚片 超大 油質 豐厚 挪威 薄鹽 鯖魚',食/水產類
'【 泓源 水產 】 智利 急凍 鮮嫩 剖半 鮭魚 頭',食/水產類
'【 一手 鮮貨 】 日本 原裝 生食 級 生蠔',食/水產類
'【 三 頓 飯 】 鮮凍 特 大 厚切 白帶魚',食/水產類
'季 之 鮮 五星級 無毒 生態 急凍 無 膨 發生 鮮 蝦仁',食/水產類
'【 優 鮮配 】 宜蘭 大 尺寸 爆卵 香魚',食/水產類
'【 優鮮配 】 嚴選 優質 無 肚洞 土魠魚',食/水產類
'【 三 頓 飯 】 台南 老饕 XXL 去 刺 虱目魚 肚 增量版',食/水產類
'【 一手 鮮貨 】 東港 黃金 鯧魚',食/水產類
'【 團圓 烏魚子 】 頂級 金鑽 烏魚子 禮盒',食/水產類
'【 揚信 】 澎湃 送 禮 - 第一 名 王信丁 頂級 金鑽 烏魚子',食/水產類
'【 低溫 宅配 - 黑豬 泰國 蝦 】 大 蝦公',食/水產類
'【 美威 鮭魚 】 精選 鮭魚 菲力 系列 任選 二 件 組',食/水產類
'【 元家 】 日本 北海道 生 食級 干貝 4S 等級',食/水產類
'【 鮮綠 生活 】 嚴選 特大生 凍 白蝦 后',食/水產類
'【 Real Shop 】 岩見 鮑魚',食/水產類
'【 鮮綠 生活 】 爆卵 熟凍 大紅 蟳',食/水產類
'【 鮮綠 生活 】 嚴選 野放 活 凍 超大 白蝦',食/水產類
'【 優 鮮 配 】 超級 巨無霸 頂級 鄂霍次克 海生 鱈場 蟹腳',食/水產類
'【 一手 鮮貨 】 日本 生食 級 2 S 干貝',食/水產類
'【 優 鮮 配 】 海味 之 冠 帶 殼 大連 鮑魚',食/水產類
'【 玥沐 嚴選 】 紅 蟳 3〜4 兩 爆蛋 活體 冷凍 紅 蟳',食/水產類
'【 華得 水產 】 東港 松板 大目 鮪魚 腹肉',食/水產類
'【 三 頓 飯 】 特選 生食 級 海膽',食/水產類
'【 優 鮮 配 】 蔚藍海 - 加勒比海 8 盎司 龍蝦 身',食/水產類
'【 好嬸 水產 】 日本 東北 產 - 料亭 專用 生食 級 生蠔',食/水產類
'【 鮮綠 生活 】 炙燒 台灣 一 口 吃 烏魚子',食/水產類
'【 鮮綠 生活 】 超大 尺寸 超厚 正 挪威 薄鹽 鯖魚',食/水產類
'【 優 鮮配 】 嚴選 口湖 頭等獎 野生 烏魚子',食/水產類
'【 鮮綠 生活 】 台南 去 刺 虱目魚 肚 增量版',食/水產類
'【 鮮綠 生活 】 嚴選 霸王 大 草蝦',食/水產類
'【 億錸 養生 蛤 】 嚴選 活體 大 蛤蜊 / 文蛤',食/水產類
'嚴選 鮮凍 野生 白口魚',食/水產類
'【 鮮綠 生活 】 鱈場 蟹腳',食/水產類
'【 優 鮮配 】 重量級 鮮魚',食/水產類
'【 優 鮮 配 】 嚴選 智利 熟 凍 對剖 帝王蟹 肉腳',食/水產類
'【 好嬸 水產 】 南美 產 - 鮮甜 軟 Q船 凍 白蝦',食/水產類
'【 元家 】 日本 北海道 頂級 3S 生食 級 干貝',食/水產類
'【 築地 一 番 鮮 】 厚 片 超大 油質 豐厚 挪威 薄鹽 鯖魚',食/水產類
'【 優 鮮 配 】 船 凍 鮮甜 QQ 爆 卵 有 蛋 小卷',食/水產類
'【 鮮綠 生活 】 帶 尾 無 毒 蝦仁',食/水產類
'大 火山 火山 極致 蒜香 壽喜 牛',食/肉類/牛
'小時 厚 牛排',食/肉類/牛
牛肉串,食/肉類/牛
'牛肉 咖哩',食/肉類/牛
牛肉捲,食/肉類/牛
'豆皮 牛肉串',食/肉類/牛
'冷藏 澳洲 穀飼牛 梅花 火鍋 肉片',食/肉類/牛
'味王 調理包 紅燒 牛',食/肉類/牛
'法蘭克 牛排',食/肉類/牛
'威靈頓 牛排',食/肉類/牛
'美牛 胸腹 火鍋片',食/肉類/牛
'美國 五花牛',食/肉類/牛
'美國 板腱 牛肉',食/肉類/牛
'美國 雪花 牛肉',食/肉類/牛
'美國 翼板 牛舌 雙拼 套餐',食/肉類/牛
'剝皮 辣椒 牛肉串',食/肉類/牛
'烤盤 - 美國 牛 五花',食/肉類/牛
'紐西蘭 菲力',食/肉類/牛
'頂級 無 骨 牛 小排',食/肉類/牛
'焙煎 咖哩 豆腐 牛',食/肉類/牛
'愛 呷 肉 - 雪花 牛肉',食/肉類/牛
'澳 牛 嫩 腿 心火片',食/肉類/牛
'澳洲 牛五 花火片',食/肉類/牛
'澳洲 牛 嫩 腿心 炒 肉絲',食/肉類/牛
'澳洲 板腱 牛排',食/肉類/牛
'澳洲 霜降 牛',食/肉類/牛
'熟成 牛板腱 套餐',食/肉類/牛
'雙 四 盎司 牛',食/肉類/牛
'雙層 牛肉',食/肉類/牛
'翼板 牛排',食/肉類/牛
'鹽烤 牛舌',食/肉類/牛
'鹽醬 牛 五 花',食/肉類/牛
'熟成 牛五花鍋 套餐',食/肉類/牛
'熟成 板腱 牛肉鍋 套餐',食/肉類/牛
'極品 牛肉湯',食/肉類/牛
'雙層 牛肉堡',食/肉類/牛
'【 漢克 嚴選 】 美國 和鑽牛 PRIME 雪花 嫩 肩 牛排',食/肉類/牛
'【 勝崎 生鮮 】 美國 1855 黑安格斯 熟成 極 鮮嫩 肩 牛排',食/肉類/牛
'【 王品 集團 】 王品 嚴選 美國 嫩 肩里肌 原塊 牛排',食/肉類/牛
'【 漢克 嚴選 】 紐西蘭 草飼 嫩 肩 牛排',食/肉類/牛
'【 勝崎 生鮮 】 紐西蘭 PS 嫩 肩 牛排',食/肉類/牛
'【 勝崎 生鮮 】 紐西蘭 PS 厚 切 嫩 肩 牛',食/肉類/牛
'【 漢克 嚴選 】 紐西蘭 米其林 星級 濃香 嫩 肩 牛排',食/肉類/牛
'【 享 吃 肉肉 】 美國 藍帶 特選 嫩 肩 牛',食/肉類/牛
'【 王品 集團 】 王品 嚴選 美國 嫩 肩里肌 火鍋',食/肉類/牛
'【 大成 】 美國 Choice 板腱 牛 燒',食/肉類/牛
'【 勝崎 生鮮 】 巴拉圭 亞伯丁 黑牛 極 鮮嫩 肩 火鍋',食/肉類/牛
'嚴選 美國 CAB 板腱 牛排',食/肉類/牛
'【 勝崎 生鮮 】 美國 黑安格斯 極 鮮嫩 肩 牛排 ~ 家庭 大 份量 減塑包',食/肉類/牛
'【 漢克 嚴選 】 澳洲 源神 A A 雪花 嫩 肩 牛排',食/肉類/牛
'【 愛上 吃 肉 】 美國 藍帶 特選 嫩 肩 牛',食/肉類/牛
'【 約克街 肉舖 】 紐西蘭 厚 切 板腱 牛排',食/肉類/牛
'【 勝崎 生鮮 】 美國 CAB 安格斯 極 鮮嫩 肩 牛排',食/肉類/牛
'【 漢克 嚴選 】 純血 澳洲 和 牛 霜降 嫩 肩 牛排',食/肉類/牛
'【 漢克 嚴選 】 紐西蘭 PS 米其林 星級 濃香 嫩 肩 牛排',食/肉類/牛
'【 約克街 肉舖 】 澳洲 小牛 嫩 肩 牛排',食/肉類/牛
'【 小嚼士 】 美國 霜降 比 臉 大 牛排',食/肉類/牛
'【 勝崎 生鮮 】 美國 1855 黑安格斯 熟成 霜降 牛排 - 超厚',食/肉類/牛
'【 漢克 嚴選 】 紐西蘭 PS 雪花 沙朗 牛排',食/肉類/牛
'【 勝崎 生鮮 】 澳洲 安格斯 濕式 熟成 肋眼 牛排',食/肉類/牛
'【 王品 集團 】 王品 嚴選 / 紐西蘭 鮮切 沙朗 牛排',食/肉類/牛
'【 勝崎 生鮮 】 美國 1855 黑安格斯 熟成 霜降 牛排',食/肉類/牛
'【 好 神 】 美國 PRIME 等級 霜降 火鍋 牛包',食/肉類/牛
'【 漢克 嚴選 】 美國 Choice 牛五花 火鍋',食/肉類/牛
'【 勝崎 生鮮 】 美國 CAB 黑安格斯 濕式 熟成 沙朗 牛',食/肉類/牛
'【 勝崎 生鮮 】 美國 PRIME 濕式 熟成 厚切 頂級 肋眼 牛',食/肉類/牛
'【 永豐餘 生技 】 紐西蘭 草飼 沙朗 牛排',食/肉類/牛
'【 海肉 管家 】 重量級 安格斯 NG 牛排',食/肉類/牛
'【 漢克 嚴選 】 紐西蘭 PS 星級 熟成 肋眼 牛排',食/肉類/牛
'【 海肉 管家 】 安格斯 超大 包NG 牛排',食/肉類/牛
'【 饗讚 】 大 份量 NG 牛排',食/肉類/牛
'【 國際 牛肉店 】 帶骨 牛肉',食/肉類/牛
'【 國際 牛肉店 】 牛肋條 切 塊',食/肉類/牛
'【 勝崎 生鮮 】 澳洲 YP碳 中和 28 盎司 戰斧 牛',食/肉類/牛
'【 小嚼士 】 沙朗牛 背 肩',食/肉類/牛
'【 好 神 】 美國 Prime 霜降牛 火鍋',食/肉類/牛
'【 好 神 】 日本 頂級 和 牛 霜降',食/肉類/牛
'【 好 神 】 紐西蘭 草飼 肋眼 沙朗牛',食/肉類/牛
'【 Real Shop 】 美國 牛絞肉',食/肉類/牛
'【 漢克 嚴選 】 紐西蘭 PS 熟成 肋眼 牛排',食/肉類/牛
'【 小嚼士 】 沙朗牛 背 肩',食/肉類/牛
'【 鮮食堂 】 爽口 不 膩 紐西蘭 特選 小 羔羊肉片',食/肉類/羊
'【 國際 牛肉店 】 羊 蹄',食/肉類/羊
'【 究好味 】 紐西蘭 小 羔羊 小排',食/肉類/羊
'【 上野 物產 】 黑 胡椒 迷迭香 帶骨 羊 小排',食/肉類/羊
'【 Real Shop 】 紐西蘭 法式 小 羔羊排',食/肉類/羊
'【 清真 市集 】 帶骨 羊排',食/肉類/羊
'【 小嚼士 】 澳洲 小 羔羊 肉片',食/肉類/羊
'【 小嚼士 】 嚴選 小 羔羊腿 肉片',食/肉類/羊
'【 清真 市集 】 生羊油',食/肉類/羊
'【 海肉 管家 】 澳洲 雪花 羊肉片',食/肉類/羊
'【 享 吃 肉肉 】 紐西蘭 五星級 羊 小排',食/肉類/羊
'【 約克街 肉舖 】 孜然 羊肩 排',食/肉類/羊
'【 約克街 肉鋪 】 紐西蘭 羊排骨 切 塊',食/肉類/羊
'【 約克街 肉鋪 】 紐西蘭 帶髓羊 大骨',食/肉類/羊
'【 海陸 雙拼 】 紐西蘭 嫩 肩 骰子 羊肉',食/肉類/羊
'【 小嚼士 】 嚴選 小 羔羊腿 肉片',食/肉類/羊
'【 美味 邸家 】 紐西蘭 頂級 帶骨羊 小排',食/肉類/羊
'【 約克街 肉鋪 】 紐西蘭 小 羔羊肉片',食/肉類/羊
'【 那魯灣 生鮮 & 幸福 小胖 】 小 羔羊 羊肩 火鍋片',食/肉類/羊
'【 約克街 肉舖 】 孜然 丁骨 羊排',食/肉類/羊
'【 小嚼士 】 澳洲 小 羔羊 肉片',食/肉類/羊
'【 享 吃 肉肉 】 紐西蘭 特選 小 羔羊肉片',食/肉類/羊
'【 約克街 肉鋪 】 紐西蘭 8 骨 小 羔羊排',食/肉類/羊
'【 美味 邸家 】 紐西蘭 草飼 小 羔羊 嫩 肩',食/肉類/羊
'【 海肉 管家 】 澳洲 帶骨 小羊排',食/肉類/羊
'【 國際 牛肉店 】 羊絞肉',食/肉類/羊
'【 勝崎 生鮮 】 澳洲 帶骨 小 羊排',食/肉類/羊
'【 勝崎 生鮮 】 紐西蘭 雪花羊 火鍋 肉片',食/肉類/羊
'【 國際 牛肉店 】 生羊油',食/肉類/羊
'【 清真 市集 】 羊骨 切 塊',食/肉類/羊
'【 賣 魚 的 家 】 紐西蘭 精選 羊肉片',食/肉類/羊
'【 海肉 管家 】 碳烤 羊小排',食/肉類/羊
'【 清真 市集 】 羊腸',食/肉類/羊
'【 清真 市集 】 羊雜',食/肉類/羊
'【 清真 市集 】 羊蹄',食/肉類/羊
'【 上野 物產 】 黑 胡椒 迷迭香 羊小排',食/肉類/羊
'【 上野 物產 】 黑 胡椒 迷迭香 帶骨 羊 小排',食/肉類/羊
'【 漢克 嚴選 】 紐西蘭 小 羔羊 香 嫩 丁骨 羊排',食/肉類/羊
'【 清真 市集 】 帶骨 羊肉 切 塊',食/肉類/羊
'【 海肉 管家 】 紐西蘭 金典 小 丁骨 羊肉塊',食/肉類/羊
'【 國際 牛肉店 】 紐西蘭 小羊肩 火鍋 肉片',食/肉類/羊
'【 國際 牛肉店 】 羊骨 切 塊',食/肉類/羊
'【 上野 物產 】 羊 肋排 切塊',食/肉類/羊
'【 勝崎 生鮮 】 紐西蘭 頂級 小 羊 OP 肋排',食/肉類/羊
'【 國際 牛肉店 】 羊腸',食/肉類/羊
'【 勝崎 生鮮 】 澳洲 丁骨 羊排',食/肉類/羊
'【 享 吃 肉肉 】 紐西蘭 特選 小 羔羊 肉片',食/肉類/羊
'【 巨廚 】 秘醃 生 羊 肋排 + 碳烤 特選 羊肩排',食/肉類/羊
'【 愛尚 極 鮮 】 紐西蘭 五星級 羊 小排',食/肉類/羊
'【 金澤旬 鮮屋 】 紐西蘭 頂級 小 羔羊 嫩 肩 排',食/肉類/羊
'【 海肉 管家 】 紐西蘭 鮮嫩 小 羔羊 五花肉片',食/肉類/羊
'【 小嚼士 】 嚴選 小 羔羊腿 肉片',食/肉類/羊
'【 約克街 肉鋪 】 紐西蘭 小 羔羊 後 腿 心 菲力',食/肉類/羊
'【 清真 市集 】 紐西蘭 小羊肩 火鍋 肉片',食/肉類/羊
'【 清真 市集 】 帶皮 羊肉 切 塊',食/肉類/羊
'【 漢克 嚴選 】 紐西蘭 小 羔羊 法式 帶骨 羊肩 小排',食/肉類/羊
'【 國際 牛肉店 】 羊肉 火鍋 肉片',食/肉類/羊
'【 約克街 肉鋪 】 澳洲 小放山羊 帶 皮 切 塊',食/肉類/羊
'紐西蘭 頂級 藍帶 法式 小 羔羊排',食/肉類/羊
'【 凱文 肉舖 】 美淇 食品 - 澳洲 羊肩捲 火鍋片',食/肉類/羊
'【 國際 牛肉店 】 帶骨 羊排',食/肉類/羊
'【 國際 牛肉店 】 羊雜',食/肉類/羊
'【 愛上 吃 肉 】 紐西蘭 五星級 羊 小排',食/肉類/羊
'【 清真 市集 】 羊肉 火鍋 肉片',食/肉類/羊
'【 國際 牛肉店 】 帶皮 羊肉 切 塊',食/肉類/羊
'【 森嶼 鮮物 】 手工 厚切 紐西蘭 小 羔羊 羊肉片',食/肉類/羊
'【 國際 牛肉店 】 帶骨 羊肉 切 塊',食/肉類/羊
'【 海肉 管家 】 紐西蘭 嫩 肩 骰子 羊肉',食/肉類/羊
'【 嚴選 好物 HOWGOOD 】 紐西蘭 和 羊 火鍋 肉片',食/肉類/羊
'台灣 精選 梅花豬',食/肉類/豬
'老饕 豬排',食/肉類/豬
'冷藏 台灣 豬背骨',食/肉類/豬
'味王 筍絲 焢肉',食/肉類/豬
'招牌 水餃',食/肉類/豬
'厚 切 腰 內 豬排',食/肉類/豬
'香蒜 排骨 酥',食/肉類/豬
'剝皮 辣椒 豬肉串',食/肉類/豬
'原味 豬肉 貢丸',食/肉類/豬
'梅花 豬肉',食/肉類/豬
'豚 五花肉',食/肉類/豬
'御料 小 館 招牌 水餃',食/肉類/豬
'黃金 豬排 咖哩',食/肉類/豬
'黑毛 梅花豬 套餐',食/肉類/豬
'晴木 千 層 豬排',食/肉類/豬
'愛 呷 肉 - 上 選 豬肉',食/肉類/豬
'愛 呷 菜 - 上 選 豬肉',食/肉類/豬
'豬五花 火鍋 肉片',食/肉類/豬
'豬肉 不 帶 骨',食/肉類/豬
'豬里肌 火鍋 肉片',食/肉類/豬
'豬肋排 帶骨',食/肉類/豬
'豬 後腿 肉片',食/肉類/豬
'豬胸 排骨 切塊',食/肉類/豬
'豬梅花 火鍋 肉片',食/肉類/豬
'霜降 豬肉 不 帶 骨',食/肉類/豬
'灣仔 碼頭 水餃 - 川香 麻辣 豬肉',食/肉類/豬
'梅花 豬肉鍋 套餐',食/肉類/豬
'梅花 豬鍋',食/肉類/豬
'雪花 豬肉鍋 套餐',食/肉類/豬
'韓式 泡菜 豬肉鍋',食/肉類/豬
'胡椒 豬肚 湯',食/肉類/豬
'大麥 雙蛋白 豬肉堡',食/肉類/豬
'吉士 豬肉堡 加 蛋',食/肉類/豬
'摩斯 豬排堡',食/肉類/豬
'【 享 吃 肉肉 - 買 送 】 日式 梅花 里肌 燒 肉片',食/肉類/豬
'【 漢克 嚴選 】 西班牙 伊比利 霜降 松阪 豬',食/肉類/豬
'【 小嚼士 】 霜降 梅花 豬肉片',食/肉類/豬
'【 卜蜂 】 國產 鮮嫩 豬小排 . 小 菲力 豬 . 里肌 豬排 . 五花肉丁 . 豬肉絲 . 豬絞肉',食/肉類/豬
'【 卜蜂 】 鮮嫩 好食 國產 梅花 火鍋片',食/肉類/豬
'【 鮮綠 生活 】 西班牙 松阪 豬',食/肉類/豬
'【 台糖 安心豚 】 精製 絞肉 _ 低脂 絞肉 量販包',食/肉類/豬
'【 勝崎 生鮮 】 國產 嚴選 極品 黑豚 - 霜降 五花',食/肉類/豬
'【 三 頓 飯 】 西班牙 伊比利 梅花 豬肉片',食/肉類/豬
'【 築地 一 番 鮮 】 懷古 鐵路 排骨',食/肉類/豬
'【 陽光 豬 】 上 排排 骨',食/肉類/豬
'【 小嚼士 】 嚴選 豬五花 肉片',食/肉類/豬
'【 陽光 豬 】 龍骨 + 上 排',食/肉類/豬
'【 金園 排骨 】 厚切 排骨',食/肉類/豬
'【 台糖 安心豚 】 豬龍骨 量販包',食/肉類/豬
'【 小嚼士 】 法式 戰斧 豬排',食/肉類/豬
'【 勝崎 生鮮 】 國產 嚴選 極品 黑豚 霜降 五花 火鍋 肉片組',食/肉類/豬
'【 約克街 肉鋪 】 台灣 厚切 培根',食/肉類/豬
'【 王品 集團 】 王品 嚴選 / 日式 風味 豬肉片 醬 燒 梅花 / 味噌 里肌',食/肉類/豬
'【 小嚼士 】 客家 五花 鹹 豬肉 條',食/肉類/豬
'【 金園 排骨 】 厚 切 里肌',食/肉類/豬
'【 小嚼士 】 嚴選 豬腿 肉片',食/肉類/豬
'【 漢克 嚴選 】 西班牙 香 嫩 醃製 里肌 豬排',食/肉類/豬
'【 卜蜂 】 國產 鮮嫩 骰子 豬 小排',食/肉類/豬
'【 王品 集團 】 王品 嚴選 台灣 極品 梅花豬 燒烤 炒肉片',食/肉類/豬
'【 享 吃 肉肉 】 西班牙 頂級 霜降 松阪 豬',食/肉類/豬
'【 農場 晃晃 FARM AROUND YOU 】 Omega 亞麻籽 豬松板 肉片',食/肉類/豬
'【 陽光 豬 】 梅花 火鍋 肉片 + 五花 火鍋 肉片',食/肉類/豬
'【 卜蜂 】 醃漬 日式 梅花燒 肉片',食/肉類/豬
'【 優 鮮 配 】 戰斧 小豬排',食/肉類/豬
'【 正一 排骨 】 台灣 肉品 - 厚 工 手感 排骨',食/肉類/豬
'【 鮮食堂 】 西班牙 頂級 霜降 松板 豬',食/肉類/豬
'【 小嚼士 】 頂級 霜降 松阪 豬 整 片',食/肉類/豬
'【 卜蜂 】 國產 嚴選 蒜香 醃漬 里肌 豬排',食/肉類/豬
'【 約克街 肉舖 】 國產 豬里肌 上蓋 肋條',食/肉類/豬
'【 老爸 ㄟ 廚房 】 古法 醃漬 客家 鹹豬肉',食/肉類/豬
'【 勝崎 生鮮 】 國產 極品 黑 豚 黃金 六 兩 霜降 松板 豬',食/肉類/豬
'【 無敵 好 食 】 古早味 醬 香 帶骨 大肉排',食/肉類/豬
'【 卜蜂 】 醃漬 去骨 古早味 里肌 豬排',食/肉類/豬
'【 約克街 肉鋪 】 台灣 豬絞肉',食/肉類/豬
'【 卜蜂 】 阿嬤 ㄟ 古早味 懷舊 經典 脆皮 排骨',食/肉類/豬
'【 凱文 肉舖 】 台灣 黑豬 燒烤組 黑豬 梅花 燒烤片 + 黑 豬 五花 燒烤片 + 黑 豬里肌 燒烤片',食/肉類/豬
'【 築地 一 番 鮮 】 橡實果 Bellota 伊比利 豬肋條',食/肉類/豬
'【 究好豬 】 燉湯 排骨',食/肉類/豬
'【 金園 排骨 】 老字號 厚 切 排骨',食/肉類/豬
'【 王品 集團 】 王品 嚴選 特大 秘製 德國 豬腳',食/肉類/豬
'【 金園 排骨 】 老店 特級 厚切 排骨',食/肉類/豬
'【 卜蜂 】 超 鮮嫩 雪花 里肌 豬肉片',食/肉類/豬
'【 好神 】 厚切 豬里肌 排',食/肉類/豬
'【 海 肉 管家 】 台灣 嚴選 霜降豬',食/肉類/豬
'【 無敵 好 食 】 豬肉 火鍋 肉片',食/肉類/豬
'【 漢克 嚴選 】 西班牙 臻寶 豬五花 燒烤 火鍋 肉片',食/肉類/豬
'【 卜蜂 】 醃漬 入味 客家 風味 鹹 豬肉',食/肉類/豬
'【 濎 好 食品 】 厚切 手打 排骨',食/肉類/豬
'【 愛上 吃 肉 】 特選 豬小排',食/肉類/豬
'【 海 之 醇 】 黃金 六 兩 極品 松阪 豬',食/肉類/豬
'【 金澤旬 鮮屋 】 加拿大 帶骨豬 小排',食/肉類/豬
'【 卜蜂 】 饕 級 鮮嫩 國產 雪花 里肌 . 梅花 火鍋片 . 五花 燒烤片 . 豬絞肉',食/肉類/豬
'【 海肉 管家 】 BBQ 和風 炭烤 豬肋排',食/肉類/豬
'【 大成 】 日式 鹽麴醬 燒 豚',食/肉類/豬
'【 優 鮮配 】 懷古 鐵路 排骨',食/肉類/豬
'【 美味 邸家 】 西班牙 國寶 伊比利 松阪 豬',食/肉類/豬
'【 台畜 】 迷迭香 戰斧 豬排',食/肉類/豬
'【 台糖 安心豚 】 前腿 肉絲 量販包',食/肉類/豬
'【 台糖 安心豚 】 調味 里肌 豬排',食/肉類/豬
'【 究好 豬 】 帶皮 五花肉 條',食/肉類/豬
'【 小嚼士 】 台灣 鹹豬肉 炒片',食/肉類/豬
'【 優鮮配 】 橡實果 Bellota 伊比利 豬肋條',食/肉類/豬
'【 卜蜂 】 黃金 比例 國產 豬絞肉',食/肉類/豬
'【 金園 排骨 】 大 塊 吃 肉 組 | 厚切 排骨',食/肉類/豬
'【 永豐餘 生技 】 冷凍 台灣 正 黑 豬',食/肉類/豬
'【 究好 豬 】 松阪 肉片',食/肉類/豬
'【 台糖 安心豚 】 豬小排肉 / 肋排 量販包',食/肉類/豬
'【 凱文 肉舖 】 美淇 食品 - 西班牙 伊比利 豬 梅花 火鍋片',食/肉類/豬
'【 約克街 肉鋪 】 台灣 帶骨 梅花豬 小排',食/肉類/豬
'【 卜蜂 】 特選 國產 手切 霜降 松阪 豬',食/肉類/豬
'【 大成 】 中 一 排骨 大成 食品',食/肉類/豬
'【 巧食家 】 國產 五花 豬肉串',食/肉類/豬
'【 卜蜂 】 醃漬 去骨 古早味 里肌 豬排',食/肉類/豬
'【 嚴選 好物 HOWGOOD- 中秋 烤 肉 】 西班牙 國寶 伊比利豬 燒烤 香 煎 肉片',食/肉類/豬
'【 小嚼士 】 頂級 松阪 豬肉片',食/肉類/豬
'【 勝崎 生鮮 】 國產 嚴選 極品 黑豚 鮮嫩 梅花 火鍋 肉片組',食/肉類/豬
'【 卜蜂 】 饕 級 鮮嫩 雪花 里肌 . 梅花 火鍋片 . 五花燒烤片 . 豬絞肉',食/肉類/豬
'【 台糖 安心豚 】 豬絞肉 量販包',食/肉類/豬
'【 富統 食品 】 古早味 鐵路 里肌 豬排 組',食/肉類/豬
'【 卜蜂 】 生鮮 急凍 國產 豬小排 . 小 菲力 豬 . 里肌 豬排 . 五花肉丁 . 豬肉絲 . 豬絞肉',食/肉類/豬
'【 鮮食堂 】 料理 常備 國產 梅花 豬排',食/肉類/豬
'【 永豐餘 生技 】 台灣 正 黑 豬 梅花 肉片',食/肉類/豬
'【 永豐餘 生技 】 伊比利豬 梅花 肉片',食/肉類/豬
'【 天和 鮮物 】 厚呷豬 - 雪花 火鍋 肉片',食/肉類/豬
'【 台糖 安心豚 】 小排肉 + 中排肉',食/肉類/豬
'【 永豐餘 生技 】 台灣 正 黑 豬 帶皮 五花肉',食/肉類/豬
'【 三 頓 飯 】 西班牙 伊比利 梅花 豬排',食/肉類/豬
'【 小嚼士 】 蜜汁 里肌 燒肉片',食/肉類/豬
'【 台糖 安心豚 】 去 皮 五花肉塊 量販包',食/肉類/豬
'【 究好豬 】 梅花燒 肉片',食/肉類/豬
'【 海肉 管家 】 西班牙 伊比利 梅花豬 烤 肉 / 火鍋 肉片',食/肉類/豬
'【 台畜 】 嚴選 台灣 生鮮 豬肉',食/肉類/豬
'【 量販箱 】 照燒 豬肉排',食/肉類/豬
'【 KAWA 巧活 】 能量 豬 - 肉片',食/肉類/豬
'【 陽光 豬 】 二 層 肉',食/肉類/豬
'【 台糖 安心豚 】 五花肉片 量販包',食/肉類/豬
'【 嚴選 好物 HOWGOOD 】 西班牙 國寶 伊比利 豬火鍋 肉片',食/肉類/豬
'【 享 吃 肉肉 】 日式 梅花 里肌 燒肉片',食/肉類/豬
'【 卜蜂 】 國產 嚴選 豬肉',食/肉類/豬
'【 大成 】 黑蜜豬 極 緻 九 件 組 — 梅花 、 五花 、 里肌 、 胛心肉 — 大成 食品',食/肉類/豬
'【 永豐餘 生技 】 台灣 正 黑 豬 小排',食/肉類/豬
'【 好 神 】 MIT 鮮嫩 梅花 豬肉片',食/肉類/豬
'【 卜蜂 】 急凍 生鮮 國產 豬小排 . 小 菲力 豬 . 里肌 豬排 . 五花肉丁 . 豬肉絲 . 豬絞肉',食/肉類/豬
'【 台糖 安心豚 】 雪花肉 / 松阪肉 量販包',食/肉類/豬
'【 大成 】 黑蜜豬— 極緻 烤 肉',食/肉類/豬
'【 優鮮配 】 團購組 - 橡實果 Bellota 伊比利 豬肋條',食/肉類/豬
'【 台糖 安心豚 】 雪花肉',食/肉類/豬
'【 台糖 安心豚 】 五花肉丁 量販包',食/肉類/豬
'【 卜蜂 】 嚴選 國產 豬 附皮 五花肉丁',食/肉類/豬
'【 台糖 安心豚 】 中排肉 量販 包',食/肉類/豬
'【 台糖 安心豚 】 豬絞肉',食/肉類/豬
'【 台糖 安心豚 】 豬腱肉 量販 包',食/肉類/豬
'【 金園 排骨 】 特級 厚切 排骨',食/肉類/豬
'【 海鮮 主義 】 戰斧 豬排',食/肉類/豬
'【 卜蜂 】 饕級 鮮嫩 雪花 里肌 . 梅花 火鍋片 . 五花 燒烤片 . 黃金 比例 豬絞肉',食/肉類/豬
'【 小嚼士 】 頂級 霜降 松阪 豬',食/肉類/豬
'【 台糖 安心豚 】 豬小排肉',食/肉類/豬
'【 台糖 安心豚 】 雪花肉 / 霜降肉',食/肉類/豬
'【 台糖 肉品 】 梅花 肉片 量販包',食/肉類/豬
'唐揚 套餐',食/肉類/雞
'椒麻 雞塊',食/肉類/雞
'滿滿 泰式 雞腿卷',食/肉類/雞
'卜蜂 義式 雞胸',食/肉類/雞
'六 塊 麥克 雞塊',食/肉類/雞
六塊雞,食/肉類/雞
'古早味 香 滷 嫩 雞胸',食/肉類/雞
'台灣 嫩 雞胸肉',食/肉類/雞
'四 塊 麥克 雞塊',食/肉類/雞
'全家 炸雞餐',食/肉類/雞
'老饕 雞腿排',食/肉類/雞
'咖哩 雞肉 水餃',食/肉類/雞
'法式 舒肥嫩 雞胸',食/肉類/雞
'青花 椒 香 麻 脆 雞',食/肉類/雞
炸雞腿,食/肉類/雞
'紅魔鬼 雞排',食/肉類/雞
'香 烤 雞肉',食/肉類/雞
'香辣 霸王 雞 球',食/肉類/雞
香雞排,食/肉類/雞
'桂丁 土雞 胸肉 切片',食/肉類/雞
'海 底 撈 麻辣 雞球',食/肉類/雞
'烤 大 雞腿',食/肉類/雞
'秘香 椒麻 嫩 雞胸',食/肉類/雞
'莎莎 雞腿捲',食/肉類/雞
'博客 墨西哥 風味 辣 雞胸',食/肉類/雞
'御料 小 館 X 世界 的 山將 夢幻 雞翅',食/肉類/雞
'御料 小 館 美式 香辣 雞丁',食/肉類/雞
'御料 小 館 香辣 炸雞 球',食/肉類/雞
'御料 小 館 辣味 雞柳條',食/肉類/雞
'椒麻 雞胸 肉',食/肉類/雞
'椒鹽 鹽酥雞',食/肉類/雞
'硬硬 的 炸雞雞',食/肉類/雞
'舒肥嫩 雞胸 早午餐',食/肉類/雞
'黑 胡椒 雞柳條',食/肉類/雞
'煙燻 脆 雞',食/肉類/雞
'義式 經典 嫩 雞胸',食/肉類/雞
'摩斯 雞塊',食/肉類/雞
'十 塊 雞',食/肉類/雞
'﻿ 勁 辣 雞腿',食/肉類/雞
麥香雞,食/肉類/雞
'椒麻 十 塊 雞',食/肉類/雞
'嫩 煎 雞腿',食/肉類/雞
'辣 六 塊 雞',食/肉類/雞
'糖醋 炸雞',食/肉類/雞
'韓式 炸雞',食/肉類/雞
'鮮嫩 雞腿 肉',食/肉類/雞
'聯夏宮 保 雞丁',食/肉類/雞
'雞 二 節 翅',食/肉類/雞
雞柳串,食/肉類/雞
'雞塊 20 分享盒',食/肉類/雞
雞腿肉,食/肉類/雞
雞腿串,食/肉類/雞
'雞腿 排鍋 套餐',食/肉類/雞
'爐烤 雞腿排 早午餐',食/肉類/雞
'鐵板 黑 胡椒 嫩 雞胸',食/肉類/雞
'鹽漬 手 切 嫩 雞胸',食/肉類/雞
'O手 切 雞腿 肉鍋',食/肉類/雞
'剝皮 辣椒 明星 雞湯',食/肉類/雞
'蒜 好好 蒜頭 雞湯',食/肉類/雞
'帕瑪森 雞腿堡',食/肉類/雞
'青花椒 卡啦雞腿堡',食/肉類/雞
'青花椒 桂丁 雞翅腿',食/肉類/雞
'原塊 嫩 雞 起司 漢堡',食/肉類/雞
'甜 辣 雞腿堡',食/肉類/雞
'晶華 紐奧良 風味 烤雞堡',食/肉類/雞
'嫩 煎 雞腿堡',食/肉類/雞
'三福 黑糖 嫩 豆花',食/豆類
'大漢 傳統 板豆腐',食/豆類
'中華 火鍋 豆腐',食/豆類
'中華 有機 豆腐',食/豆類
'中華 凍豆腐',食/豆類
'中華 超 嫩 豆腐',食/豆類
'中華 雞蛋 豆腐 非基 改',食/豆類
'北海道 小 粒 納豆',食/豆類
'光泉 無 加 糖 鮮 豆漿',食/豆類
'光泉 鮮 豆漿',食/豆類
'百 頁 豆腐',食/豆類
'麻糬 豆花',食/豆類
'無糖 豆漿',食/豆類
'猴頭菇 素 火腿',食/豆類
'統一 陽光 陽光 黃金豆 豆漿',食/豆類
'統一 陽光 無糖 高纖 豆漿',食/豆類
'傳貴 有機 無糖 豆漿',食/豆類
'微藻素 火腿',食/豆類
'煙燻 素 火腿',食/豆類
'義美 古早 傳統 無糖 豆奶',食/豆類
'義美 厚 豆奶',食/豆類
'義美 厚 豆花',食/豆類
'義美 高纖 全 豆 豆奶',食/豆類
'義美 高纖 堅果 杏仁 全豆奶',食/豆類
'義美 堅果 杏仁 全 豆奶',食/豆類
'義美 無 加 糖 厚濃 豆奶',食/豆類
'義美 傳統 料理 板豆腐 非 基因 改造 黃豆',食/豆類
'義美 鮮嫩 豆腐 非 基 改',食/豆類
'零添加 純 釀 醬油',食/豆類
'滷 非基 改 大黑干',食/豆類
'醬油 高蛋白 豆片 釀造',食/豆類
'高纖 全 豆 豆奶',食/豆類
'【 TRYALL 】 分離 大豆 蛋白',食/豆類
'【 Vilson 米森 】 有機 黑豆',食/豆類
'【 十 甲 有機 】 國產 黑豆',食/豆類
'【 大研 生醫 】 台灣 極品 納豆 膠囊',食/豆類
'【 大溪 廖心蘭 】 老道 系列 豆干',食/豆類
'【 大溪 廖心蘭 】 非 基改 系列 豆干',食/豆類
'【 日本 北海道 】 黑豆茶',食/豆類
'【 台灣 小農 契作 非 基 改 黃豆 】 台灣 黃豆',食/豆類
'【 台灣 好農 】 100\% 台灣 產 產銷 履歷 黑豆奶 - 無糖',食/豆類
'【 台灣 源味 本 舖 x 豆油伯 嚴選 】 台灣 黃豆',食/豆類
'【 弘昌 碾米 工廠 】 台灣 小農 契作 青仁 小 黑豆',食/豆類
'【 本家 生機 】 小麥 豆卷',食/豆類
'【 本家 生機 】 非基 改 千 張 豆皮 豆腐 衣',食/豆類
'【 正康 】 純 豆奶 / 黑豆奶',食/豆類
'【 光泉 】 黑豆漿',食/豆類
'【 光泉 】 鮮 豆漿',食/豆類
'【 自然 甜 堅果 】 無 調味 黑豆',食/豆類
'【 老 中醫 】 豆干 - 中 丁',食/豆類
'【 豆油伯 】 金美好 無 添加 糖 醬油',食/豆類
'【 豆油伯 】 金美滿 無 添加 糖 醬油',食/豆類
'【 豆油伯 】 金美滿 醬油 - 無 添加 糖',食/豆類
'【 豆油伯 】 金桂 釀造 醬油',食/豆類
'【 豆油伯 】 缸 底 醬油 升級',食/豆類
'【 豆油伯 】 茶姬 釀造 醬油',食/豆類
'【 豆油伯 】 辣 豆瓣醬',食/豆類
'【 豆油伯 醬油 】 甘田 醬油',食/豆類
'【 豆油 伯 醬油 】 缸 底 醬油',食/豆類
'【 里仁 】 有機 黑豆 茶包',食/豆類
'【 明月 豆腐 】 明月 豆腐 餅乾',食/豆類
'【 青龍牌 】 田豆酥 - 蠶豆',食/豆類
'【 青龍牌 】 芳香 藥膳 田豆酥',食/豆類
'【 信東 生技 】 納豆 Q10 軟膠囊',食/豆類
'【 馬玉山 】 豆漿粉',食/豆類
'【 康健 生機 】 霸豆子 - 黑豆',食/豆類
'【 盛香珍 】 蒜香 青豆 / 芥末 青豆 / 麻辣 青豆',食/豆類
'【 統一 】 陽光 無 加 糖 豆奶',食/豆類
'【 統一 生機 】 有機 青仁 黑豆',食/豆類
'【 統一 生機 】 有機 無 加 糖 豆漿',食/豆類
'【 統一 生機 】 有機 黃豆 提袋 組',食/豆類
'【 統洋 TOPMOST 】 有機 無糖 發芽 豆漿',食/豆類
'【 統洋 TOPMOST 】 有機 無糖 濃 豆乳',食/豆類
'【 統洋 TOPMOST 】 無糖 有機 發芽 黑豆漿',食/豆類
'【 統洋 TOPMOST 】 無糖 有機 濃 黑豆乳',食/豆類
'【 萬益 食品 】 千 層 豆干',食/豆類
'【 黑豆桑 】 天然 極品 全能 缸 底 醬油',食/豆類
'【 黑豆桑 】 天然 靜 置 釀造 醬料 系列 - 醇釀 極品 香 豆瓣醬',食/豆類
'【 義美 】 全豆 無 添加 醬油',食/豆類
'【 義美 】 低糖 豆奶',食/豆類
'【 義美 】 無 加糖 元氣 豆奶 系列',食/豆類
'【 義美 生機 】 台灣 黑豆茶',食/豆類
'【 福記 】 原味 日式 素 豆干',食/豆類
'【 薌園 】 100\% 無 加 糖 豆漿粉',食/豆類
'【 薌園 】 早安 豆漿 - 香醇 濃郁',食/豆類
'【 薌園 】 營養 豆漿 - 非 基改 黃豆',食/豆類
'【 臻御行 】 千 層 豆干 / 方豆干 / 香辣 方豆干 / 香辣 豆干條 / 小豆干丁',食/豆類
'【 纖Q 】 黑豆水',食/豆類
'光泉 特濃 5.1 豆漿',食/豆類
'光泉 富 維他 牛乳',食/乳品類
'豐力富 全脂 鮮奶',食/乳品類
'【 KLIM 克寧 】 高鈣 成長 牛乳',食/乳品類
'AB 草莓 優酪乳',食/乳品類
'AB 無 加 糖 優酪乳',食/乳品類
'AB 優酪乳',食/乳品類
'Base n U 高蛋白 可可 牛乳',食/乳品類
'Base n U 高蛋白 香蕉 牛乳',食/乳品類
'LCA 活菌 原味 發酵 乳',食/乳品類
'LCA 活菌 清爽 發酵乳',食/乳品類
'Lp33 機能 優酪乳',食/乳品類
'一 番 鮮 全脂 鮮乳',食/乳品類
'可可 牛奶',食/乳品類
'光泉 木瓜 牛乳',食/乳品類
'光泉杯 裝 麥芽 牛乳',食/乳品類
'光泉 高鈣 牛乳',食/乳品類
'光泉 無加糖 優酪乳',食/乳品類
'光泉 優質 蛋白 巧克力 牛奶',食/乳品類
'味全 果汁 牛乳',食/乳品類
'金草莓 - 草莓 牛奶',食/乳品類
'金 蘋果 調味乳 蘋果 風味',食/乳品類
'金 蘋果 蘋果 牛奶 乳 飲品',食/乳品類
'林鳳營 全 脂 鮮乳',食/乳品類
'科克蘭 全 脂 鮮乳',食/乳品類
'桑葚 優格飲 - 減糖版',食/乳品類
'莓果 穀物 優酪',食/乳品類
'雪 比 無加 糖 生 優格',食/乳品類
'晶典 小品 - 黑糖 奶酪',食/乳品類
'焙 烏龍 鮮奶',食/乳品類
'統一 木瓜 牛奶',食/乳品類
'統一 木瓜 牛乳',食/乳品類
'統一 多多 牛奶',食/乳品類
'統一 多多 活菌 發酵乳 牛奶 口味',食/乳品類
'統一 多多 活菌 發酵 乳 草莓 口味',食/乳品類
'瑞穗 全脂 鮮奶',食/乳品類
'瑞穗 低脂 鮮乳',食/乳品類
'瑞穗 鮮奶 低脂',食/乳品類
'瑞穗 鮮乳 - 全脂',食/乳品類
'瑞穗 鮮乳 - 全脂 鮮乳',食/乳品類
'瑞穗 鮮乳 - 低脂 鮮乳',食/乳品類
'瑞穗 鮮乳 低脂',食/乳品類
'瑞穗 蘋果 牛奶',食/乳品類
'福樂 Q果 葡萄 奇異果 優酪',食/乳品類
'福樂 一 番 鮮 鮮乳',食/乳品類
'福樂 超能 蛋白 營養 牛乳 堅果 可可',食/乳品類
'【 MILKLAB 】 嚴選 全脂 保久乳',食/乳品類
'【 鮮乳坊 】 A2 β 酪蛋白 鮮乳',食/乳品類
'【 Shianyuan 仙園 】 純 芋 拿鐵 | 國產 鮮乳 | 保久乳 | 厚生乳 | 不 含 咖啡因',食/乳品類
'【 嘉沛 鮮羊乳 】 巧克力 調味 羊乳',食/乳品類
'【 鮮乳坊 】 幸運兒 鮮乳',食/乳品類
'【 鮮乳坊 】 豐樂 鮮乳',食/乳品類
'【 乳 之 初 】 LP-abs 多益菌 優酪乳',食/乳品類
'【 味全 】 黑穀 芝麻 牛乳',食/乳品類
'【 YOGU 】 百香果 優格飲 / 添加 寡糖組',食/乳品類
'【 嘉沛 鮮羊乳 】 鮮 羊乳',食/乳品類
'【 嘉沛 鮮羊乳 】 麥芽 調味 羊乳',食/乳品類
'【 極品 限定 】 巧克力 牛乳',食/乳品類
'【 嘉沛 鮮羊乳 】 草莓 調味 羊乳',食/乳品類
'【 嘉沛 鮮羊乳 】 初乳 蛋白 調味 羊乳',食/乳品類
'【 仙園 】 增量 ↑ 擂茶 拿鐵 x 桂圓 拿鐵 x 純 芋 拿鐵 | 特調 保久乳 | 國產 鮮乳',食/乳品類
'【 高屏 羊乳 】 6 大 認證 SGS 綜合 羊乳',食/乳品類
'【 美式 賣場 】 紐麥福 全脂 保久乳',食/乳品類
'【 嘉沛 鮮 】 綜合 羊乳',食/乳品類
'【 高屏 羊乳 】 台灣 好 系列 - SGS 玻瓶 牛 鮮乳 牛奶',食/乳品類
'【 高屏 羊乳 】 6 大 認證 SGS 玻瓶 巧克力 調味 羊乳',食/乳品類
'【 鮮乳坊 】 桂芳 鮮乳',食/乳品類
'【 仙園 】 純 芋拿鐵 保久乳 禮盒 | 國產 鮮乳 | 保久乳 | 厚生乳 | 無 咖啡因',食/乳品類
'【 MILO 美祿 】 巧克力 麥芽 牛奶 飲品',食/乳品類
'【 PULEVA 】 西班牙 1958 保久乳',食/乳品類
'【 YOGU 】 火龍果 優格飲 / 添加 寡糖組',食/乳品類
'【 統一 】 瑞穗 全脂 鮮乳',食/乳品類
'【 Berti 】 歐洲 寶貝 優質 保久 牛奶',食/乳品類
'【 乳 之初 】 三 黑 五穀 牛乳',食/乳品類
'【 Nestle 雀巢 】 全脂 牛奶',食/乳品類
'【 丹醇 研選 】 丹醇 優格',食/乳品類
'【 乳 之初 】 葡萄糖胺 調味乳',食/乳品類
'【 美式 賣場 】 福樂 黑芝麻 保久乳',食/乳品類
'【 鮮乳坊 】 許慶良 鮮乳',食/乳品類
'【 羊舍 】 鮮 羊乳',食/乳品類
'【 高屏 羊乳 】 6 大 認證 SGS 玻瓶 果汁 調味 羊乳',食/乳品類
'【 高屏 羊乳 】 台鹿 系列 -SGS 玻瓶 蘋果 調味 牛奶',食/乳品類
'【 乳 之 初 】 活益 乳酸菌',食/乳品類
'【 高屏 羊乳 】 6 大 認證 SGS 玻瓶 麥芽 調味 羊乳',食/乳品類
'【 台東 初鹿 】 牛乳 系列 飲品',食/乳品類
'【 美式 賣場 】 KLIM 克寧 核桃 燕麥 牛乳',食/乳品類
'【 乳 之 初 】 可可 牛乳',食/乳品類
'【 KLIM 克寧 】 草莓 優酪乳',食/乳品類
'【 丹醇 研選 】 丹醇 鮮乳',食/乳品類
'【 YOGU 】 芒果 優格飲 / 添加 寡糖組',食/乳品類
'【 福樂 】 巧克力 口味 保久乳',食/乳品類
'【 乳 之 初 】 膠原 蛋白 調味乳',食/乳品類
'蠟筆 小 新 風味 牛乳',食/乳品類
'【 乳 之 初 】 初乳 蛋白 調味乳',食/乳品類
'【 初鹿 牧場 】 初鹿 鮮乳',食/乳品類
'【 高屏 羊乳 】 6 大 認證 SGS 玻瓶 草莓 調味 羊乳',食/乳品類
'【 韓味 不二 】 Binggrae 風味 牛奶',食/乳品類
'【 阿華田 Ovaltine 】 營養 麥芽 牛奶 飲品',食/乳品類
'【 韓味 不二 】 Binggrae 韓國 人氣 國民 牛奶',食/乳品類
'【 奧爾登堡 Oldenburger 】 奧爾登堡 全脂 牛乳',食/乳品類
'【 高屏 羊乳 】 台鹿 系列 -SGS 玻瓶 鮮乳 牛奶',食/乳品類
'【 丹醇 研選 】 丹醇 優格',食/乳品類
'【 高屏 羊乳 】 6 大 認證 SGS 玻瓶 100\% 鮮羊乳',食/乳品類
'田園 純 牛奶',食/乳品類
'【 福樂 】 黑芝麻 保久乳 / 牛乳 / 牛奶',食/乳品類
'【 Shianyuan 仙園 】 純 芋 拿鐵 保久乳 禮盒 | 國產 鮮乳 | 保久乳 | 厚生乳 | 無 咖啡因',食/乳品類
'【 沃樂氏 X迷克控 】 100\% 生乳 保久乳',食/乳品類
'【 新 生活 】 100\% 羊乳 / 鮮乳',食/乳品類
'【 新 生活 】 100\% 鮮羊乳',食/乳品類
'【 谷溜 谷溜 】 0-1 酵母 硒 保久乳',食/乳品類
'【 福樂 】 堅果 口味 保久乳',食/乳品類
'【 新 生活 】 100\% 鮮乳',食/乳品類
'【 國農 】 國農 牛乳 - 你 最 牛',食/乳品類
'【 極品 限定 】 高鈣 牛乳',食/乳品類
'【 高屏 羊乳 】 台鹿 系列 -SGS 玻瓶 巧克力 調味 牛奶',食/乳品類
'【 KLIM 克寧 】 芭那那 高纖 牛乳',食/乳品類
'【 美式 賣場 】 KLIM 克寧 核桃 燕麥 牛乳',食/乳品類
'【 高屏 羊乳 】 6 大 認證 SGS 玻瓶 營養 強化 羊乳',食/乳品類
'【 谷溜 谷 溜 】 0-1 酵母 硒 牛乳',食/乳品類
'【 高屏 羊乳 】 台鹿 系列 -SGS 玻瓶 綜合 牛奶',食/乳品類
'【 光泉 】 優質 蛋白 牛乳 - 原味',食/乳品類
'【 光泉 】 養生 三 寶 牛奶',食/乳品類
'【 KLIM 克寧 】 高鈣 成長 牛乳 & 草莓 優酪乳',食/乳品類
'【 光泉 】 富維他 牛乳',食/乳品類
'【 紐牧然 】 紐牧然 100\% 紐西蘭 鮮奶',食/乳品類
'【 美式 賣場 】 雀巢 美祿 高鈣 可可 麥芽 牛奶',食/乳品類
'【 福樂 】 蘋果 口味 保久乳',食/乳品類
'【 KLIM 克寧 】 現 打 系列 保久乳',食/乳品類
'【 台灣 農林 x 迷克控 】 日月 紅茶 / 奶茶',食/乳品類
'【 美式 賣場 】 紐麥福 全脂 保久乳',食/乳品類
'【 福樂 】 香蕉 口味 保久乳',食/乳品類
'【 福樂 】 保久乳',食/乳品類
'【 國農 】 保久乳 系列',食/乳品類
'【 MILO 美祿 】 巧克力 飲品 減 糖 配方',食/乳品類
'【 Anchor 安佳 】 紐西蘭 純 牛奶',食/乳品類
'【 台農 乳品 】 農會牌 保久乳 系列 - 全脂 / 巧克力 / 麥芽 / 草莓 / 蘋果 / 果汁',食/乳品類
'【 福樂 】 機能 保久乳 口味',食/乳品類
'即期品 【 KLIM 克寧 】 高 鈣 成長 牛乳',食/乳品類
'【 旺旺 】 旺仔 牛奶',食/乳品類
'【 福樂 】 保久乳 口味 任選',食/乳品類
'【 紐麥福 】 保久乳',食/乳品類
'【 福樂 】 雙麥 牛乳',食/乳品類
'【 艾許 Echire 】 全脂 牛乳',食/乳品類
'【 美式 賣場 】 蜜蜂 工坊 蜂蜜 牛奶',食/乳品類
'【 Cowhead 田園 】 田園 全 脂 純 牛乳',食/乳品類
'【 統一 】 Power Mate 可可 麥芽 牛奶',食/乳品類
'【 MILKLAB 】 嚴選 無乳糖 牛乳',食/乳品類
'【 嘉沛 鮮羊乳 】 綜合 羊乳',食/乳品類
'【 KLIM 克寧 】 綜合 莓果漾 · 牛乳',食/乳品類
'【 美式 賣場 】 蜜蜂 工坊 蜂蜜 牛奶',食/乳品類
'【 美式 賣場 】 紐麥福 全脂 保久乳',食/乳品類
'【 萬丹 】 保久乳',食/乳品類
'【 Nestle 雀巢 】 全脂 牛奶',食/乳品類
'【 鮮乳坊 】 100\% 生乳 保久乳',食/乳品類
'【 法國 Pom Potes 】 法優樂 優格 原味 / 草莓 / 藍莓',食/乳品類
'【 福樂 】 機能 保久乳 - 鈣 多多 高 鈣',食/乳品類
'【 光泉 】 養生 三 寶 - 無 加 糖 高鈣 牛奶 / 黑芝麻 牛奶 / 珍榖 堅果 牛奶',食/乳品類
'【 極品 限定 】 蘋果 牛乳',食/乳品類
'味全 原味 牛乳',食/乳品類
'【 統一 】 BODYTALK 高纖 低脂 牛乳 TPA',食/乳品類
'【 統一 】 Dr.Milker 極 鮮 乳 脂肪 無 調整',食/乳品類
'【 光泉 】 調味奶 保久乳',食/乳品類
'【 統一 】 統一 牛乳 原味 保久乳',食/乳品類
'【 光泉 】 全脂 保久乳',食/乳品類
'【 台農 乳品 】 保久乳 系列',食/乳品類
'【 義美 】 原味 保久乳',食/乳品類
'【 福樂 】 100\% 生乳 保久乳',食/乳品類
'【 福樂 】 一 番 鮮 保久乳',食/乳品類
'【 戀 】 職人 原味 保久乳 / 牛乳',食/乳品類
'【 福樂 】 高鈣 低脂 口味 保久乳',食/乳品類
'【 義美 】 牛乳 / 牛奶 / 保久乳',食/乳品類
'【 台東 初鹿 】 原味 保久乳',食/乳品類
'【 台東 初鹿 】 濃厚 伯爵 紅茶 牛乳 / 醇厚 可可 牛乳',食/乳品類
'【 義美 】 保久乳',食/乳品類
'【 沃樂氏 x 迷克控 】 100\% 生乳 保久乳',食/乳品類
'【 初鹿 牧場 】 原味 保久乳',食/乳品類
'【 初鹿 牧場 】 米牛乳',食/乳品類
'木瓜 牛奶 霜淇淋',食/乳品類
'牛奶 口味 霜淇淋',食/乳品類
'全家 Fami 霜淇淋',食/乳品類
'芋頭 牛奶 霜淇淋',食/乳品類
'芭樂 霜淇淋',食/乳品類
'杯裝 經典 117 咖啡 霜淇淋',食/乳品類
'哈尼 午茉綠 霜淇淋',食/乳品類
'泰 濃郁 ! 奶茶 風味 霜淇淋',食/乳品類
'統一 布丁 霜淇淋',食/乳品類
'經典 117 咖啡 霜淇淋',食/乳品類
'嫩 仙草 凍奶',食/其它
'小 肉豆',食/其它
'元進莊 薑母鴨',食/其它
'PH 9.0 鹼性 離子 水',食/其它
'台鹽 海洋 鹼性 離子 水',食/其它
'早 美 紅茶',食/其它
'厚 燒 玉子',食/其它
'博客 Q肉丁 德國 香腸 香蒜',食/其它
'滿漢 小 香腸',食/其它
'【 OOHA 】 氣泡飲 水蜜桃 烏龍茶 易開罐',食/其它
'【 OOHA 】 氣泡飲 柚子 海鹽 易開罐',食/其它
'【 OOHA 】 氣泡飲 檸檬 蜂蜜 口味 易開罐',食/其它
'【 PH 9.0 】 鹼性 離子 水',食/其它
'左岸 咖啡館 - 無 加 糖 拿鐵 咖啡',食/其它
'左岸 咖啡館 奶茶',食/其它
'冰 蜂蜜 奶茶',食/其它
'原萃 鐵觀音',食/其它
'泰山 純水',食/其它
'純喫茶 紅茶',食/其它
'21 Plus 椒香 胡麻 雞肉麵 沙拉',食/其它
'21 Plus 義式 烤雞 堅果 沙拉',食/其它
'AW 口香糖 極 酷',食/其它
'Energy Time 機能 凍飲 元氣 PLUS',食/其它
'Energy Time 機能 凍飲 電解質 PLUS',食/其它
'FIJI 斐濟 天然 礦泉水',食/其它
'FIN 補給 飲料',食/其它
'FMC 天然水',食/其它
'FMC 日月潭 紅玉 紅茶',食/其它
'FMC 古早味 紅茶',食/其它
'FMC 四 季 春 青茶',食/其它
'FMC 旨味 日式 綠',食/其它
'FMC 芒果 冰茶',食/其它
'FMC 玫瑰 蜂蜜 水',食/其它
'FMC 金萱 二十七',食/其它
'FMC 葡萄柚 綠茶',食/其它
'FMC 蜂蜜 水',食/其它
'FMC 翡翠 檸檬茶',食/其它
'FMC 樂多 綠茶',食/其它
'FMC 橙柚 百香 綠茶',食/其它
'FMC 濃醇 馥列白',食/其它
'FMC 薰衣草 蜂蜜 水',食/其它
'FMC 檸檬 氣泡水',食/其它
'FMC 鹼性 離子 水',食/其它
'Homeal x 石二鍋 爆香 石頭鍋',食/其它
'KIRIN 午後 紅茶 - 奶茶',食/其它
'KIRIN 冰 結 調酒 - 華麗 白葡萄',食/其它
'咖啡 拿鐵',食/其它
'M&Ms 牛奶糖衣 巧克力',食/其它
'芒果 綠茶',食/其它
'北海道 牛奶 巧 酥 雪糕',食/其它
'OG 柳橙 綠茶',食/其它
'OREO 冰 炫風',食/其它
'百 香 綠茶',食/其它
'SCR 小農 雪點 鮮 奶茶',食/其它
'SL 莊園 拿鐵',食/其它
'YOI 鹼性 水',食/其它
'一 本 有機 石榴 紅 康普茶',食/其它
'一 番 抹茶 鮮 奶茶',食/其它
'三 起司 熱狗',食/其它
'三得利 白色 沙瓦',食/其它
'三得利 微 醉 雞尾酒 - 梅酒 蘇打',食/其它
'阿華田 拿鐵',食/其它
'珍珠 紅茶 拿鐵',食/其它
'特濃 經典 拿鐵',食/其它
'大吸館 寒天 冬瓜 檸檬 Q Q',食/其它
'大臣賞 冠軍 茶匠 焙茶 鮮奶茶',食/其它
'焙茶 拿鐵',食/其它
'小農 雪點 鮮 奶茶',食/其它
'中祥 地瓜酥 原味',食/其它
'零卡 可樂',食/其它
'元氣 有理 綜合 B 群',食/其它
'午后 時光 重 乳 可可 奶茶',食/其它
'午后 時光 重 乳奶茶',食/其它
'午后 時光 重 乳 茉莉 綠 奶茶',食/其它
'太妃 奶茶',食/其它
'太和殿 大骨 煲湯',食/其它
'手採 阿里山 金萱',食/其它
'手 採 紅茶',食/其它
'日本 DYDO 世界 一 無糖 黑 咖啡',食/其它
'日本 大 雷神 巧克力 餅乾',食/其它
'日本 幸之香 草莓 迷你 泡芙',食/其它
'日式 巧克力 泡芙',食/其它
'比菲多 減 糖 纖維',食/其它
'水語 乳酸菌 飲料',食/其它
'水蠻牛 維他命 B 補給 飲料',食/其它
'火腿 洋芋 沙拉',食/其它
'牛奶 雪糕',食/其它
'卡士達 麻糬 泡芙',食/其它
'卡迪那 95 ° C 北海道 風味 薯條',食/其它
'卡迪那 德州 薯條 茄汁 口味',食/其它
'古早味 濃 紅茶',食/其它
'古道 梅子 綠茶瓶',食/其它
'可口 奶滋 隨手 分享 包',食/其它
'可口 雪碧',食/其它
'可可布朗冰 炫風',食/其它
'可可 紅茶',食/其它
'可可 脆片 莎莎',食/其它
可可瑪奇朵,食/其它
可可歐雷,食/其它
'可 爾必思',食/其它
可樂,食/其它
'台啤 微醺 芭樂 蓮霧',食/其它
'台鹽 海洋 鹼性 水',食/其它
'四 季 春青 茶',食/其它
'四 神 湯',食/其它
'奶蓋 烏龍茶',食/其它
'左岸 咖啡館 拿鐵 咖啡',食/其它
'左岸 咖啡館 無 加 糖 拿鐵',食/其它
'左岸 無 加 糖 拿鐵',食/其它
'巧克力 Q Q 球',食/其它
'巧克力 可可',食/其它
'巧克力 可可 碎片 奶',食/其它
'巧克力 威化餅',食/其它
'巧克力 軟 餅乾',食/其它
'巧克力 麻糬 泡芙',食/其它
'巧 酥 白 巧克力 雪糕',食/其它
'札幌 味噌鍋',食/其它
'玉米 濃湯',食/其它
'甘蔗 菁茶',食/其它
'甘蔗 綠茶',食/其它
'生 巧克力派 — 雙層 巧克力 口味',食/其它
'生活 芒果泥 紅茶',食/其它
'生活 良好 壽喜 燒醬',食/其它
'生活 泡沫 綠茶',食/其它
'白玉 歐蕾',食/其它
'白葡萄 QQ 糖 巧克力 球',食/其它
'北海 鱈魚 香絲 - 細',食/其它
'立頓 奶茶',食/其它
'立頓 巧克力 奶',食/其它
'立頓 英式 奶茶',食/其它
'立頓 原味 奶茶',食/其它
'立頓 琥珀 紅茶',食/其它
'仲夏 芒果 冰沙',食/其它
'伊藤園 綠茶',食/其它
'光泉 冰釀 紅茶',食/其它
'光泉 茉香 柚茶',食/其它
'光泉 茉莉 茶園 - 蜜茶',食/其它
'光泉 茉莉 蜜茶',食/其它
'光泉 蘋果 紅茶',食/其它
'冰火 葡萄 伏特加',食/其它
'冰 奶香 蜂蜜 甜梨 風味 紅茶',食/其它
'巧克力 可可 歐蕾',食/其它
'珍珠 椰果 四 季 春',食/其它
'黑糖 珍珠 撞 奶',食/其它
'蜂蜜 紅茶',食/其它
'福吉 茶 那堤',食/其它
'冰 蜜柚 紅茶',食/其它
'醇濃 抹茶 那堤',食/其它
'檸檬 紅茶',食/其它
'冰鎮 芭樂 綠茶',食/其它
'冰鎮 葡萄 鮮 冰茶',食/其它
'冰鎮 檸檬 紅茶',食/其它
'吃 果籽 - 檸檬 愛玉 吸凍飲',食/其它
'多 喝水 鹼性 竹炭 水',食/其它
'百事 可樂',食/其它
'百香果 綠茶',食/其它
'百 香 翡翠 冰茶',食/其它
'肉球 葡萄 波堤',食/其它
'自然 主意 米厘 胡椒 蔥 蘇打餅',食/其它
'自然 主意 奇亞籽 鑽石鹽 藍藻 蔥餅',食/其它
'芝士 奶蓋 春 烏龍',食/其它
'芝士 奶蓋 焙 烏龍',食/其它
'老實人 紅茶',食/其它
'老 叢 鐵觀音',食/其它
'伯朗 絲絨 奶茶',食/其它
'伯爵 可可奶 蓋 雪糕',食/其它
'伯爵 核桃 軟 餅 乾片',食/其它
'完熟 蔬菜 番茄',食/其它
'杜 老爺 脆 皮 巧克',食/其它
'每 朝 健康 - 雙纖 綠茶',食/其它
'每 朝 健康 綠茶',食/其它
'芬達 橘子 易開罐',食/其它
'芭樂 檸檬 綠茶',食/其它
'貝納頌特濃 拿鐵',食/其它
'阿里山 金萱',食/其它
'阿里山 蜜柚 烏龍',食/其它
'阿奇儂 X 鮮乳坊 白 巧克力 戀乳 雪糕',食/其它
'阿奇儂 雪糕',食/其它
'冷 泡茶 冰 釀 烏龍',食/其它
'乳酪 熱狗 捲',食/其它
'京都 抹茶',食/其它
'味丹 冬瓜 茶',食/其它
'味丹 多 喝水',食/其它
'味丹 青草茶',食/其它
'岩紅厚 奶茶',食/其它
'岩燒 海苔 洋芋片',食/其它
'招牌 紅 奶茶',食/其它
'旺家 補給 水飲',食/其它
'昂舒 巴黎 伯爵 奶蓋 泡芙',食/其它
'果漾 蘋果 風味 蘇打 飲料',食/其它
'油切 蕎麥茶',食/其它
'波力 小隊 棉花糖',食/其它
'波士頓 提拉米蘇',食/其它
'波的多 洋芋片 蚵仔 煎 辣味 口味',食/其它
'波蜜 極品 紅茶',食/其它
'玫瑰蜜 香茶 那堤',食/其它
'耶誕 可可波堤',食/其它
'耶誕 抹茶 波堤',食/其它
'耶誕 蘋果 波堤',食/其它
'英式 奶茶',食/其它
'英式 奶綠',食/其它
'英式 紅茶',食/其它
'茉莉卡布奇諾 - 全糖',食/其它
'茉莉 茶園 - 蜜茶',食/其它
'茉莉 茶園 金橙 紅柚 茉莉 茶',食/其它
'茉莉 茶園 蜜茶',食/其它
'茉莉 茶園 蜜蘋 香橙 伯爵 茶',食/其它
'青菜 豆腐 蛋花湯',食/其它
'青檸 烏龍',食/其它
金莎,食/其它
'金牌 台灣 啤酒',食/其它
'金黃 芝士 熱狗',食/其它
'金蜜 紅茶',食/其它
'易口 舒勁爽 薄荷錠',食/其它
'保力達 檸檬 —C片',食/其它
'勇伯 地瓜酥 - 原味',食/其它
'南投 翠峰 冷泡茶',食/其它
'品客 大阪 章魚燒',食/其它
'品 客 手羽 先 風味',食/其它
'哈瑞寶 鈕扣 Q 軟糖',食/其它
'思樂 冰',食/其它
'政泰 無 籽 冰心 話梅',食/其它
'星巴克 咖啡',食/其它
'活益 比 菲多 - 綠茶 多酚',食/其它
'活益 比 菲多 減 糖 配方',食/其它
'珍珠 奶茶',食/其它
'珍珠 芝麻 歐蕾',食/其它
'皇家 拿鐵',食/其它
'﻿ 紅牛 能量 飲料',食/其它
'紅玉 紅茶',食/其它
'紅玉 茶香 那 堤',食/其它
'紅茶 花 伝 皇家 紅',食/其它
'紅茶 拿鐵',食/其它
'美式 冰 咖啡',食/其它
'美式 黑 咖啡',食/其它
'草莓 巧克力 波堤',食/其它
'草莓 厚 奶茶',食/其它
'荔枝 冰茶 凍飲',食/其它
'香草 卡士達 泡芙',食/其它
'香草 酷 奶昔',食/其它
'香濃 牛奶鍋',食/其它
'香濃 叻沙鍋',食/其它
'香濃 蒜味鍋',食/其它
'柳丁 綠茶',食/其它
'柳橙 檸檬 綠茶',食/其它
'茶裏王 日式 無糖 綠茶',食/其它
'茶裏王 日式 綠茶',食/其它
'茶裏王 台式 綠茶',食/其它
'茶 裏 王 伯爵 紅茶',食/其它
'茶 裏王 英式 紅茶',食/其它
'健酪 乳酸 原味',食/其它
'健酪 乳酸 飲料',食/其它
'原味 本 舖 麥仔茶',食/其它
'原味 肉肉鍋',食/其它
'原萃 日式 綠茶',食/其它
'原萃 冷萃 日式 深 蒸 綠茶',食/其它
'原 萃 冷 萃 春笠 青茶',食/其它
'原萃 烏龍茶',食/其它
'原萃 綠茶 - 玉露',食/其它
'原萃 錫蘭 無糖 紅茶',食/其它
'夏日 冰柚 冷 萃',食/其它
'家常 起司 隨口 脆',食/其它
'悅氏 麥仔茶',食/其它
'悅氏 礦泉水',食/其它
'拿鐵 咖啡',食/其它
'拿鐵 鮮奶 咖啡',食/其它
'泰山 仙草蜜',食/其它
'泰山 冰鎮 水果',食/其它
'泰山 冰鎮 葡萄 鮮 冰 茶',食/其它
'泰山 冰鎮 檸檬 紅',食/其它
'泰勒 伯爵 鮮 奶茶',食/其它
'特選 馥郁 那堤',食/其它
'粉角 冬瓜 茶',食/其它
'粉角 紅茶',食/其它
'粉粿 桂花 檸檬',食/其它
'粉粿 黑糖 奶茶',食/其它
'純喫茶 芭樂 綠茶',食/其它
'純喫茶 綠茶',食/其它
'純喫茶 鮮 柚 綠茶',食/其它
'純喫茶 檸檬 綠茶',食/其它
'脆脆 巧克力 波堤',食/其它
'起司 Q彈球',食/其它
'起司 牛奶鍋',食/其它
'高山 烏龍茶',食/其它
高粱酒,食/其它
'烈日 火山 紅茶',食/其它
'張君雅 五香 海苔',食/其它
'張君雅 日式 串燒',食/其它
'盛 香珍 花生 煎餅',食/其它
'盛 香珍 海鹽 焦糖 千層酥',食/其它
'蛋捲 冰淇淋',食/其它
'雀巢 茶品 檸檬茶',食/其它
'麥香 錫蘭 奶茶',食/其它
'御茶園 冰釀 麥萃 麥茶',食/其它
'御茶園 冰釀 綠茶',食/其它
'御茶園 特 上 紅茶',食/其它
'御茶園 特 撰 日式 綠茶',食/其它
'御茶園 特 撰 冰釀 綠茶',食/其它
'御茶園 麥萃 麥茶',食/其它
'御茶園 極 生 茶',食/其它
'斯里蘭卡 錫蘭 紅茶',食/其它
'晶英 藥膳 排骨湯',食/其它
'最 完美 手沖 泰奶',食/其它
'森永 果汁 果實 冰',食/其它
'森永 嗨啾 軟糖',食/其它
'椒麻 香辣 熱狗',食/其它
'椪糖 奶霜 紅茶',食/其它
'極品 限定 巧克力',食/其它
'極 酷 嗆 涼 冰 炫 薄荷包',食/其它
'極 酷 嗆 涼 重量包',食/其它
'焙 烏龍 奶茶',食/其它
'無 籽 冰梅 肉',食/其它
'焦香 椪糖 四 季 春',食/其它
'統一 PH 9‧0 鹼性 離子 水',食/其它
'統一 PH9 鹼性 離子 水',食/其它
'統一 UNI water 純水',食/其它
'統一 生機 新纖 蕎麥餅',食/其它
'統一 香腸 蒜味',食/其它
'統一 麥香 奶茶',食/其它
'舒跑 Energy 能量 飲料',食/其它
'舒跑 運動 飲料',食/其它
'舒跑 鹼性 離子 水',食/其它
'飲冰室 茶 集 烏龍 奶茶',食/其它
'飲冰室 茶集 綠奶茶',食/其它
'黃金 蕎麥 奶茶',食/其它
'黑丸 古早味 紅茶凍',食/其它
'黑 面 蔡 古早 紅茶',食/其它
'黑森林 波士頓派',食/其它
'奧利奧奇寶 巧克力 雙',食/其它
'奧利奧 原味 夾心 餅乾',食/其它
'微 醉 白色 沙瓦 雞尾酒',食/其它
'微 醉 乳酸 雞尾酒',食/其它
'微 醉 梅酒 蘇打',食/其它
'微 醉 雞尾酒 白色 沙瓦',食/其它
'微 醉 雞尾酒 乳酸',食/其它
'愛 之 味 寒天 檸檬',食/其它
'新貴派 - 花生',食/其它
'煙燻 鮭魚 光合 沙拉',食/其它
'經典 五桐茶',食/其它
'經典 台灣 啤酒',食/其它
'經典 原味 熱狗',食/其它
'經典 原味鍋',食/其它
'經典 黑 炫 牛奶 酷 繽沙',食/其它
'經典 瑪格莉特',食/其它
'義美 仙草 甘茶',食/其它
'義美 無糖 台灣 四 季 春',食/其它
'義美 葡萄 QQ 糖 巧克球',食/其它
'義美 酸梅湯',食/其它
'義美 錫蘭 紅茶',食/其它
'蒜香 胡椒鍋',食/其它
'蒜香 綜合 滷味',食/其它
'蜂蜜 茶',食/其它
'蜂蜜 烏龍茶',食/其它
'蜂蜜 檸檬',食/其它
'誠意 奶茶',食/其它
'農搾 芭樂 綜合 飲',食/其它
'農搾 柳丁 綜合 果茶',食/其它
'農搾 檸檬 飲',食/其它
'樺達 奶茶',食/其它
'樺達 硬喉糖',食/其它
'蜜柚 紅茶',食/其它
'蜜蜂 故事館 蜂蜜 檸檬水',食/其它
'蜜糖 巧克力 波堤',食/其它
'酸奶 洋蔥 爆米花',食/其它
酸辣湯,食/其它
'養樂多 300 發酵',食/其它
'養樂多 青茶',食/其它
鳳梨酥,食/其它
'鳳梨 煎茶',食/其它
'綠豆沙 牛奶',食/其它
'綠茶 凍 五桐 奶茶',食/其它
'綠茶 擂茶',食/其它
'精選 英式 紅拿',食/其它
'澳洲 蔗糖',食/其它
'澳洲 糖蜜',食/其它
'熟成 紅茶 歐蕾',食/其它
'熟 稱 歐蕾',食/其它
'熱狗蛋 沙拉',食/其它
'熱厚 濃 靜岡 抹茶 拿鐵',食/其它
'熱 黑糖 珍珠 撞 奶',食/其它
'黎花院 蘇打餅 泡菜 風味',食/其它
'樂事 九州 岩燒 海苔 洋芋片',食/其它
'樂事 自然 美味 海鹽 口味 洋芋片',食/其它
'樂事 自然 美味 薄切 地瓜 原味',食/其它
'樂事 美國 經典 原味 洋芋片',食/其它
'橋村 辣醬 熱狗',食/其它
'濃萃 美式 冰 咖啡',食/其它
'濃萃 拿鐵 冰 咖啡',食/其它
'濃韻 烏龍茶',食/其它
'燒 仙草',食/其它
'錫蘭 紅茶',食/其它
鴛鴦鍋,食/其它
'韓樂 燒酒',食/其它
'鮮乳 脆皮 泡芙',食/其它
'龍角 散喉糖',食/其它
'檸檬 春 烏龍',食/其它
'檸檬 風味 紅茶',食/其它
'雙倍 OR 冰 炫風',食/其它
'懷舊 冰沙',食/其它
蘋果派,食/其它
'蘆筍 蝦 手卷',食/其它
'麗 芝士 威化餅',食/其它
'寶礦力 水 得',食/其它
'糯香 奶茶',食/其它
'魔爪 能量 碳酸 飲料',食/其它
'魔爪 碳酸 能量飲',食/其它
'鐵觀音 烏龍茶',食/其它
'鶴記 茶 凍 奶茶',食/其它
'鹽焦糖 巧克力 波堤',食/其它
'燕麥奶 拿鐵',食/其它
'涼拌 皮蛋 豆腐',食/其它
'【 77 】 新貴派 大格酥',食/其它
'【 cama cafe 】 私藏 選 豆 系列 - 咖啡豆',食/其它
'【 cama cafe 】 尋豆師 精選 咖啡豆',食/其它
'【 HWC 黑沃 咖啡 】 甄選 系列 - 咖啡豆',食/其它
'【 illy 】 義大利 經典 咖啡豆 / 咖啡粉',食/其它
'【 Julius Meinl 小紅帽 咖啡 】 品味級 咖啡豆',食/其它
'【 Julius Meinl 小紅帽 咖啡 】 尊爵級 咖啡豆',食/其它
'【 LAVAZZA 】 ROSSA 紅牌 咖啡豆',食/其它
'【 Simple Kaffa 興波 咖啡 】 巫里水 洗 咖啡豆 淺 焙',食/其它
'【 Simple Kaffa 興波 咖啡 】 希達馬 日曬 咖啡豆 淺 焙',食/其它
'【 STARBUCKS 星巴克 】 精選 咖啡豆',食/其它
'【 江鳥 咖啡 】 世界 風情 咖啡豆 綜合 風味',食/其它
'【 西雅圖 】 貝瑞斯塔 咖啡豆',食/其它
'【 西雅圖 】 黃金 綜合 / 早晨 綜合 咖啡豆',食/其它
'【 伯朗 咖啡 】 伯朗 精選 咖啡豆',食/其它
'【 伯朗 咖啡 】 咖啡 嚐 家 咖啡豆 橙 光 香映 / 榛曦 巧郁 / 盛綻 果宴',食/其它
'【 步昂 咖啡 】 CQI 杯測師 嚴選 咖啡豆 | 烘豆師 嚴選 經典 咖啡豆',食/其它
'【 步昂 咖啡 】 接 單 現 烘 精品 咖啡豆',食/其它
'【 豆穌朋 】 招牌 綜合 泡芙',食/其它
'【 豆穌朋 】 經典 泡芙 口味 任選',食/其它
'【 紅豆 食府 】 新年 糖果 六 角 小 禮盒 系列',食/其它
'【 美式 賣場 】 STARBUCKS 星巴克 黃金 烘焙 綜合 咖啡豆 / 早餐 綜合 咖啡豆',食/其它
'【 義大利 金杯 咖啡 】 女王 咖啡豆 深 焙',食/其它
'【 MILO 美祿 - 】 巧克力 飲品 減 糖 配方',食/其它
'【 光泉 】 午后 時光 - 阿薩姆 奶茶',食/其它
'【 MILO 美祿 】 巧克力 麥芽 飲品 減 糖 配方',食/其它
'【 愛 之 味 】 牛奶 花生',食/油脂類
'大豆 沙拉油',食/油脂類
'四 乘 六 葵花 瓜子',食/油脂類
'奶油 奶酥 菠蘿油',食/油脂類
芝麻油,食/油脂類
芝麻粉,食/油脂類
芝麻醬,食/油脂類
'烘焙 南瓜子',食/油脂類
'麻辣 小 魚 花生',食/油脂類
'萬歲牌 和風 堅果',食/油脂類
'萬歲牌 總匯 點心包',食/油脂類
葵花油,食/油脂類
黑麻油,食/油脂類
瑪琪琳,食/油脂類
'精緻 牛油',食/油脂類
橄欖油,食/油脂類
葡萄籽油,食/油脂類
酪梨油,食/油脂類
椰子油,食/油脂類
開心果,食/油脂類
榛果,食/油脂類
亞麻仁油,食/油脂類
南瓜子,食/油脂類
'葵花籽 油',食/油脂類
大豆油,食/油脂類
'山茶 花 油',食/油脂類
'無鹽 綜合 堅果',食/油脂類
'義大利 冷壓 初 榨 橄欖油',食/油脂類
'無鹽 奶油',食/油脂類
亞麻籽油,食/油脂類
'清香 葵花籽油',食/油脂類
核桃油,食/油脂類
'純正 花生油',食/油脂類
白脫油,食/油脂類
鴨油,食/油脂類
鵝油,食/油脂類
黃油,食/油脂類
'植物 奶油',食/油脂類
雞油,食/油脂類
'植物 起酥油',食/油脂類
'烘焙用 酥油',食/油脂類
'純 花生醬',食/油脂類
'無鹽 發酵 奶油',食/油脂類
堅果油,食/油脂類
'金黃 牛油',食/油脂類
棕櫚油,食/油脂類
芥花油,食/油脂類
'植物 調和 油',食/油脂類
紫蘇籽油,食/油脂類
杏仁油,食/油脂類
'牛油 果油',食/油脂類
生酮酥油,食/油脂類
'原味 杏仁',食/油脂類
'無糖 無鹽 堅果包',食/油脂類
'綜合 莓果 堅果 混合包',食/油脂類
夏威夷豆,食/油脂類
'巴西 堅果',食/油脂類
'小白 杏仁',食/油脂類
'綠茶味 花生',食/油脂類
'蜜糖 開心果',食/油脂類
'薑味 腰果',食/油脂類
'可可 杏仁',食/油脂類
'養生 核桃',食/油脂類
'薄鹽 南瓜子',食/油脂類
'甜 辣 口味 花生',食/油脂類
'蜜汁 堅果',食/油脂類
'黑糖 腰果',食/油脂類
'烘焙 瓜子',食/油脂類
'糖 炒 栗子',食/油脂類
'原味 松子',食/油脂類
'維他命 堅果',食/油脂類
'香 酥脆 小 魚 花生',食/油脂類
'和風 芝麻 堅果 混合包',食/油脂類
'印度 風味 腰果',食/油脂類
'生酮 綜合 堅果',食/油脂類
'鳳梨 堅果 乾',食/油脂類
'養生 五穀 堅果 飲',食/油脂類
'日式 味噌 堅果包',食/油脂類
'蜂蜜 焦糖 花生',食/油脂類
'蔓越莓 堅果 混合包',食/油脂類
'烘焙 混合 堅果',食/油脂類
花生酥,食/油脂類
'【 Macadamia 】 澳洲 帶 殼 夏威夷 火山豆',食/油脂類
'【 豆 之 家 】 翠果子 - 天天 Bite 綜合 堅果',食/油脂類
'【 豆 之 家 】 翠果子 | 天天 Bite 綜合 堅果 | 無 調味 | 膳食 纖維 | 植物 蛋白質',食/油脂類
'【 美式 賣場 】 天六 / 傳六 二 色 綜合 裝 豆果子 什錦豆',食/油脂類
'【 盛香珍 】 無 調味 夏威夷豆',食/油脂類
'【 進口 】 特選 帶 殼 夏威夷豆',食/油脂類
'【 臻御行 】 夏威夷豆',食/油脂類
'【 臻御行 】 量販 大 包裝 臻饌 堅果 六 口味',食/油脂類
'台農 初農 鮮蛋',食/蛋類
'葡式 蛋塔',食/蛋類
'三福 鮮奶油 布蕾',食/蛋類
'星— 蒸蛋湯',食/蛋類
'焦糖 烤 布蕾',食/蛋類
'福德 生活 可可布蕾',食/蛋類
'福德 生活 雞蛋 布蕾',食/蛋類
'日式 溫泉蛋',食/蛋類
'石安 牧場 溫泉 蛋',食/蛋類
'所長 經典 茶葉蛋',食/蛋類
'紅 殼 雞蛋',食/蛋類
'扇貝 茶碗 蒸',食/蛋類
'富翁 一級 棒 紅 殼 鮮 雞蛋',食/蛋類
'韓式 蝦醬 烘 蛋',食/蛋類
'雞蛋 布丁',食/蛋類
荷包蛋,食/蛋類
'牧場 鮮 雞蛋',食/蛋類
'鹹 香 烤 蛋捲',食/蛋類
'蜂蜜 牛奶 蒸 蛋',食/蛋類
'黑 胡椒 溫泉蛋',食/蛋類
'牛奶 焦糖 烤 布蕾',食/蛋類
'家常 嫩 滑 蒸 蛋',食/蛋類
'鮮味 扇貝 蒸 蛋 盅',食/蛋類
'鮮 蛋白 蒸 布蕾',食/蛋類
'奶香 雞蛋 布丁',食/蛋類
'鹹 香 滷蛋',食/蛋類
'濃郁 起司 烘 蛋',食/蛋類
'五香 茶葉蛋',食/蛋類
'松花 皮蛋',食/蛋類
'傳統 紅 殼 雞蛋',食/蛋類
'鹹 鴨蛋',食/蛋類
'麻辣 鵪 鶉 蛋',食/蛋類
'台式 麻油 煎蛋',食/蛋類
'鮮香 蒸 蛋捲',食/蛋類
'辣味醬 滷蛋',食/蛋類
'牧場 現 打 全蛋液',食/蛋類
'滑 嫩 牛奶 蒸 蛋羹',食/蛋類
'石鍋 蒸 蛋',食/蛋類
'金黃 煎蛋',食/蛋類
'起司 焗烤 蛋',食/蛋類
'天然 生 蛋黃',食/蛋類
'【 職人雞 】 動物 友善 無 抗 放牧 雞蛋',食/蛋類
'【 初 品果 】 x 富立 牧場 靈芝 機能 雞蛋',食/蛋類
'【 禾鴻 x 鈞安 牧場 】 專利 配方 鎂力 機能蛋',食/蛋類
'【 咱 兜ㄟ 養 雞場 】 金Q雞 皮蛋',食/蛋類
'【 咱 兜ㄟ 養 雞場 】 葉酸 寶貝 蛋 / 紅 殼',食/蛋類
'【 好 愛 雞 HAOAICHI 】 無 毒 の 白 殼 放牧 蛋',食/蛋類
'【 咱 兜ㄟ 養雞場 】 草本 DHA 機能蛋 / 紅 殼',食/蛋類
'【 初 品果 】 富立 牧場 靈芝 機能 雞蛋',食/蛋類
'【 初好蛋 】 零用藥 葉黃素 雞蛋',食/蛋類
'【 森良 洗選 蛋 】 機能 養生 蛋 首選 葉黃素 雞蛋',食/蛋類
'【 樂活 香檳茸 】 香檳茸 能量蛋',食/蛋類
'【 好 愛 雞 HAOAICHI 】 無 毒 の 白 殼 放牧 蛋',食/蛋類
'【 職人雞 】 動物 友善 無 抗 放牧 雞蛋',食/蛋類
'【 好愛 雞 HAOAICHI 】 無 毒 の 放牧 蛋',食/蛋類
'【 咱 兜ㄟ 養雞場 】 富硒蛋 / 白 殼',食/蛋類
'【 大野山雞 】 草 間 雞 放牧 土 雞蛋',食/蛋類
'【 咱 兜ㄟ 養雞場 】 嫣知 蝦紅素 機能 蛋 / 紅 殼',食/蛋類
'【 森良 洗選 蛋 】 台灣 養生 蛋 首選 - 葉黃素 雞蛋 ( 紅蛋 )',食/蛋類
'【 初好蛋 】 台灣 零用藥 葉黃素 雞蛋 ( 紅蛋 )',食/蛋類
'【 禾野 好 食 蛋 】 台灣 金盞花 飼養 葉黃素 雞蛋 ( 紅蛋 )',食/蛋類
'【 牧光 蛋品 】 優選 葉黃素 雞蛋',食/蛋類
'【 上豐 蛋品 冷藏 蛋黃液 四 罐 】 新鮮 香濃 蛋黃液',食/蛋類
'【 咱 兜ㄟ 養雞場 】 動物 福利 雙 機能 蛋 / 紅 殼',食/蛋類
'【 上豐 蛋品 蛋白液 四 罐 】 低 卡路里 易 打發 蛋白液',食/蛋類
'【 鮮悠 牧場 蛋 】 草本 飼養 葉黃素 雞蛋',食/蛋類
'【 禾野 好 食 蛋 】 金盞花 飼養 葉黃素 雞蛋',食/蛋類
'【 好愛 雞 HAOAICHI 】 無 毒 の 放牧 蛋 紅 殼',食/蛋類
'【 牧光 蛋品 】 台灣 優選 葉黃素 雞蛋 ( 紅蛋 )',食/蛋類
'【 鮮悠 牧場 蛋 】 台灣 草本 飼養 葉黃素 雞蛋 ( 紅蛋 )',食/蛋類
'【 大野山雞 】 草 間 雞 放牧 土雞蛋 放牧 土雞蛋',食/蛋類
'【 HAPPY HOUSE 】 白 殼 紅仁 鮮 雞蛋',食/蛋類
'【 福壽 生態 農場 】 本土 牧草 雞蛋',食/蛋類
'【 咱 兜ㄟ 養雞場 】 金盞花 飼養 機能 蛋 / 紅 殼',食/蛋類
'【 好愛 雞 HAOAICHI 】 無 毒 の 放牧 蛋 紅殼',食/蛋類
'醇 黑 巧克力 千 層',食/穀類
'培根 蛋餅',食/穀類
'元祖 燒 餃子',食/穀類
'玉米 水餃',食/穀類
'小路 蘋果 蛋糕',食/穀類
'水晶 巧克力 蛋糕',食/穀類
'可可雲朵 慕斯 蛋糕',食/穀類
'巧克力 牛奶 蛋糕',食/穀類
'岩漿 巧克力 蛋糕',食/穀類
'抹茶 熔岩 蛋糕',食/穀類
'松露 生 巧克力 蛋糕',食/穀類
'法式 千 層 蛋糕',食/穀類
'無花果 伯爵 蛋糕',食/穀類
'焦糖 起司 蛋糕',食/穀類
'葡萄乾 司康',食/穀類
'經典 起司 蛋糕',食/穀類
'諾曼地 牛奶 蛋糕',食/穀類
'壽司 大 綜合',食/穀類
'套餐 腿庫飯',食/穀類
'烤 地瓜',食/穀類
'現 蒸 地瓜',食/穀類
'統一 陽光 糙米漿',食/穀類
'QQ 白米飯',食/穀類
'日曬 葡萄 小 土司',食/穀類
'巧克力 菠蘿',食/穀類
'香蒜 起司 麵包',食/穀類
'壹號醬 炙烤 牛飯糰',食/穀類
'雙莓 乳酪 爆擊 貝果',食/穀類
'鹽 蔥燒肉 飯糰',食/穀類
'一 鍋 燒 - 滑蛋 嫩 雞 親子丼',食/穀類
'大納言 紅豆 鬆餅',食/穀類
'大 飯糰 辣醬 魷魚',食/穀類
'大 飯糰 韓式 烤 牛肉',食/穀類
'﻿ 大 飯糰 韓式 烤 牛肉',食/穀類
'小白 鹽味 飯糰',食/穀類
'手工 拔絲 麵包',食/穀類
'日式 稻荷 壽司',食/穀類
'芝麻 鐵觀音 鬆餅',食/穀類
'伯爵 可可 鬆餅',食/穀類
'起司 熱狗 雙享 麵包',食/穀類
'陽光 葡萄 土司',食/穀類
'熱狗 麵包',食/穀類
'醇濃 黑 巧 鬆餅',食/穀類
'濃 抹茶 麻吉 麵包',食/穀類
'藍莓 夾心 土司',食/穀類
刀削麵,食/穀類
'三 起司 燻 培根 焗 麵',食/穀類
'丸龜 製麵',食/穀類
'大口 美式 牛肉堡 飯糰',食/穀類
'大玉 成山 東 饅頭',食/穀類
'大玉 成 麩皮 饅頭',食/穀類
'大玉 成 鮮肉 包',食/穀類
'大芝心 海鮮 比薩',食/穀類
'飯糰 辣醬 魷魚',食/穀類
'飯糰 韓式 豆芽 烤 牛肉',食/穀類
魯肉飯,食/穀類
'大 飄香 魯肉飯',食/穀類
小麥粉,食/穀類
'小 龍蝦 魚卵 飯糰',食/穀類
'小 飄香 魯肉飯',食/穀類
'方型 白 吐司',食/穀類
'方塊 薯餅',食/穀類
'日安 可頌',食/穀類
'日式 蕎麥 沾麵',食/穀類
'日式 蕎麥 風味麵',食/穀類
'日式 燒肉堡',食/穀類
'日式 醬燒 炒麵',食/穀類
'木曜 - 秘製 炸醬麵 新 極 大 飯糰',食/穀類
'木曜 麻辣 小 龍蝦 新 極 大 飯糰',食/穀類
'爪哇 咖哩飯',食/穀類
'丹麥 起司 火腿',食/穀類
'不倒翁 Q 純 麵條',食/穀類
'古早味 油蔥 麵線',食/穀類
'古早味 乾 麵',食/穀類
'台酒 花雕 酸菜 牛肉麵',食/穀類
'台酒 花雕雞 麵',食/穀類
'台酒 紅標 米酒 麻油 雞麵',食/穀類
'台灣 東利多丸龜製 麵 烏龍麵',食/穀類
'夯 馬鈴薯',食/穀類
'巧克力 丹麥 鬆餅',食/穀類
'本 場 讚岐 烏龍麵',食/穀類
'正 逢 義大利麵 - 長麵',食/穀類
'﻿玉米 鍋貼',食/穀類
'石安 牧場 溏心蛋 飯糰',食/穀類
'光泉 米漿',食/穀類
'光泉 紫米 燕麥 糙米漿',食/穀類
'冰 黑糖 珍珠 燕麥 奶',食/穀類
'好時 - 巧克力 核桃 歐式 麵包',食/穀類
'好時 - 愛 餡 大亨 巧克力 軟 法',食/穀類
'宇治 金時 鬆餅',食/穀類
'有機 小麥粉',食/穀類
'有機 全麥粉',食/穀類
'有機 越光 米',食/穀類
'有機 裸麥 土司',食/穀類
'有機 麩皮 胚芽粉',食/穀類
'朴 大哥 - 泡菜 燒肉 三角 飯糰',食/穀類
'米果 綜合 果梅 味',食/穀類
'米堡 薑汁 燒 肉',食/穀類
'肉絲 黃金 蛋炒飯',食/穀類
'肉鬆 火腿 三明治',食/穀類
'芝麻 鰹魚 烏龍 冷 麵',食/穀類
老油條,食/穀類
'佛卡夏 - 田園 火腿',食/穀類
'貝比 馬鈴薯',食/穀類
'良質米 高雄',食/穀類
'里肌 百 匯 三明治',食/穀類
'京都 稻荷 壽司',食/穀類
'味王 王子麵',食/穀類
'呷 七 碗 櫻花蝦 炒 炊粉',食/穀類
'垂坤 - 海苔 鬆餅',食/穀類
'府城 鹽水 風味 意麵',食/穀類
'抹茶 紅豆 捲 餡 土司',食/穀類
'招牌 牛肉 拉麵',食/穀類
'招牌 乾麵',食/穀類
'招牌 鍋貼',食/穀類
'法吐 蔬菜 - 火腿',食/穀類
'法式 里肌 三明治',食/穀類
'法式 迷你 羊角',食/穀類
'法式 香濃 奶醬 海鮮 飯',食/穀類
'牧場 綜合 披薩',食/穀類
'茄汁 海鮮 義大利麵',食/穀類
'阜杭 豆漿 - 經典 飯糰',食/穀類
'青醬 蛤蜊 義大利麵',食/穀類
'青醬 雞肉 燉飯',食/穀類
'金脆 雞棒腿 便當',食/穀類
'金黃 波浪 地瓜 條',食/穀類
'林聰明 - 雞肉飯 飯糰',食/穀類
'炙烤 燒豚 烤飯糰',食/穀類
'炙燒 明太子 鮭魚 飯糰',食/穀類
'南義 火辣 牛哨子 筆尖麵',食/穀類
'哇沙米 黃金魚卵 海鮮 飯糰',食/穀類
'客製 燕麥 奶',食/穀類
'屋台 椒麻 特製 拉麵',食/穀類
'屋台 傳統 味玉 叉燒 拉麵',食/穀類
'星 - 板 巧克力 夾心 土司',食/穀類
'星 - 草莓 夾心 土司',食/穀類
'星— 明太子 龍蝦 風味 沙拉 飯糰',食/穀類
'星— 經典 肉鬆 飯糰',食/穀類
'星— 鮪魚 飯糰',食/穀類
'星— 雞肉飯 飯糰',食/穀類
'星— 北海道 秋鮭 親子 飯糰',食/穀類
'星— 經典 蜂蜜 鬆餅',食/穀類
'星— 大口 宮保 雞丁 飯糰',食/穀類
'星— 大 口 義式 香草 烤雞 飯糰',食/穀類
'星— 大滿足 香辣 涼麵',食/穀類
'星— 大滿足 麻醬 涼麵',食/穀類
'星— 日式 豬排 佐 咖哩 歐姆 蛋 燴飯',食/穀類
'星— 台式 麻醬 涼麵',食/穀類
'星— 奶油 培根 義大利麵',食/穀類
'星— 白酒 蛤蜊 義大利麵',食/穀類
'星— 明太子 乳香 義大利麵',食/穀類
'星— 青醬 雞肉 義大利麵',食/穀類
'星—金 咖哩 濃厚 辛辣 咖哩飯',食/穀類
'星— 炭香 燒 豚飯',食/穀類
'星— 炸醬 炒 泡麵',食/穀類
'星— 香草 雞排 佐 白醬 歐姆 蛋 燴飯',食/穀類
'星— 焗烤 燻 火腿 筆尖 麵',食/穀類
'星— 義式 蒜炒 雞腿排 義大利麵',食/穀類
'星— 嘉義 劉 里長 雞肉片飯',食/穀類
'星— 蕃茄 肉醬 義大利麵',食/穀類
'星— 醬燒 炙烤 親子丼',食/穀類
'星— 鐵板 滑蛋 炸豬排 丼',食/穀類
'星一 鹽水 意麵',食/穀類
'洪瑞珍 三明治',食/穀類
'炭火 燒 肉 飯糰',食/穀類
'炸 湯圓',食/穀類
'紅白 湯圓',食/穀類
'紅豆 麵包',食/穀類
'紅油 - 珍珠 抄手',食/穀類
'紅 蕃茄 海鮮 燉飯',食/穀類
'紅燒 牛肉麵',食/穀類
'美式 原味 熱狗 大亨堡',食/穀類
'韭菜 鍋貼',食/穀類
'風味 三明治 - 香燻 雞肉',食/穀類
'香米 白飯',食/穀類
'香拌 海鮮醬 肉絲 蛋炒飯',食/穀類
'香甜 玉米 蛋餅',食/穀類
'香酥 雞腿 便當',食/穀類
'香腸 雞肉飯 便當',食/穀類
'香蒜 金磚',食/穀類
'香蔥 油條',食/穀類
'香辣醬 雞肉 烤飯糰',食/穀類
'香濃 香蕉 巧克力 冰淇淋 鬆餅',食/穀類
'香雞 丹麥',食/穀類
'香鬆 起司蛋 三明治',食/穀類
'便當 100 元',食/穀類
'個人 比薩 豪爽餐',食/穀類
'原味 牛角',食/穀類
'唐山 排骨 便當 加 蛋',食/穀類
'夏威夷 鳳梨 雞肉 『 麵 』',食/穀類
'桂冠 奶油 培根 義大利麵',食/穀類
'桂冠 照燒 豬肉 炒 烏龍',食/穀類
'桂格 100\% 喝 的 燕麥',食/穀類
'桂格 堅果 燕麥 飲',食/穀類
'桂格 燕麥 堅果 飲',食/穀類
'桂格 顆粒 燕麥 飲',食/穀類
'氣冷雞 - 嘉義 雞肉 三角 飯糰',食/穀類
'泰式 椰汁 綠 咖哩 雞肉飯',食/穀類
'海陸 雙拼 壽司組',食/穀類
'海鮮 焗烤 貝殼麵',食/穀類
'烤 蕃薯',食/穀類
'烤 雞 生 吐司 三明治',食/穀類
'烤 雞 燻 腸 白醬 焗飯',食/穀類
'特 上 鵝肉飯',食/穀類
'秘香 大雞腿 便當',食/穀類
'起司 三 重奏 三明治',食/穀類
'起司 牛肉 可頌',食/穀類
'起司 里肌 可頌',食/穀類
'起司 馬鈴薯',食/穀類
'起司 熱狗 大亨堡',食/穀類
'起司 豬肉蛋 吐司',食/穀類
搖搖薯,食/穀類
'經典 大薯',食/穀類
'經典 中薯',食/穀類
馬鈴薯,食/穀類
'紐奧良 海鮮 飯',食/穀類
'乾 炒 牛肉 河粉',食/穀類
'排骨雞 風味 乾 麵',食/穀類
'排骨麵 / 無 骨',食/穀類
'晨光 GOLD 高纖 生 土司',食/穀類
'晨光 葡萄 土司',食/穀類
'現 烤 牛奶棒',食/穀類
'細 - 榨菜 肉絲麵',食/穀類
'菇菇 嫩 蛋 貝果堡',食/穀類
'豚骨 叉燒 拉麵',食/穀類
'野菇 蔬菜 燉飯',食/穀類
'雪 藏 生 巧 銅鑼 燒',食/穀類
'麥香 三明治 田園 火腿',食/穀類
'麥當勞 薯條',食/穀類
'麻油雞 燉飯',食/穀類
'麻香 口水雞 便當',食/穀類
'壹號醬 壽喜 燒 牛丼',食/穀類
'富貴 雙拼 燒臘飯',食/穀類
'富錦樹 - 剝皮 辣 蝦 滑蛋 燴飯',食/穀類
'御料 小 館 奶油 培根 義大利麵',食/穀類
'御料 小 館 番茄 肉醬 義大利麵',食/穀類
'御選 - 鮮 蝦 豚骨 拉麵',食/穀類
'御選 川辣 麻醬 雞絲 涼麵',食/穀類
'御選 肉鬆 飯糰',食/穀類
'御選 麻醬 雞絲 涼麵',食/穀類
'晶華 - 香 烤 魚排 佐 起司 青醬 燉飯',食/穀類
'椒麻 香蔥雞 涼拌麵',食/穀類
'椰子 麵包',食/穀類
'極 旨 黑 咖哩 牛飯',食/穀類
'極 饗 - 麻油 豬肉飯',食/穀類
'極 饗 - 滑蛋 牛肉 燴飯',食/穀類
'極 饗 - 奮起湖 軟燒肉 便當',食/穀類
'祼麥 核果 麵包',食/穀類
'統一 肉骨茶 碗',食/穀類
'統一 肉燥 風味',食/穀類
'統一 肉燥麵 碗',食/穀類
'統一 來 一 客杯 麵 - 韓式 泡菜 風味',食/穀類
'統一 麵包 紅豆 麵包',食/穀類
'統一 麵包 菠蘿 奶酥',食/穀類
'統一 麵包 菱格 香 菠蘿',食/穀類
'萬丹 紅豆 銅鑼 燒',食/穀類
'萬歲牌 米果 綜合',食/穀類
'超級 大麥 海洋 珍珠堡',食/穀類
'超級 大麥 燒肉 珍珠堡',食/穀類
'黃金 三明治',食/穀類
'黃金 脆薯',食/穀類
'黃燜雞 米飯',食/穀類
'黑松露 半 熟 蛋 披薩',食/穀類
'黑松露 嫩 蛋 三明治',食/穀類
'黑 胡椒 豬里肌 丹麥',食/穀類
'黑糖 牛角',食/穀類
'愛 餡 大亨 - 爆漿 菠蘿',食/穀類
'愛麵族 鍋 燒麵',食/穀類
'新極上 飯糰 - 冠軍 烏魚子',食/穀類
'楓糖 奶霜 鬆餅',食/穀類
'溏心蛋 紐奧良 風味 烤雞 三明治',食/穀類
'溫玉 鰻魚丼',食/穀類
'經典 滷肉飯',食/穀類
'義美 純淨 糙米',食/穀類
'聖 - 海苔 肉鬆 麵包',食/穀類
'聖 - 蜜糖 扁 可頌',食/穀類
'蒜味 中卷 墨魚 燉飯',食/穀類
'蒜味 牛肉麵',食/穀類
'蒜泥 白肉 便當',食/穀類
'蒲燒 玉子 鰻飯',食/穀類
蒸煮麵,食/穀類
'廣達 香 - 肉鬆 飯糰',食/穀類
'榨菜 肉絲 拉麵',食/穀類
'熔岩 奶皇 西多士 - 糖漿',食/穀類
'瑪格麗特 披薩',食/穀類
'瘋狂 起司 三明治',食/穀類
'綜合 捲 壽司',食/穀類
'蔥油 雞汁 拌 飯 飯糰',食/穀類
'蔥鹽 燒肉 飯糰',食/穀類
'銅鑼 燒 麻糬',食/穀類
'歐姆 蛋 牛肉 咖哩飯',食/穀類
'歐姆 蛋包飯',食/穀類
'熱壓 土司 里 肌肉蛋',食/穀類
'熱壓 土司 紐奧良 風味 烤雞',食/穀類
'蔬食 鮪魚 飯糰',食/穀類
'蕃茄 鮪魚 冷 義大利麵',食/穀類
'銷魂 雞肉飯',食/穀類
'燒鮭 親子丼',食/穀類
'營養 麵條',食/穀類
'優質 池上 飯',食/穀類
'總裁 牛肉麵 套餐',食/穀類
'霜降 松阪 豬 - 通心麵',食/穀類
'韓式 辛 牛 義大利麵',食/穀類
'韓式 炸雞 義大利麵',食/穀類
'韓式 燒肉 泡菜 飯糰',食/穀類
'韓國 麵包',食/穀類
'鮪魚 沙拉 吐司',食/穀類
'鮪魚 洋芋 溏心蛋 三明治',食/穀類
'鮪魚 起司 溏心蛋 三明治',食/穀類
'藍莓 乳酪 三明治',食/穀類
'藍莓 果粒 貝果',食/穀類
'藍莓 寒天 貝果',食/穀類
'燻鮭 雙享 丼',食/穀類
'燻雞 總匯 鮮蔬 三明治',食/穀類
'醬烤 飯糰',食/穀類
'醬燒 烤 雞 三明治',食/穀類
'雙倍 起司 火腿蛋 三明治',食/穀類
'雙 起司 火腿 蔥抓餅',食/穀類
'雙 蔬 鮪魚 飯糰',食/穀類
'雙 響 泡沙 茶鍋 燒',食/穀類
'雙響 泡擔仔湯麵',食/穀類
'雜糧 石鍋飯',食/穀類
'雞汁 油蔥 手工 麵線',食/穀類
'雞肉蛋 蓋 飯',食/穀類
'雞蛋 沙拉 三明治',食/穀類
'雞絲 蒜味 涼麵',食/穀類
雞魯飯,食/穀類
'鵝肉 湯麵',食/穀類
'爆漿 香蒜 餐包',食/穀類
'關東煮 科學麵',食/穀類
關廟麵,食/穀類
鐵板麵,食/穀類
'讚岐 烏龍麵',食/穀類
'【 GRANOLA GAGA 穀 卡卡 】 堅果 燕麥 脆片',食/穀類
'【 NISSIN 日 清 】 咚兵衛 油豆腐 烏龍麵',食/穀類
'【 QUAKER 桂格 】 免 浸泡 10 超纖 穀豆飯',食/穀類
'【 Weet-Bix 】 澳洲 全 穀 麥片 麥香 高纖',食/穀類
'【 中農 粉絲 】 寶鼎 頂級 百分之百 純 綠豆 粉絲',食/穀類
'【 同正 】 紅豆',食/穀類
'【 豆 之 家 】 翠果子 -MIDO 航空 米果',食/穀類
'【 泰山 】 100\% 無 添加 紅豆湯',食/穀類
'【 泰山 】 100\% 無 添加 綠豆湯',食/穀類
'【 泰山 】 紫米 紅豆湯',食/穀類
'【 義美 生機 】 台灣 紅豆茶',食/穀類
'【 翠果子 】 豆 之 家 日本 櫻花 開運 米果',食/穀類
'【 纖Q 】 紅豆水',食/穀類
'青菜 套餐',食/蔬菜類
'有機 金針菇',食/蔬菜類
'有機 雙響菇',食/蔬菜類
'活力 胡蘿蔔 產銷 履歷',食/蔬菜類
大白菜,食/蔬菜類
'大陸 A菜 產銷 履歷',食/蔬菜類
大黃瓜,食/蔬菜類
'小白菜 產銷 履歷',食/蔬菜類
'小 香菇',食/蔬菜類
'五彩 鮮蔬盤',食/蔬菜類
'手工 高麗菜捲',食/蔬菜類
'日本 櫛瓜',食/蔬菜類
冬雪菇,食/蔬菜類
'地瓜 葉',食/蔬菜類
'有機 三星蔥',食/蔬菜類
'有機 甘藍',食/蔬菜類
'有機 好友 菇',食/蔬菜類
'有機 紅蘿蔔',食/蔬菜類
'有機 黃豆芽',食/蔬菜類
'有機 黃秋葵',食/蔬菜類
'有機 黑木耳',食/蔬菜類
'有機 黑葉 白菜',食/蔬菜類
'有機 綠豆芽',食/蔬菜類
'有機 鴻禧菇',食/蔬菜類
杏鮑菇,食/蔬菜類
秀珍菇,食/蔬菜類
青江菜,食/蔬菜類
青椒串,食/蔬菜類
娃娃菜,食/蔬菜類
珊瑚菇,食/蔬菜類
'紅 鬚 帶殼 玉米筍',食/蔬菜類
'紅蘿蔔 產銷 履歷',食/蔬菜類
'柳松 菇',食/蔬菜類
'夏 雪菇',食/蔬菜類
海苔,食/蔬菜類
'特選 高山 有機 高麗菜',食/蔬菜類
'涼拌 秋葵',食/蔬菜類
'進口 大白菜',食/蔬菜類
'進口 洋蔥',食/蔬菜類
'進口 洋蔥粒',食/蔬菜類
'進口 蘿蔔',食/蔬菜類
猴頭菇,食/蔬菜類
絲瓜,食/蔬菜類
'絲瓜 產銷 履歷',食/蔬菜類
'越南 娃娃菜',食/蔬菜類
'溫室 小黃瓜 產銷 履歷',食/蔬菜類
'翠玉 娃娃菜',食/蔬菜類
'綠色 櫛瓜',食/蔬菜類
'精選 青椒',食/蔬菜類
'履歷 空心菜',食/蔬菜類
'履歷 綠竹筍',食/蔬菜類
'燙 青菜',食/蔬菜類
鮑魚菇,食/蔬菜類
'櫛瓜 產銷 履歷',食/蔬菜類
'鮮 採 杏鮑菇',食/蔬菜類
'鮮 採 黑木耳',食/蔬菜類
'嚴選 筊白筍',食/蔬菜類
'【 妮萃美 】 超級 蔬菜 & 超級 水果 膠囊',食/水果類
'【 家家 生醫 】 七 日 孅- 蜜桃 紅茶',食/水果類
'【 家家 生醫 】 七 日 孅- 港式 奶茶',食/水果類
'【 WANG 蔬果 】 智利 進口 大 顆 甜桃',食/水果類
'【 老農 手 摘 】 嘉義 義竹 天然 野生 桑葚果',食/水果類
'馬來西亞 D197 頂級 老欉 貓山王 榴槤',食/水果類
'【 WANG 蔬果 】 美國 肚臍丁',食/水果類
'【 WANG 蔬果 】 秘魯 秋 脆 綠 無 籽 綠葡萄',食/水果類
'【 皮果家 】 台灣 產 柿農 自製 柿餅',食/水果類
'【 甜露露 】 秘魯 秋 脆 綠 無 籽 葡萄',食/水果類
'【 屏東 檸檬 】 有 籽 檸檬',食/水果類
'美國 無 籽 砂糖 橘',食/水果類
'【 初品果 】 台南 北門 嚴選 哈蜜瓜 禮盒',食/水果類
'【 Fruit Go 馥果 】 紐西蘭 樂淇 蘋果',食/水果類
'【 金賞 】 泰國 正宗 特 濃 金 枕頭 榴槤',食/水果類
'【 水果 達人 】 特選 23A 茂谷柑',食/水果類
'【 黑貓 嚴選 】 五甲木 泰國 原生種 榴槤',食/水果類
'【 初品果 】 台東 知本 大目 釋迦 禮盒',食/水果類
'【 黑貓 嚴選 】 芳境 合作社 ★ 燈 照 頂級 36 MM 玉荷包 禮盒',食/水果類
'【 水果 達人 】 大 顆 特選 30 A 茂谷柑',食/水果類
'【 產地 直送 】 屏東 林邊 黑珍珠 蓮霧',食/水果類
'【 吉屋 商行 】 雲林 無花果',食/水果類
'【 Real Shop 】 大果 南投 信義鄉 青梅',食/水果類
'【 Real Shop 】 日本 佐賀 無 籽 蜜柑',食/水果類
'【 愛蜜果 】 溫室 玉女 牛奶 小 蕃茄',食/水果類
'【 每 日 宅 鮮 】 秘魯 秋 脆 綠 無 籽 葡萄 CaDiMe',食/水果類
'【 幸美 生技 】 花青 雙 黑 莓果 特惠組 黑醋栗',食/水果類
'【 幸福 酪梨 】 台灣 冷凍 酪梨塊',食/水果類
'【 WANG 蔬果 】 紐西蘭 Zespri 黃金 奇異果 家庭號',食/水果類
'【 小農 直 配 】 燕巢 牛奶 珍珠 芭樂',食/水果類
'【 Real Shop 】 韓國 空運 原裝 香印 麝香 葡萄',食/水果類
'【 黑貓 嚴選 】 芳境 合作社 ★ 兩 盒 特惠組 ★ 頂級 36 MM 玉荷包 禮盒',食/水果類
'【 WANG 蔬果 】 台灣 南投 信義鄉 大 顆 青梅',食/水果類
'【 水果 達人 】 紐西蘭 樂淇 櫻桃 小 蘋果',食/水果類
'【 WANG 蔬果 】 紐西蘭 皇家級 GALA 蘋果',食/水果類
'【 幸美 生技 】 台灣 冷凍 酪梨塊 3 公斤 組',食/水果類
'【 那 山 那人 那 果 】 卓蘭 溫室 東方 美人 小番茄',食/水果類
'【 盛花園 蔬果 】 雲林 西螺 牛 番茄',食/水果類
'【 WANG 蔬果 】 紐西蘭 Zespri 黃金 奇異果',食/水果類
'【 WANG 蔬果 】 越南 干堯 榴槤',食/水果類
'【 家購網 嚴選 】 屏東 枋寮 白玉 蓮霧',食/水果類
'【 每 日 宅 鮮 】 任選 $799 免 運 台灣 燕巢 芭樂',食/水果類
'【 愛蜜果 】 台東 鳳梨 釋迦',食/水果類
'【 光合果物 】 苗栗 大湖 香水 草莓',食/水果類
'【 Fruit Go 馥果 】 美國 砂糖 橘',食/水果類
'【 農頭家 】 高雄 內門 百香果 單 顆',食/水果類
'【 甜露露 】 紐西蘭 佳沛 黃金 奇異果',食/水果類
'【 果 之 家 】 冬季 限定 空運 智利 櫻桃',食/水果類
'【 初品果 】 美濃 達哥 紅蜜 小番茄',食/水果類
'【 Real Shop 】 美國 砂糖 橘',食/水果類
'【 每 日 宅 鮮 】 智利 白甜桃',食/水果類
'【 Real Shop 】 美國 富士蜜 蘋果 3A 等級',食/水果類
'紐西蘭 樂淇 蘋果',食/水果類
'【 水果 達人 】 綜合 水果 雙拼組',食/水果類
'【 盛花園 蔬果 】 彰化 特選 白肉 火龍果',食/水果類
'【 愛蜜果 】 大 顆 - 澳洲 空運 櫻桃 原裝 禮盒',食/水果類
'【 農民 直配 - 外銷 等級 】 高雄 燕巢 特 大 顆 芭樂',食/水果類
'【 Real Shop 】 美國 富士 蘋果 + 青森 蘋果汁 or 希望 之 露',食/水果類
'【 黑 貓 嚴選 】 芳境 合作社 玉荷包 禮盒',食/水果類
'【 水果 直送 】 黑珍珠 蓮霧',食/水果類
'【 永齡 選物 】 黃金 百香果 提盒',食/水果類
'【 農頭家 】 高雄 牛奶 蜜棗 禮盒',食/水果類
'【 台東 好釋 】 台東 太麻里 產銷 履歷 鳳梨 釋迦',食/水果類
'【 皮果家 】 高雄 大樹 新鮮 桑葚 果乾 桑椹 果乾',食/水果類
'【 初品果 】 高雄 美濃 產地 直送 橙 蜜 香 小番茄 禮盒',食/水果類
'馬來西亞 D197 正宗 貓山王 榴槤',食/水果類
'【 光合果物 】 產地 直 送 大湖 香水 草莓',食/水果類
'【 家購網 嚴選 】 屏東 黑珍珠 蓮霧',食/水果類
'【 仙菓園 】 日本 熊本 草莓',食/水果類
'【 農頭家 】 高雄 六龜 日陞 木瓜',食/水果類
'【 舒果 So Fresh 】 #28 s 日本 青森 紅顏姬 蘋果',食/水果類
'【 太麻里 38E 乳香 釋迦 】 台東 特級 太麻里 大目 釋迦',食/水果類
'【 初品果 】 產地 直 送 皮 薄 多汁 玉女 小番茄 禮盒',食/水果類
'【 初品果 】 枋山 阿憲 愛文 芒果 含 箱 重',食/水果類
'【 優鮮配 】 季節 限定 日本 空運 夢幻 草莓',食/水果類
'【 WANG 蔬果 】 日本 青森 紅蜜 蘋果',食/水果類
'【 Real Shop 】 臺灣 A級 黑珍珠 蓮霧',食/水果類
'【 每 日 宅 鮮 】 Kiwi berry 奇異果 寶寶 - 紐西蘭 迷你 奇異果',食/水果類
'【 愛蜜果 】 台灣 紅肉 火龍果',食/水果類
'【 舒果 So Fresh 】 #32 日本 金星 蘋果',食/水果類
'【 Real Shop 】 美國 華盛頓 宇宙 脆 蘋果',食/水果類
'【 愛蜜果 】 梨山 產 高山 雪梨 / 水梨',食/水果類
'【 水果 達人 】 鮮甜 多汁 無 籽 肚臍 丁',食/水果類
'【 水果 達人 】 台灣 一 級 巨峰 葡萄 禮盒',食/水果類
'【 初 品果 】 台南 梅嶺 新鮮 手採 梅子',食/水果類
'【 甜露露 】 加州 9.5 R 櫻桃',食/水果類
'【 Real Shop 真 食材 本 舖 】 日本 鹿兒島 春姬 金柑',食/水果類
'【 農民 直 配 】 台灣 嚴選 帝王 芭樂',食/水果類
'【 Fruit Go 馥果 】 紐西蘭 Rockit 樂淇 蘋果',食/水果類
'【 享 吃 鮮果 】 美濃 鮮 採 橙 蜜 香 小 蕃茄',食/水果類
'【 Real Shop 真 食材 本 舖 】 日本 和歌山 田村 中 金 蜜柑',食/水果類
'【 鮮果 日誌 】 蓮霧界 的 LV 黑糖 芭比',食/水果類
'【 WANG 蔬果 】 屏東 林邊 貴妃 白玉 蓮霧',食/水果類
'【 WANG 蔬果 】 空運 進口 新鮮 藍莓',食/水果類
'【 每 日 宅 鮮 】 日本 青森蜜 富士 蘋果',食/水果類
'【 舒果 So Fresh 】 日本 金星 蘋果',食/水果類
'【 Real Shop 】 秋 脆 無 籽 葡萄',食/水果類
'【 黑貓 嚴選 】 芳境 合作社 ★ 頂級 36 MM 玉荷包 禮盒',食/水果類
'【 金澤 旬鮮屋 】 泰國 冷凍 山竹',食/水果類
'【 Real Shop 】 越南 金枕頭 榴槤',食/水果類
'【 甜露露 】 加州 9R 櫻桃',食/水果類
'【 果樹 寶石 】 六龜 荖濃溪 畔 黑糖 芭比 蓮霧 大果',食/水果類
'【 Gold Thon 】 馬來西亞 老 樹 貓山王 榴槤 果肉',食/水果類
'【 甜露露 】 美國 宇宙 脆 蘋果',食/水果類
'【 我 在 枋山 種 芒果 】 光合菌 蜜雪 芒果 禮盒',食/水果類
'【 愛蜜果 】 新社 枇杷',食/水果類
'【 Real Shop 】 美國 肚臍 丁',食/水果類
'【 Real Shop 】 紐西蘭 迷你 奇異果 寶寶',食/水果類
'【 果氏 果園 】 日本 品種 鮮 採 黃金莓',食/水果類
'【 Fruit Go 馥果 】 日本 青森縣 蜜富士 蘋果',食/水果類
'【 WANG 蔬果 】 紐西蘭 Zespri 大 顆 黃金 奇異果',食/水果類
'【 初品果 】 拉拉山 水蜜桃 禮盒',食/水果類
'【 享 吃 鮮果 】 台灣 鮮採 水蜜桃',食/水果類
'【 e 果園 】 高雄 六龜 LV 級 黑糖 芭比 蓮霧 禮盒',食/水果類
'【 Real Shop 】 美國 華盛頓 宇宙 脆 蘋果',食/水果類
'【 Real Shop 】 紐西蘭 Zespri 特 大 顆 黃金 奇異果',食/水果類
'泰國 直 送 帶 殼 山竹',食/水果類
'【 每 日 宅 鮮 】 台灣 香蕉',食/水果類
'【 每 日 宅 鮮 】 美濃 金黃橙 蜜香 小番茄 禮盒',食/水果類
'【 農頭家 】 高雄 NG 牛奶 蜜棗',食/水果類
'【 初品果 】 產地 直 送 愛文 芒果',食/水果類
'【 埔里 一心 】 不 加 一 滴 水 鮮榨 百香果 原汁',食/水果類
'【 WANG 蔬果 】 智利 進口 甜桃',食/水果類
'【 Fruit Go 馥果 】 紐西蘭 樂淇 蘋果',食/水果類
'【 WANG 蔬果 】 紐西蘭 Zespri 特 大 顆 黃金 奇異果',食/水果類
'【 我 在 枋山 種 芒果 】 愛文 芒果 禮盒',食/水果類
'【 果 之 家 】 台南 七股 超甜 爆汁 網紋 紅肉 哈密瓜',食/水果類
'【 Real Shop 】 台灣 貴妃 玉荷包',食/水果類
'【 甜露露 】 加州 櫻桃',食/水果類
'【 光合果物 】 苗栗 大湖 香水 草莓',食/水果類
'【 樂淇 蘋果 ROCKIT 】 樂淇 蘋果',食/水果類
'【 甜露露 】 日本 青森 蘋果 綜合組 多 款 任選 蜜糖 金剛 / 蜜 富士',食/水果類
'【 Real Shop 】 Zespri 紐西蘭 黃金 奇異果',食/水果類
'【 農頭家 】 高雄 牛奶 蜜棗',食/水果類
'【 Real Shop 】 日本 空運 熊本 / 福岡 / 長崎 / 佐賀 產地 隨機 草莓',食/水果類
'【 愛蜜果 】 日本 青森蜜 富士 蘋果',食/水果類
'【 每 日 宅 鮮 】 臺灣 牛奶 蜜棗 禮盒',食/水果類
'【 初品果 】 美濃 達哥 雙色橙 蜜香 小番茄',食/水果類
'【 黑貓 嚴選 】 黑糖 芭比 蓮霧 禮盒',食/水果類
'【 Real Shop 】 韓國 麝香 葡萄 + 日本 熊本 草莓',食/水果類
'【 愛蜜果 】 日本 青森 蘋果',食/水果類
'【 水果 達人 】 特選 25 A 茂谷柑',食/水果類
'【 每 日 宅 鮮 】 黑珍珠 蓮霧',食/水果類
'【 黑貓 嚴選 】 芳境 合作社 ★ 兩 盒 特惠組 玉荷包 禮盒',食/水果類
'【 Real Shop 】 韓國 空運 原裝 香印 麝香 葡萄',食/水果類
'【 每 日 宅 鮮 】 義大利 kiwi 綠 奇異果',食/水果類
'住水 佔位 符 1',住/水
'住水 佔位 符 2',住/水
'住水 佔位符 3',住/水
'住水 佔位 符 4',住/水
'住水 佔位符 5',住/水
'住水 佔位 符 6',住/水
'住水 佔位符 7',住/水
'住水 佔位符 8',住/水
'住水 佔位符 9',住/水
'住水 佔位 符 10',住/水
'住水 佔位 符 11',住/水
'住水 佔位 符 12',住/水
'住水 佔位 符 13',住/水
'住水 佔位 符 14',住/水
'住水 佔位 符 15',住/水
'住水 佔位 符 16',住/水
'住水 佔位 符 17',住/水
'住水 佔位 符 18',住/水
'住水 佔位 符 19',住/水
'住水 佔位符 20',住/水
'住水 佔位 符 21',住/水
'住水 佔位符 22',住/水
'住水 佔位符 23',住/水
'住水 佔位 符 24',住/水
'住水 佔位 符 25',住/水
'住水 佔位 符 26',住/水
'住水 佔位 符 27',住/水
'住水 佔位 符 28',住/水
'住水 佔位 符 29',住/水
'住水 佔位符 30',住/水
'住水 佔位 符 31',住/水
'住水 佔位符 32',住/水
'住水 佔位符 33',住/水
'住水 佔位符 34',住/水
'住水 佔位 符 35',住/水
'住水 佔位 符 36',住/水
'住水 佔位 符 37',住/水
'住水 佔位 符 38',住/水
'住水 佔位 符 39',住/水
'住水 佔位符 40',住/水
'住水 佔位 符 41',住/水
'住水 佔位 符 42',住/水
'住水 佔位符 43',住/水
'住水 佔位符 44',住/水
'住水 佔位 符 45',住/水
'住水 佔位 符 46',住/水
'住水 佔位 符 47',住/水
'住水 佔位 符 48',住/水
'住水 佔位 符 49',住/水
'住水 佔位 符 50',住/水
'【 NEW BALANCE 】 NB 運動鞋 / 復古鞋 _ 男鞋 / 女鞋 _ 574/237/373/480/500 系列',衣/其它
'【 NEW BALANCE 】 NB 327/530 復古鞋 / 運動鞋 _ 女鞋 / 男鞋',衣/其它
'【 NEW BALANCE 】 NB 運動鞋 / 復古鞋 _ 女鞋',衣/其它
'【 adidas 愛迪達 】 BARREDA 休閒鞋 運動 休閒鞋 男鞋 / 女鞋',衣/其它
'【 adidas 愛迪達 】 X_PLR PATH & RUN FALCON 跑鞋 慢跑鞋 運動鞋 男鞋 / 女鞋',衣/其它
'【 NEW BALANCE 】 NB 童鞋 _ 男童 / 女童 _574 系列',衣/其它
'【 MIZUNO 美津濃 】 WAVE SKY 8 男女款 慢跑鞋',衣/其它
'【 SKECHERS 】 男女款 避震 緩衝 輕量 慢跑鞋 休閒 運動鞋',衣/其它
'【 MIZUNO 美津濃 】 SKY BLASTER 4 羽球鞋',衣/其它
'【 NIKE 耐吉 】 慢跑鞋 男鞋 運動鞋 緩震 REVOLUTION 7',衣/其它
'【 adidas 愛迪達 】 T-TOE 系列 運動 休閒鞋 * 精選 6 款',衣/其它
'【 NIKE 耐吉 】 Nike Air Force 1 LE GS 全 白 小白鞋 AF1 女鞋 大童 休閒鞋',衣/其它
'【 adidas 愛迪達 】 ADIZERO BOSTON 12 跑鞋',衣/其它
'【 NIKE 耐吉 】 童鞋 運動鞋 休閒鞋 慢跑鞋 男 女 大童 中童 小童 黑白 粉藍 魔鬼氈',衣/其它
'【 On 昂跑 官方 直營 】 路跑鞋 Cloud monster',衣/其它
'【 adidas 愛迪達 】 Samba OG 男女 運動 休閒鞋 德訓鞋 復古 三葉草 膠底 穿搭 白 深藍',衣/其它
'韓國 直 送 FLOZU 微 增高 牛皮 樂福鞋',衣/其它
'【 NEW BALANCE 】 NB 運動鞋 / 復古鞋 _ 男鞋 / 女鞋',衣/其它
'【 NIKE 耐吉 】 慢跑鞋 運動鞋 _ 男女 JOURNEY RUN INTERACT',衣/其它
'【 T2R 】 正韓 - 隱形 增高 真皮 網布 休閒鞋 - 多 任選',衣/其它
'【 NIKE 耐吉 】 運動鞋 休閒鞋 慢跑鞋 NIKE ZOOM VOMERO 5 男鞋 女鞋 白 灰 黑 復古',衣/其它
'【 adidas 愛迪達 】 GAZELLE INDOOR 運動 休閒鞋',衣/其它
'【 NEW BALANCE 】 237 女鞋 白 亞麻色 麂皮 拼接 緩衝 情侶鞋 休閒鞋',衣/其它
'【 LE COQ SPORTIF 公雞 】 GIEN 運動 慢跑鞋 休閒鞋 男鞋 女鞋',衣/其它
'【 NIKE 耐吉 】 童鞋 運動鞋 休閒鞋 學步鞋 毛毛蟲鞋 男鞋 女鞋 嬰 幼童 小童',衣/其它
'【 LE COQ SPORTIF 公雞 】 CANNES 抗 菌 防臭 鞋墊 運動鞋 休閒鞋 男鞋 / 女鞋',衣/其它
'【 NEW BALANCE 】 NB 373 系列 復古鞋 / 運動鞋 _ 男鞋 / 女鞋',衣/其它
'【 NIKE 耐吉 】 AIR FORCE 1 07 運動鞋 休閒鞋 男鞋 女鞋 白 FORCE',衣/其它
'【 NIKE 耐吉 】 慢跑鞋 女鞋 運動鞋 緩震 W REVOLUTION 7',衣/其它
'【 adidas 愛迪達 】 VL COURT BOLD 休閒鞋 運動 休閒鞋 女鞋',衣/其它
'【 NEW BALANCE 】 NB 童鞋 996 574 327 300 運動鞋 小 童鞋',衣/其它
'【 NEW BALANCE 】 NB 運動鞋 / 復古鞋 _ 女鞋',衣/其它
'【 PROJEXT 】 防 潑水 皮革 德訓鞋 復古 休閒鞋 抗 臭 鞋 小白鞋 男女鞋',衣/其它
'【 NEW BALANCE 】 NB 574 復古鞋 _ 中性 _ 奶杏色',衣/其它
'【 Keds 】 JUMP KICK DUO 運動 時尚 金 眼釦 皮革 厚 底 休閒鞋 - 香檳色',衣/其它
'【 Timberland 官方 旗艦 】 特談 - 男鞋 女鞋 低筒鞋 / 高筒鞋 / 休閒鞋',衣/其它
'【 adidas 愛迪達 】 SAMBA OG 運動 休閒鞋 德訓鞋 滑板 復古 女鞋 - Originals JR0035',衣/其它
'【 NIKE 耐吉 】 黑魂 黑武士 休閒鞋 運動鞋 NIKE ZOOM VOMERO 5 男女',衣/其它
'【 NIKE 耐吉 】 運動鞋 休閒鞋 女鞋 男鞋 WMNS AIR FORCE 1 07 全 黑 AF1',衣/其它
'【 adidas 愛迪達 】 TAEKWONDO MEI 運動 休閒鞋 跆拳道鞋 女鞋 - Originals JS0297',衣/其它
'【 MLB 】 老爹鞋 學長鞋 Chunky Liner 系列 洋基 / 紅襪隊',衣/其它
'【 NIKE 耐吉 】 TC 7900 仙女鞋 運動 女鞋 休閒鞋 增高 老爹 鞋 奶油白',衣/其它
'【 SKECHERS 】 男女款 避震 緩衝 輕量 運動鞋',衣/其它
'【 NEW BALANCE 】 NB 574 系列 復古鞋 / 運動鞋 _ 男鞋 / 女鞋',衣/其它
'【 NIKE 耐吉 】 運動鞋 休閒鞋 GAMMA FORCE 女鞋 平替版 AF1 厚底 增高 黑 白 藍',衣/其它
'【 Palladium 】 PAMPA HI ZIP ORGANIC 拉鍊 有機 棉靴 / 休閒鞋 - 男鞋 / 女鞋',衣/其它
'【 NEW BALANCE 】 NB 327 運動鞋 復古鞋 休閒鞋 男鞋 女鞋',衣/其它
'【 salomon 官方 直營 】 X ULTRA 360 EDGE Goretex 低筒 登山鞋',衣/其它
'【 adidas 愛迪達 】 慢跑鞋 運動鞋 緩震 GALAXY 6 W 男女',衣/其它
'【 UGG 】 女鞋 / 雪靴 / 涼鞋 / 運動鞋',衣/其它
'【 NIKE 耐吉 】 運動鞋 慢跑鞋 休閒鞋 女鞋 男鞋 NIKE V2K RUN Y2K 白 灰 藍 銀',衣/其它
'【 NIKE 耐吉 】 休閒鞋 潮流 百搭 男女 中性 P-6000',衣/其它
'【 FILA 】 男 / 女 慢跑鞋 運動鞋 復古鞋 小白鞋',衣/其它
'【 MLB 】 老爹鞋 Curve Runner 系列 道奇 / 洋基隊',衣/其它
'【 SKECHERS 】 男女款 避震 緩衝 輕量 休閒鞋 運動鞋',衣/其它
'【 NIKE 耐吉 】 】 休閒鞋 運動鞋 NIKE DUNK LOW 女鞋 黑白 黃 藍 米 紫 熊貓 魚 骨灰',衣/其它
'【 NIKE 耐吉 】 籃球鞋 Nike Sabrina 2 EP 女鞋 男鞋 緩震 實戰 低筒 白色 銀色',衣/其它
'【 NIKE 耐吉 】 運動鞋 女鞋 男鞋 休閒鞋 增高 老爹鞋 TC 7900 奶油白',衣/其它
'【 Ustini 】 我 挺 你 健康鞋 蹦蹦 接地鞋 男女版 排 靜電 X 免 綁 鞋帶 X',衣/其它
'【 FILA 】 男 / 女 慢跑鞋 運動鞋 復古 運動鞋',衣/其它
'【 Keds 】 品牌 特選 時尚 皮革 休閒鞋 系列',衣/其它
'【 NIKE 耐吉 】 運動鞋 慢跑鞋 休閒鞋 V5 W NIKE ZOOM VOMERO 5 女鞋 男鞋 白 灰黑 藍 咖',衣/其它
'【 Keds 】 品牌 特選 經典 休閒鞋 系列',衣/其它
'【 adidas 愛迪達 】 SAMBA OG 運動 休閒鞋',衣/其它
'【 EPT 】 Ept Court 復古鞋 黑白 焦糖 底',衣/其它
'【 LA NEW 】 輕便 神鞋 / 休閒 / 運動 / 慢跑鞋 / MIT 真皮 雙 帶 拖鞋 / 可 調 側釦 / 親膚 透氣',衣/其它
'【 adidas 愛迪達 】 ADIZERO ADIOS PRO 4 跑鞋',衣/其它
'【 MLB 】 厚底 老爹 鞋 增高鞋 Big Ball Chunky 系列 道奇 / 洋基隊',衣/其它
'【 Ustini 】 我 挺 你 健康鞋 - 豹 豹 極地 男女 版 ) 排 靜電 X 太極 底 慢跑',衣/其它
'【 UNDER ARMOUR 】 UA 官方 直營 Charged 系列 慢跑鞋 運動鞋 男鞋 女鞋',衣/其它
'【 ecco 】 北歐 精選 舒適 真皮 男女 休閒鞋 / 運動鞋',衣/其它
'【 TAS 極限 運動 】 中筒 韓版 雪地靴',衣/其它
'【 adidas 愛迪達 】 運動鞋 慢跑鞋 休閒鞋 男鞋 女鞋 SAMBA OG',衣/其它
'【 NEW BALANCE 】 NB 復古 休閒鞋 _ 男鞋 / 女鞋',衣/其它
'【 LA NEW 】 GORE-TEX INVISIBLE FIT 隱形 防水 運動鞋 / 真皮 質感 男 休閒鞋',衣/其它
'【 adidas 愛迪達 】 休閒鞋 運動鞋 經典 復古 SAMBA OG W 男女',衣/其它
'【 EPT 】 Ept Santos 復古鞋 麂皮 灰焦糖 底',衣/其它
'【 On 昂跑 官方 直營 】 休閒鞋 Cloud 6',衣/其它
'【 NIKE 耐吉 】 W Nike Air Force 1 Low 液態 溶解 黑 勾',衣/其它
'【 MLB 】 MONOGRAM 老爹 鞋 學長鞋 Chunky Liner 系列 紐約 洋基隊',衣/其它
'【 adidas 愛迪達 】 STADT 休閒鞋 運動 休閒鞋 男鞋 / 女鞋',衣/其它
'【 adidas 愛迪達 】 DAILY 休閒鞋 運動 休閒鞋 男鞋 / 女鞋',衣/其它
'【 AS 集團 】 復古 新 經典 LOGO 全 真皮 樂福 厚底鞋',衣/其它
'【 adidas 愛迪達 】 D-PAD 休閒鞋 運動 休閒鞋 男鞋 / 女鞋',衣/其它
'【 adidas 愛迪達 】 DURAMO 跑鞋 慢跑鞋 運動鞋 男鞋 / 女鞋',衣/其它
'【 adidas 愛迪達 】 GRAND COURT & BREAKNET 休閒鞋 運動 休閒鞋 男鞋 / 女鞋',衣/其它
'【 adidas 愛迪達 】 SAMBA OG 休閒鞋 運動 休閒鞋 德訓鞋 滑板 復古 男鞋 / 女鞋 - Originals B 75806',衣/其它
'【 J&H collection 】 經典 推薦 外出 老爹鞋 休閒鞋 運動鞋款 組合',衣/其它
'【 salomon 官方 直營 】 XA PRO 3D V9 Goretex 健野鞋',衣/其它
'【 Keds 】 KICKBACK 舒適 免 綁帶 皮革 休閒 小白鞋 - 白',衣/其它
'【 PUMA 】 Palermo Lth 德訓鞋 男鞋 女鞋 運動 復古 膠底 休閒鞋 ROSE 著用款',衣/其它
'【 NIKE 耐吉 】 休閒鞋 運動鞋 NIKE P-6000 男女',衣/其它
'【 On 昂跑 官方 直營 】 路跑鞋 Cloud surfer 2',衣/其它
'【 NIKE 耐吉 】 運動鞋 休閒鞋 AIR FORCE 1 07 男鞋 女鞋 黑白 藍綠 熊貓 膠底 AF1',衣/其它
'【 NIKE 耐吉 】 運動鞋 休閒鞋 COURT VISION LEGACY 女鞋 男鞋 小白鞋 黑白 灰 粉 奶茶 熊貓',衣/其它
'【 K-SWISS 】 時尚 運動鞋 小白鞋 Court Shield- 男女',衣/其它
'【 SCANDINAVIAN FOREST 北歐 小 刺蝟 】 CUTIE 515 / CUTIE 516 / 608 老爹鞋 / 挪威 森林 中筒靴',衣/其它
'【 NIKE 耐吉 】 運動鞋 休閒鞋 慢跑鞋 NIKE P-6000 DUNK 男鞋 女 灰 銀 黑白 黃 綠 復古',衣/其它
'【 CONVERSE 品牌 旗艦店 】 CTAS MOVE 女鞋 低筒 高筒 厚底 帆布鞋 休閒鞋',衣/其它
'【 adidas 愛迪達 】 STAN SMITH 休閒鞋 運動 休閒鞋 小白鞋 男 / 女 - Originals',衣/其它
'【 adidas 愛迪達 】 NY 90 休閒鞋 運動 休閒鞋 男鞋 / 女鞋',衣/其它
'【 NIKE 耐吉 】 Wmns Air Force 1 Mini Gold 休閒鞋 女 米白 小金勾 炫雅款',衣/其它
'【 ecco 】 丹麥 真皮 簡約 男女 休閒鞋 / 運動鞋',衣/其它
'【 On 昂跑 官方 直營 】 休閒鞋 Cloudtilt',衣/其它
'【 NCAA 】 拖鞋 洞洞鞋 男鞋 女鞋 雲朵鞋 水鞋',衣/其它
'【 NEW BALANCE 】 NB 530 運動鞋 復古鞋 情侶款 IU 同 款 男鞋 女鞋',衣/其它
'【 adidas 愛迪達 】 VL COURT 休閒鞋 運動 休閒鞋 男鞋 / 女鞋',衣/其它
'【 NIKE 耐吉 】 運動鞋 休閒鞋 慢跑鞋 COURT BOROUGH LOW RECRAFT 女鞋 大 童鞋',衣/其它
'【 On 昂跑 官方 直營 】 路跑鞋 Cloudmonster 2',衣/其它
'【 CONVERSE 】 RUN STAR TRAINER OX 低筒 流星 復古 運動鞋 休閒鞋 男鞋 女鞋 多色',衣/其它
'【 MLB 】 老爹鞋 學長鞋 Chunky Liner 休閒鞋 小白鞋',衣/其它
'【 adidas 愛迪達 】 SAMBA OG 休閒鞋 運動 休閒鞋 德訓鞋 滑板 復古 童鞋 - Originals IE3677',衣/其它
'【 UNDER ARMOUR 】 UA 官方 直營 慢跑鞋 運動鞋 Charged/ Phade 男鞋 女鞋',衣/其它
'【 NIKE 耐吉 】 運動鞋 休閒鞋 板鞋 COURT VISION 男鞋 女鞋 黑白 藍 熊貓 小麥色',衣/其它
'【 adidas 愛迪達 】 SAMBA OG 經典鞋',衣/其它
'【 DIADORA 】 女鞋 男鞋 運動鞋 跑步鞋 輕量 慢跑鞋 健走鞋',衣/其它
'【 NEW BALANCE 】 NB 童鞋 運動鞋 休閒鞋 慢跑鞋 魔鬼氈 574 996 373 中童 大童 多 色',衣/其它
'【 adidas 愛迪達 】 RACER TR23 跑鞋 慢跑鞋 運動鞋 男鞋 / 女鞋',衣/其它
